account_id,campaign_id,cost_micros,clicks,conversions,impressions,interactions,date
8181642239,6320590762,2026808398.5,1306.16,60.91,43749.27,1569.33,2024-08-16
8181642239,6862247394,16422492256.15,23500.07,656.22,1233332.0,28235.04,2024-08-16
8181642239,3162025308,86707293.36,268.44,3.12,60973.77,322.53,2024-08-16
8181642239,4957786229,285378219.0,269.34,3.2,5294.14,323.61,2024-08-16
8181642239,3045194241,6619119204.52,15608.16,178.81,1928904.95,18753.01,2024-08-16
8181642239,5471548278,52977360.0,127.91,2.09,12785.87,153.69,2024-08-16
8181642239,2435717692,619452358.97,510.75,8.35,26986.97,613.66,2024-08-16
8181642239,4482151361,430161240.0,732.35,33.4,14451.28,879.91,2024-08-16
8181642239,4150002374,82646547.0,186.47,5.22,6777.22,224.04,2024-08-16
4590233378,7770677599,233106356.72,137.82,4.18,260.99,131.01,2024-08-16
9565398844,8260044871,1850678453.56,919.94,68.83,5394.76,902.88,2024-08-16
9565398844,7551850760,539869528.57,671.76,25.73,2213.24,659.3,2024-08-16
9565398844,9316316207,5582428991.39,4073.48,289.29,30870.49,3997.95,2024-08-16
9565398844,5033693541,4032065933.6,14135.88,14.45,487674.25,167182.1,2024-08-16
9782017208,6945741994,101415591090.3,376791.51,78153.08,15247703.64,5255635.05,2024-08-16
5158673107,9127538030,71322627513.6,329656.85,939095.61,12059801.24,317365.49,2024-08-16
2338105289,5118711289,372796838.59,841.71,293.48,5483.56,824.18,2024-08-16
3374138392,8628650305,671996910.0,1156.72,8.11,54074.55,1076.36,2024-08-16
3223263586,2799572223,479285576.92,2727.62,73.46,89317.21,2275.75,2024-08-16
3356181707,5242907807,8708829760.4,6542.55,785.31,1209312.25,376415.0,2024-08-16
1035543794,6335684328,548971164.02,1817.03,23.15,123984.33,1691.31,2024-08-16
1035543794,3155687170,1056011026.08,2674.34,41.88,140291.29,2567.34,2024-08-16
1035543794,3673217045,590352803.93,1842.37,33.76,88392.41,1724.62,2024-08-16
1035543794,1029398724,4005746610.23,12547.13,200.44,866034.82,11650.03,2024-08-16
1035543794,4007318043,14625998789.72,38385.72,539.22,2859628.29,35662.48,2024-08-16
1035543794,2006217542,7062930414.16,19880.71,243.31,1063870.49,18451.52,2024-08-16
1035543794,5106183926,13148043595.04,22922.47,442.59,1293802.59,21280.49,2024-08-16
1035543794,6256206481,64317165.0,62.29,0.95,14565.62,57.81,2024-08-16
1035543794,6376026786,351869968.15,895.32,13.4,74098.88,830.96,2024-08-16
1035543794,9053347342,2334998005.25,4246.43,27.76,209041.3,3941.16,2024-08-16
1035543794,4703338973,58438161707.71,125479.72,1966.01,9435023.26,119447.85,2024-08-16
1035543794,8086386225,13426243467.1,36293.12,678.93,2532289.76,33692.88,2024-08-16
1035543794,7825458724,5501877180.0,15991.15,235.73,1142950.13,14841.57,2024-08-16
2656837900,3610702558,8150346060.16,74854.54,2900.66,105434.95,73462.2,2024-08-16
2656837900,5146812398,1525563876.11,5678.78,503.95,10908.86,5573.16,2024-08-16
2656837900,6541769165,4159056157.65,7299.52,129.29,154965.55,7163.74,2024-08-16
2656837900,5645259899,667608174.59,1546.02,20.31,34544.4,1517.27,2024-08-16
2656837900,1133120806,372019848.0,652.65,11.72,24474.47,640.51,2024-08-16
2656837900,5453948382,98912904.0,139.04,3.68,3467.3,136.45,2024-08-16
2656837900,6335643178,92796169.46,104.8,0.92,2546.09,102.85,2024-08-16
2656837900,3054858538,7834152.0,46.69,0.0,1891.6,45.82,2024-08-16
2656837900,9764154719,2022769495.64,3893.08,76.19,112849.07,3820.66,2024-08-16
2656837900,9686786580,895824594.64,783.39,24.4,25379.6,768.82,2024-08-16
8842840036,2536633717,1203403264.63,4623.22,177.0,273948.11,4176.78,2024-08-16
8842840036,6295533226,3294511357.61,7827.17,284.12,625393.28,7164.45,2024-08-16
8842840036,5833357753,802188638.61,4065.84,133.94,270200.67,3681.01,2024-08-16
8842840036,2183479825,505848403.08,1788.8,64.34,124946.66,1615.91,2024-08-16
4126844175,7977352067,217273719.0,4634.13,194.96,6523.73,4962.98,2024-08-16
4126844175,5691510087,116560704.0,500.78,3.03,4338.82,536.32,2024-08-16
4126844175,6417982894,142357371.0,305.52,6.07,5727.64,327.2,2024-08-16
4126844175,4708428367,113507147.0,188.73,12.05,621.0,202.12,2024-08-16
4126844175,8400772362,75505313.0,100.9,1.03,2568.82,108.06,2024-08-16
9058771111,6989875358,1377235377.5,868.53,23.08,9154.18,772.64,2024-08-16
9058771111,1014702892,3143534506.65,7291.95,146.2,441872.63,6494.19,2024-08-16
7658197888,8092448106,105210447.53,411.67,20.71,19683.32,447.23,2024-08-16
3886905599,3438720752,934516093.25,2431.98,60.05,97465.13,2238.49,2024-08-16
9218342578,8783617718,156011896.62,631.81,17.87,25958.12,668.82,2024-08-16
9218342578,5102935462,36576226.0,384.22,7.06,2105.57,406.14,2024-08-16
3487944451,9563956867,94212489.72,112.56,2.69,902.41,119.41,2024-08-16
1757896755,3355555497,1204419997.91,2156.52,40.65,12037.34,1977.41,2024-08-16
1757896755,2188364055,884376229.76,1572.89,32.42,6094.56,1442.25,2024-08-16
4695215334,9515395501,8894676149.74,2195.16,101.91,19188.56,2332.61,2024-08-16
4695215334,6209641996,679316534.61,71.0,4.64,1630.37,75.45,2024-08-16
4695215334,3340990657,1158853108.2,436.7,15.55,71913.33,1293.94,2024-08-16
3618949692,9761106737,157449590.16,295.88,1.07,19316.48,415.44,2024-08-16
3618949692,7607908731,419927508.0,265.41,35.29,498.75,281.12,2024-08-16
3618949692,9889247505,249138870.29,348.96,0.0,15832.5,521.64,2024-08-16
3539058667,7442020486,54323674.0,46.86,15.05,246.44,47.52,2024-08-16
2830511829,2775846739,54941565.0,24.87,0.96,173.68,22.69,2024-08-16
2344918624,4872611956,55880220.0,33.95,14.17,104.19,32.77,2024-08-16
1638662180,4804931645,269112144.0,125.7,2.74,450.32,112.41,2024-08-16
1638662180,9777032190,351472128.0,76.28,2.73,1330.7,68.22,2024-08-16
1638662180,6882682666,269970400.0,54.79,0.0,995.49,49.0,2024-08-16
1638662180,7964728188,1188489008.0,221.33,10.04,556.22,197.92,2024-08-16
1638662180,5480325824,132060235.31,89.18,3.65,2816.11,144.12,2024-08-16
1638662180,1002745375,1398446672.0,242.81,10.94,689.75,217.14,2024-08-16
1638662180,8560017980,334747010.86,4729.51,172.18,25449.99,4230.4,2024-08-16
6718405214,6161657281,45746272.92,25.23,3.0,224.08,27.16,2024-08-16
5982728792,7341917791,229768433.11,190.16,14.66,1896.43,187.59,2024-08-16
3963576121,3837806828,763520722.74,821.84,9.48,2887.42,729.92,2024-08-16
3963576121,7131081197,177298030.0,228.53,2.85,1125.77,202.97,2024-08-16
3963576121,6505395551,144814670.0,194.19,5.7,955.81,172.47,2024-08-16
3963576121,5268390668,77032865.0,101.93,1.84,743.85,90.53,2024-08-16
3963576121,1718619365,130731068.7,244.62,0.95,813.84,217.26,2024-08-16
7963919960,6232421926,1652631732.62,3180.08,0.0,36091.76,3592.43,2024-08-16
3059796702,3746782976,5157182841.34,27314.32,5499.8,6586337.11,105014.76,2024-08-16
3059796702,6514982789,3835352125.92,18761.74,5224.47,4896149.72,146658.39,2024-08-16
3059796702,2000353642,3320591783.72,3718.85,951.32,249025.93,118228.97,2024-08-16
3059796702,6995508442,1146433364.89,333.92,0.99,214871.24,74879.9,2024-08-16
2902900350,3851777118,4585308112.0,18137.89,936.27,1395119.06,20676.57,2024-08-16
2902900350,6323160974,35744717807.22,25925.52,449.46,1823989.3,29555.25,2024-08-16
2902900350,4009336267,1008301724.89,1290.55,26.61,100725.28,1471.18,2024-08-16
2902900350,2551761952,4212098987.17,5648.11,66.9,431609.36,6452.34,2024-08-16
2902900350,6843997094,10442522812.04,9049.54,151.84,502906.27,10316.17,2024-08-16
2902900350,9540439464,5872387489.78,10026.93,267.55,811091.61,11947.42,2024-08-16
2902900350,4364406935,3120231922.33,5385.75,67.72,265930.98,6139.57,2024-08-16
2902900350,9437400903,12044803852.44,21753.64,445.81,1080600.01,25815.69,2024-08-16
2902900350,5274518868,34307740537.69,47807.57,2017.73,3078600.19,54514.77,2024-08-16
2902900350,6660883269,6447958060.56,8420.44,245.94,481785.15,9604.27,2024-08-16
2902900350,9900733606,1392636687.66,3002.35,47.92,191638.41,4279.8,2024-08-16
2902900350,4222861796,2293289537.0,11290.68,221.58,895840.71,12870.99,2024-08-16
2902900350,9564966568,14776446300.0,92966.61,1370.66,5640595.48,105978.72,2024-08-16
2902900350,9875099280,8554732494.73,8322.51,86.76,544876.82,9508.44,2024-08-16
2902900350,5659926465,24989508368.66,24416.96,338.22,1305781.53,28170.42,2024-08-16
2902900350,6070159021,7402659762.24,6275.37,67.83,461836.64,13739.8,2024-08-16
2902900350,2154850971,11049197479.49,14496.27,305.14,1466397.79,16753.77,2024-08-16
2902900350,7843453157,24228992516.71,47681.01,1071.4,2439153.03,61173.53,2024-08-16
2902900350,7319587305,41995981094.68,124989.22,1587.5,6901027.0,142494.96,2024-08-16
2902900350,8689647858,14573118263.24,30872.47,632.63,2206937.87,44366.05,2024-08-16
2902900350,1441569885,4690696411.16,10471.27,290.33,729242.22,12020.08,2024-08-16
2902900350,3080256802,5654760767.39,9433.85,214.37,749644.22,11657.82,2024-08-16
2902900350,1382800122,15995896274.7,21817.38,367.52,977159.85,28947.61,2024-08-16
2902900350,7295659962,16227157483.02,27021.15,639.17,1652363.03,31287.6,2024-08-16
2902900350,7880987373,9180589236.87,8383.49,120.46,516731.15,9560.04,2024-08-16
2902900350,5836109068,6427244030.82,15719.38,289.81,1222209.08,17983.79,2024-08-16
2902900350,2537172895,11601958418.03,24659.92,455.87,1325858.31,34437.42,2024-08-16
2902900350,2621285565,10289960513.89,19607.66,461.0,1028661.77,22352.05,2024-08-16
2902900350,9205575678,16838489849.96,40695.24,804.35,2422401.17,46446.98,2024-08-16
5568905640,8331341244,1187535706.0,785.72,27.23,28240.42,814.28,2024-08-16
5568905640,1872370317,328599556.0,424.84,13.99,20567.81,440.28,2024-08-16
5568905640,1363631853,2067619858.96,2035.42,51.77,92360.54,2109.4,2024-08-16
5568905640,1593605248,367217104.0,622.46,28.58,24769.81,645.09,2024-08-16
5568905640,4639177609,338530573.0,369.47,9.12,11148.13,382.9,2024-08-16
5568905640,4561323400,81947027.0,99.29,0.0,4245.13,102.9,2024-08-16
2062913176,5994436383,0.0,0.0,0.0,1.02,0.0,2024-08-16
1035543794,5209603741,0.0,0.0,0.0,20.27,0.0,2024-08-16
1035543794,3916994297,0.0,0.0,0.0,2.13,0.0,2024-08-16
1035543794,7804995364,0.0,0.0,0.0,3.2,0.0,2024-08-16
2656837900,7483745038,0.0,0.0,0.0,23.65,0.0,2024-08-16
2997065377,3597257053,0.0,0.0,0.0,11.63,0.0,2024-08-16
2756827689,8686296931,58599844.4,0.9,0.0,24778.48,3598.69,2024-08-16
2656837900,3550027521,86208.0,1.04,0.0,2.84,1.02,2024-08-16
9058771111,3686760545,15788164.0,1.04,0.0,35.77,0.92,2024-08-16
5073206805,5773681103,1812135.0,1.98,0.0,55.58,1.86,2024-08-16
4695215334,5670229680,952190.73,1.95,0.0,57.35,2.07,2024-08-16
5073206805,2007092724,2499817.0,2.97,0.97,34.36,2.79,2024-08-16
4695215334,1560803611,17841024.0,2.92,0.0,31.75,3.1,2024-08-16
5568905640,9425145730,2323692.0,2.86,0.0,91.18,2.97,2024-08-16
5073206805,7805181019,3475582.0,3.97,0.97,52.55,3.71,2024-08-16
3618949692,5988888032,3615612.0,3.93,0.0,35.56,4.16,2024-08-16
2212125296,6652402212,34171056.0,5.09,0.0,12.68,4.75,2024-08-16
5073206805,5289529658,10649778.0,5.95,0.0,54.57,5.57,2024-08-16
3618949692,8137933576,10677975.0,5.9,0.0,29.18,6.25,2024-08-16
5007176908,8561532843,33054756.0,6.28,5.11,98.19,5.56,2024-08-16
3066661500,6001398777,15993364.0,5.8,1.04,12.84,6.13,2024-08-16
5568905640,2484790428,1097299.0,5.73,0.0,264.71,5.94,2024-08-16
6718405214,5676893728,10395275.0,7.21,2.0,46.04,7.76,2024-08-16
6718405214,7204879074,53710450.0,7.21,2.0,23.53,7.76,2024-08-16
3963576121,4049338638,5975515.0,9.66,0.14,42.99,8.58,2024-08-16
5073206805,6901228337,9283707.0,9.91,0.97,82.87,9.29,2024-08-16
2656837900,7531249950,4213416.0,11.41,0.0,267.66,11.2,2024-08-16
3618949692,6102236756,9058896.0,11.8,0.0,62.0,12.49,2024-08-16
5007176908,2099106863,36160572.0,13.61,3.06,116.6,12.05,2024-08-16
6718405214,2971276534,46021800.0,11.71,6.0,69.58,12.61,2024-08-16
4996588654,6507606882,16476460.0,12.39,0.48,187.91,12.88,2024-08-16
3618949692,3939496697,21971796.0,13.76,0.0,63.83,14.58,2024-08-16
3618949692,2996242952,40794831.0,14.74,1.07,159.56,15.62,2024-08-16
2212125296,5303867796,337280722.02,15.27,0.0,298.38,14.24,2024-08-16
3963576121,7420259622,13269620.0,16.09,0.95,108.98,14.29,2024-08-16
2656837900,1999681134,1972008.0,17.64,0.92,547.62,17.31,2024-08-16
1638662180,2069508464,95060000.0,23.64,0.0,265.22,21.14,2024-08-16
5568905640,4603077000,23006395.0,21.0,1.02,566.67,21.77,2024-08-16
1035543794,4088242496,10713543.51,28.51,0.95,320.1,26.46,2024-08-16
2997065377,9302634944,50487492.0,28.13,6.56,81.39,26.58,2024-08-16
2344918624,1365052247,57824160.0,29.57,10.9,86.99,28.54,2024-08-16
6718405214,2581093323,90304937.5,27.03,6.0,121.76,29.1,2024-08-16
5568905640,2271181821,7681093.0,31.51,0.0,768.63,32.65,2024-08-16
8413258295,7882511121,13505466.0,35.25,1.0,190.38,31.17,2024-08-16
8181642239,4167772456,14755314.0,31.53,2.09,6891.71,37.88,2024-08-16
6718405214,8161416823,23592329.84,31.53,4.0,805.26,33.95,2024-08-16
2344918624,4756340523,72870900.0,39.43,26.15,130.0,38.05,2024-08-16
6718405214,6812363746,373699915.3,32.43,11.0,427.7,34.92,2024-08-16
1638662180,1631498127,129205552.0,39.75,0.0,146.42,35.55,2024-08-16
1035543794,1297958966,9897799.67,40.12,0.0,2339.93,74.47,2024-08-16
4695215334,1416940205,52622208.0,37.93,1.03,475.18,40.31,2024-08-16
7861628118,9265482416,89306704.4,38.35,0.0,608.61,40.35,2024-08-16
3963576121,4649654302,24561355.0,42.92,1.9,245.95,38.12,2024-08-16
4590233378,1343337661,83262501.72,46.66,0.0,17924.28,44.36,2024-08-16
8181642239,9163592519,23485386.0,39.64,1.04,4448.18,47.62,2024-08-16
7861628118,6246467046,108486280.0,42.19,0.0,348.75,44.38,2024-08-16
4695215334,5058988802,74987373.95,42.79,8.25,2774.29,45.47,2024-08-16
5568905640,2418257795,17104955.0,45.83,0.0,1657.86,47.49,2024-08-16
3963576121,2018290331,60424910.0,59.01,1.87,240.95,52.41,2024-08-16
1638662180,6680596439,232326640.0,62.32,0.0,298.37,55.73,2024-08-16
5568905640,9167149395,46566050.0,61.1,0.0,2278.45,63.32,2024-08-16
3539058667,7210705544,75421291.0,65.8,35.48,386.83,66.73,2024-08-16
2656837900,2330044393,45612227.15,94.42,5.5,263.88,92.67,2024-08-16
5007176908,4060656352,230929040.0,104.67,27.58,322.18,92.69,2024-08-16
8181642239,2667915214,69989808.0,91.88,1.04,4670.8,110.39,2024-08-16
1035543794,4158584440,53158865.84,107.69,0.0,4835.64,99.95,2024-08-16
1035543794,6006600124,31471332.01,107.69,0.0,9757.72,103.87,2024-08-16
1638662180,3469060944,313209120.0,109.59,3.19,415.33,98.0,2024-08-16
4695215334,7231652811,355978368.0,112.82,14.28,184.34,119.89,2024-08-16
5568905640,5151825186,53260496.0,110.75,3.07,13910.9,114.77,2024-08-16
1638662180,8711863664,164137791.23,135.37,0.91,4027.1,353.57,2024-08-16
1638662180,6213426389,314624504.73,151.49,2.74,4689.22,178.71,2024-08-16
1638662180,9043239951,241756592.0,153.64,14.19,577.4,137.39,2024-08-16
9565398844,5063768715,873899242.1,135.28,23.0,5720.24,132.78,2024-08-16
5568905640,1757450490,214941510.0,139.39,6.97,6594.17,144.45,2024-08-16
3539058667,2770179294,1302132445.57,153.54,96.75,2270.48,155.71,2024-08-16
8181642239,1658361479,184385463.0,147.73,4.21,7229.88,177.5,2024-08-16
2656837900,8763695616,135443544.0,179.5,3.12,9789.03,176.17,2024-08-16
7220654458,4411942258,21320625.0,174.86,115.8,339.7,164.82,2024-08-16
7192602240,5686559060,869391695.87,541.6,9.6,1196.45,554.25,2024-08-16
2009937203,1226427383,513348950.68,375.22,11.17,14723.33,766.03,2024-08-16
2009937203,8374222542,1895893.88,0.0,0.0,107.62,33.63,2024-08-16
2009937203,3322867880,32996052.0,31.78,2.06,727.78,32.57,2024-08-16
9061489677,9205970254,281557462.41,15.12,0.0,899.45,13.51,2024-08-16
9061489677,3538890159,64840542.0,21.6,1.07,463.23,19.3,2024-08-16
9061489677,5086670297,212846127.0,30.24,0.0,902.45,27.02,2024-08-16
6096057999,5336250406,5443098168.39,888.05,12.9,10568.75,884.96,2024-08-16
6096057999,5662612239,3574089236.22,485.86,5.37,16596.47,484.17,2024-08-16
6096057999,4071969044,282420856.0,50.4,1.07,1978.5,50.22,2024-08-16
6096057999,5799105975,72544360.0,19.15,0.0,231.56,19.09,2024-08-16
7954325167,9562350162,785231024.0,172.93,12.53,1496.79,179.1,2024-08-16
7954325167,3348231639,841915144.0,165.24,24.36,1443.48,171.14,2024-08-16
7954325167,6024835393,198798930.57,1248.91,113.37,25314.24,2050.7,2024-08-16
7954325167,3042509830,613965216.18,244.98,12.8,9988.52,426.86,2024-08-16
7954325167,8273398625,395567046.6,102.79,2.13,3082.78,526.36,2024-08-16
7954325167,9112595358,1401088064.62,710.92,22.4,13871.98,996.0,2024-08-16
7954325167,4107157191,275384338.5,25.94,0.0,58017.09,49228.62,2024-08-16
7954325167,8120927038,538133436.0,184.45,8.53,2797.77,191.04,2024-08-16
5220099305,1536834826,495864400.85,211.76,8.78,914.89,196.28,2024-08-16
2908459842,2136298600,530570094.09,352.15,17.51,10722.88,512.35,2024-08-16
6617865151,8057753435,337166592.0,205.2,33.13,5320.96,180.97,2024-08-16
6617865151,6882971632,223725841.45,985.82,96.85,38824.51,1256.24,2024-08-16
4434935446,6596566440,563192764.0,622.68,145.1,27601.09,4596.3,2024-08-16
4434935446,2989226273,113030773.36,42.25,30.75,3312.66,68.68,2024-08-16
4434935446,2809867366,177632879.35,83.57,76.87,3252.93,248.82,2024-08-16
4434935446,5286511252,442085194.54,478.49,85.52,6859.5,784.3,2024-08-16
4434935446,8765422900,538798838.78,598.8,141.25,12456.14,1286.92,2024-08-16
4434935446,1031513478,32715192.8,41.33,7.69,6862.35,344.37,2024-08-16
4434935446,7405087840,27541691.94,47.76,149.9,8548.07,415.04,2024-08-16
4434935446,4272868800,21043651.9,22.96,8.65,2359.82,239.87,2024-08-16
4434935446,2872857606,3026584854.0,1843.23,628.43,13209.88,1997.57,2024-08-16
1885813372,7572935085,5001762476.62,5311.28,3.46,242535.71,18154.52,2024-08-16
1885813372,9124640780,2799714909.64,12103.05,6.49,462794.37,13084.61,2024-08-16
1885813372,4649087835,672922522.79,1267.29,15.65,44518.31,10340.16,2024-08-16
1885813372,8861196821,427298867.62,628.67,11.03,74009.79,14382.52,2024-08-16
1885813372,9726459960,99232011.61,1005.27,118.95,25960.71,1104.03,2024-08-16
1885813372,5860913558,125430422.95,1284.23,121.37,29340.53,2269.45,2024-08-16
1885813372,2919834992,86961481.53,944.49,144.45,21856.15,1032.94,2024-08-16
1885813372,6390010854,74039661.98,694.42,174.62,16797.54,755.05,2024-08-16
1885813372,1904128808,135272027.94,1295.19,187.88,37890.25,1416.39,2024-08-16
9095094092,5229776415,72223253.04,111.16,0.97,3968.28,141.55,2024-08-16
9095094092,6332235627,521981496.0,97.86,2.92,1353.01,97.85,2024-08-16
2600150899,3102770371,2301787945.67,2411.58,1463.56,34352.27,2381.46,2024-08-16
2600150899,2876450235,3087157500.0,2449.33,29.59,13659.67,2418.74,2024-08-16
7722700863,9166150971,21554856.0,18.46,0.0,382.17,16.88,2024-08-16
7722700863,5098683393,108583544.0,105.31,0.0,944.56,96.3,2024-08-16
3020795441,9090566929,1255327392.1,949.89,81.31,13282.38,973.48,2024-08-16
6896348925,2843321247,294114015.0,876.08,5.53,14914.68,837.64,2024-08-16
9566447651,7569006169,1308694730.0,338.71,20.97,28787.23,331.68,2024-08-16
2977761935,6460405104,1358242423.72,23974.79,92.59,809802.44,23319.69,2024-08-16
3086145695,3460617103,718686218.35,1641.08,13.86,10005.2,1470.25,2024-08-16
3086145695,5853075766,5676568608.5,5412.59,31.8,28252.94,4849.15,2024-08-16
3086145695,6475291845,8506706738.61,8285.01,137.63,668384.27,12887.0,2024-08-16
3086145695,5320558629,34493410343.37,26479.12,171.19,2593397.96,94278.34,2024-08-16
3086145695,2019965934,59289942.0,53.07,0.75,1012.24,47.55,2024-08-16
3086145695,1428400726,3895477662.35,12280.49,183.53,18298.14,11002.12,2024-08-16
3086145695,3407199007,1885608359.17,2481.79,71.01,4348.04,2223.44,2024-08-16
3086145695,4943986886,480604038.62,7442.18,3979.31,222161.92,6667.46,2024-08-16
5082057286,8231113788,189333977.55,87.29,0.16,406.46,90.53,2024-08-16
5082057286,5918784997,251376578.5,306.01,0.63,33520.87,334.03,2024-08-16
5082057286,8222004527,68272794.0,37.12,0.17,270.31,38.5,2024-08-16
5128952228,1236415031,23956975867.66,227.52,36.66,5921.65,1576.06,2024-08-16
5128952228,8051023404,1904301058.3,52.74,1.06,2097.96,87.78,2024-08-16
7757875170,5136913048,43873455401.24,702.34,1218.62,33892.99,758.87,2024-08-16
7757875170,1384237602,17594614347.4,275.63,535.48,10939.16,297.81,2024-08-16
7757875170,3007461228,105478040720.0,999.94,10.56,3281.0,1080.42,2024-08-16
7757875170,1848559060,578582597221.23,2950.39,73.72,21594.88,3187.85,2024-08-16
7757875170,1507696332,754537766496.64,4019.01,112.51,160133.44,26847.37,2024-08-16
7757875170,9729384781,104336853583.26,1069.54,38.01,14342.16,1155.62,2024-08-16
7757875170,2161496164,49170685424.58,2886.29,1507.04,97581.48,3341.2,2024-08-16
7757875170,5054035183,31054370334.18,4373.38,1466.75,197350.6,4725.37,2024-08-16
7757875170,9072185700,151448686001.1,857.1,8.36,72235.41,35581.79,2024-08-16
4571331389,1451502199,71553622374.24,193.02,2.97,38746.99,2022.68,2024-08-16
4571331389,9138097200,18917693361.0,91.96,17.57,386.6,97.39,2024-08-16
4571331389,4625717420,1739121287.25,3.03,0.0,692.01,11.77,2024-08-16
8018066855,4788459244,221966018411.48,306.28,141.8,26477.0,11666.46,2024-08-16
2009975355,6160307749,33380063337.56,71.75,10.23,454.15,72.73,2024-08-16
2009975355,9957291008,39557275238.6,61.92,8.09,424.51,62.77,2024-08-16
5171899165,3249635971,3826676921.61,1371.69,350.63,4085.38,1194.28,2024-08-16
5171899165,4224647241,416155378.98,811.67,22.92,53549.94,723.46,2024-08-16
5171899165,4295880852,81436610.89,236.65,0.0,7154.12,228.41,2024-08-16
4539006085,3806583041,170142596.0,2143.47,57.63,3197.08,2327.81,2024-08-16
4539006085,7932418416,2311023684.95,1682.09,52.4,8296.78,1826.75,2024-08-16
4539006085,9806888085,95686185.09,133.53,1.83,8363.84,149.34,2024-08-16
4539006085,5120629537,1757155073.77,1765.8,34.7,9312.86,1917.66,2024-08-16
8009589948,5571995140,4723137093.62,9623.36,7107.75,324647.13,11694.17,2024-08-16
8009589948,9864867232,5944465511.88,7573.57,27.9,305303.33,139122.01,2024-08-16
3155375047,9701782768,258133615.23,169.84,12.92,12655.54,621.97,2024-08-16
3155375047,4196694573,52129776.35,19.92,8.56,3117.58,1544.62,2024-08-16
1138743890,6236877545,9812217210.39,5204.31,566.89,339644.35,46856.57,2024-08-16
1138743890,2133958043,170754389.08,235.9,3.88,7838.37,287.61,2024-08-16
1138743890,1999726494,9727924936.9,14823.29,941.73,1088368.65,19823.08,2024-08-16
1138743890,6537905638,2048055096.4,3007.34,140.01,88301.04,3719.93,2024-08-16
7187956485,7673156516,341951976.61,299.34,13.9,4101.56,323.86,2024-08-16
7187956485,5091515675,12596605131.2,7976.8,823.44,453447.98,114273.34,2024-08-16
7187956485,4478674493,1588346752.0,1029.83,34.8,12305.66,1114.2,2024-08-16
7187956485,3788981854,1410918816.0,884.28,32.93,9349.89,956.73,2024-08-16
7187956485,4730897925,417449242.37,532.76,946.4,21319.01,576.41,2024-08-16
7187956485,6596978266,1275191027.45,673.73,7.66,6289.51,728.93,2024-08-16
7187956485,1179319468,988469682.18,970.32,22.09,7357.34,1049.82,2024-08-16
7187956485,4491703485,394244832.0,324.97,8.19,3073.21,351.59,2024-08-16
7187956485,2626145410,983631307.41,472.35,779.26,13904.43,511.05,2024-08-16
7187956485,1936745141,1681984096.56,5042.02,4298.84,165194.23,5455.12,2024-08-16
7187956485,5349331482,1110223624.92,194.98,27.66,138024.87,210.96,2024-08-16
7187956485,6363224390,229135088.0,180.33,362.23,3251.84,195.11,2024-08-16
7187956485,9566513523,67650800.0,12.82,0.0,379.96,13.87,2024-08-16
1293703091,7622254097,787326452.08,7146.91,0.0,197834.45,57459.03,2024-08-16
1293703091,6693492457,3621808838.44,55276.33,11.27,1949168.67,64051.66,2024-08-16
4840214693,7815519466,563423804.07,973.65,35.24,3459.76,984.41,2024-08-16
4840214693,6787951094,736665691.45,880.56,28.54,113784.21,2482.63,2024-08-16
4840214693,3920074294,187211063.0,122.54,4.51,29595.98,123.89,2024-08-16
4840214693,3709496046,128593791.13,145.33,6.08,13360.38,157.51,2024-08-16
1848619060,9232084977,213450193.42,48.84,0.0,115268.98,1559.13,2024-08-16
1848619060,3169056208,93615684.47,259.46,0.0,16215.81,271.01,2024-08-16
3979990204,9370352805,93331004.0,47.08,1.33,1340.12,48.56,2024-08-16
3979990204,7675619656,4379215272.43,1750.2,517.53,383004.58,15158.07,2024-08-16
3979990204,3387794418,22561876862.06,11864.6,118.24,1180787.13,16835.85,2024-08-16
3979990204,5720266692,10477655.0,18.46,0.0,341.71,19.04,2024-08-16
3979990204,5409356300,169484292.0,77.54,0.0,2021.63,79.98,2024-08-16
3979990204,1427290959,1569634736.96,971.1,17.56,104620.84,1141.69,2024-08-16
3979990204,6307478183,281606230.7,85.85,1.05,6120.25,1874.88,2024-08-16
3979990204,9058435501,517921689.75,222.47,2.19,4527.19,229.48,2024-08-16
3979990204,8236843307,708828179.82,112.62,8.76,7936.67,1005.52,2024-08-16
8783260087,8653176643,550128388.8,58.78,0.0,137822.74,141955.85,2024-08-16
8783260087,8370659926,541540321.03,1.07,0.0,328650.1,40244.22,2024-08-16
6727254708,4417040446,742235760.0,726.76,11.13,30236.3,724.52,2024-08-16
6727254708,6426126727,158989860.0,66.84,3.26,2308.19,66.63,2024-08-16
6727254708,1715477885,116113350.0,31.07,5.06,86.6,30.97,2024-08-16
6727254708,9520852297,271392840.0,192.05,10.93,10498.69,191.45,2024-08-16
6727254708,9175808397,338978190.0,322.9,5.82,10576.0,321.91,2024-08-16
6727254708,8459383999,81072090.0,48.95,0.0,1483.47,48.8,2024-08-16
6727254708,2300290420,3789830024.21,3390.92,93.21,580780.19,74407.1,2024-08-16
6727254708,8630067615,189238980.0,164.75,8.17,8962.64,164.24,2024-08-16
6727254708,6863770246,3302348600.02,2291.37,133.89,200027.59,44403.25,2024-08-16
6727254708,6234691981,4156633492.04,4280.55,29.21,303447.48,4298.33,2024-08-16
6727254708,4874827991,28826767104.29,25424.39,294.34,1339490.64,25347.01,2024-08-16
6727254708,8977029651,12979635056.71,24651.5,51931.16,1275545.97,24575.56,2024-08-16
6727254708,7751781030,3155780194.38,1964.7,13.74,134125.24,2046.87,2024-08-16
6727254708,3094767413,11476035550.16,10135.11,110.64,952802.11,10105.77,2024-08-16
6727254708,3844284608,8278478939.15,7838.1,53.22,397700.6,8146.18,2024-08-16
6727254708,4626874233,2409263550.0,4012.25,42.91,248275.77,3999.89,2024-08-16
6727254708,5428795490,1082199297.9,2347.85,31.39,148761.96,2341.56,2024-08-16
6727254708,4836102562,8454356070.0,10431.65,196.18,468265.71,10399.52,2024-08-16
6727254708,8687275031,2666407169.98,12174.18,13731.01,728540.12,12136.68,2024-08-16
6727254708,4845932570,518672562.65,1264.3,1.96,113436.11,2382.85,2024-08-16
6727254708,8584019906,854264670.0,3279.84,68.09,155049.42,3269.73,2024-08-16
4765961919,7822116306,1070168403.1,3272.27,29.66,92122.42,3020.46,2024-08-16
4765961919,2264434474,999604665.0,1986.7,22.28,65700.53,1833.82,2024-08-16
4765961919,5270170941,6130950919.59,11340.71,144.35,332072.46,10467.99,2024-08-16
4765961919,9059403974,275273645.28,1151.08,57.04,65561.53,1062.5,2024-08-16
4765961919,6178687279,1599642377.48,3468.07,50.42,277385.29,3201.19,2024-08-16
4765961919,1465061450,2262638179.2,3522.46,171.95,110184.36,3306.16,2024-08-16
4765961919,8666345199,3753401274.72,7932.96,395.95,307809.34,7322.48,2024-08-16
4765961919,7433118976,906113497.18,1203.49,21.26,55620.85,1110.88,2024-08-16
4765961919,7987426138,1734144317.99,4719.03,57.93,269544.9,4617.86,2024-08-16
4765961919,3950869417,1778587994.23,4023.83,36.3,167604.5,3714.18,2024-08-16
4765961919,4206199463,1595355627.22,4287.87,41.76,208038.25,3957.9,2024-08-16
4765961919,3504030680,1518116537.29,4550.92,56.05,217796.8,4201.62,2024-08-16
4765961919,7566547729,62048250.0,79.11,3.72,3685.82,73.02,2024-08-16
4765961919,1784548150,873310357.13,2257.66,35.73,98561.33,2084.84,2024-08-16
4765961919,6091608057,3764800717.41,14640.66,334.19,887650.18,13514.0,2024-08-16
4765961919,9639355386,4315770415.78,13605.29,356.64,817552.55,12558.3,2024-08-16
4765961919,9905648853,11501990884.35,43980.34,579.21,2199152.06,40595.87,2024-08-16
4765961919,9194147202,184911739.93,603.23,388.78,63814.96,3903.13,2024-08-16
4765961919,4737039742,280099558.04,2544.44,705.21,176100.57,2534.85,2024-08-16
4765961919,6656023901,1313588046.43,307.55,0.78,267807.92,37345.39,2024-08-16
4765961919,9473100040,1030197948.53,3126.9,73.04,182515.52,3046.93,2024-08-16
4765961919,4160111938,806562510.87,3285.13,796.95,200130.76,3032.32,2024-08-16
4765961919,1995971699,10246176254.85,3381.05,2123.55,2042907.93,3122.69,2024-08-16
4338917831,8344646686,101216540.29,26.63,0.0,4796.55,3093.63,2024-08-16
7792039243,7133204508,10991253.0,39.75,25.79,838.39,39.12,2024-08-16
7792039243,5363858451,8960553.99,133.89,110.29,192.47,131.78,2024-08-16
7792039243,7495993717,409873888.93,6611.77,1268.45,1139894.23,16365.96,2024-08-16
7792039243,5549770412,36903570.25,548.1,0.0,51120.85,15068.79,2024-08-16
5660113447,2575775551,2549511540.0,5143.98,58.68,8322.72,4937.15,2024-08-16
5660113447,9092028130,1367947106.86,1860.46,12.78,13235.21,1785.65,2024-08-16
5660113447,1595196350,135742844.5,203.44,0.0,4562.28,205.02,2024-08-16
5660113447,5642448801,196554960.0,115.96,2.04,2941.51,111.3,2024-08-16
2990144704,4920939478,5919181319.9,42.44,58.06,1544.53,42.34,2024-08-16
7949948303,2199960913,17789392.0,40.34,26.75,291.0,42.22,2024-08-16
7949948303,7070000057,156561197.0,355.76,0.0,11880.07,372.32,2024-08-16
7949948303,5115055765,18626570.97,57.76,2.74,819.41,61.41,2024-08-16
1430064570,3870713541,46336140.0,36.25,0.0,385.75,32.52,2024-08-16
1430064570,1782332920,40225015.69,19.77,0.0,684.46,20.69,2024-08-16
1430064570,9547267941,172490969.26,64.81,0.0,952.5,61.09,2024-08-16
1430064570,6386339958,22576185.0,17.58,0.0,72.2,15.77,2024-08-16
1430064570,4022253634,230703205.68,5914.32,0.0,182288.16,5305.39,2024-08-16
1430064570,5299797230,30243902.04,29.66,0.0,22194.41,26.61,2024-08-16
1430064570,5145879059,444121531.7,282.31,0.92,16571.38,1022.85,2024-08-16
8000140564,4010991219,264047386.83,179.93,10.92,1719.29,170.27,2024-08-16
8000140564,9621784460,240221184.5,157.92,13.37,417.13,149.44,2024-08-16
8000140564,8697120310,450104104.15,284.26,17.5,2909.01,268.99,2024-08-16
8000140564,7323287483,229035534.0,91.88,3.35,1022.87,86.95,2024-08-16
8000140564,9130319191,111134742.29,151.22,5.2,1056.42,143.1,2024-08-16
8000140564,6929001598,311817827.79,263.2,11.1,1735.62,249.07,2024-08-16
8000140564,8957190537,199296938.59,116.77,9.73,776.22,110.5,2024-08-16
8000140564,3791833890,41183094.84,22.97,4.62,71.64,21.74,2024-08-16
8000140564,8915708680,60098538.38,125.38,9.73,258.44,118.65,2024-08-16
8000140564,4414317584,282248667.59,134.95,5.95,401.71,127.7,2024-08-16
8000140564,1130813901,84615553.12,59.34,2.72,152.34,56.15,2024-08-16
8000140564,9920379687,78753972.69,75.61,12.96,176.83,71.55,2024-08-16
8000140564,1929053997,213907718.15,207.69,7.37,7267.1,230.95,2024-08-16
8000140564,7562814826,198125109.83,233.53,14.11,3206.44,224.61,2024-08-16
8000140564,5116056585,282200669.16,333.07,27.35,11053.89,315.18,2024-08-16
8000140564,7369273684,236587117.38,156.96,2.47,3292.59,183.86,2024-08-16
8000140564,1849538785,186077932.34,146.44,5.26,1724.73,181.14,2024-08-16
8000140564,3500455885,538343882.26,350.3,18.94,11517.27,335.11,2024-08-16
8000140564,8689306085,260817496.24,128.25,7.12,3294.4,122.27,2024-08-16
8000140564,9075039806,61803771.69,44.98,0.58,621.16,48.0,2024-08-16
8000140564,1686256649,330978382.0,199.08,11.93,502.37,188.39,2024-08-16
8000140564,7686334205,296770124.0,171.32,8.59,1108.11,162.12,2024-08-16
8000140564,4294186510,3412002486.71,2575.56,167.54,17307.18,2437.24,2024-08-16
8000140564,5878024733,454020224.0,170.36,16.81,490.58,161.21,2024-08-16
8000140564,1537102753,18515922.43,29.67,0.0,173.2,28.08,2024-08-16
8000140564,6123740404,34277641.43,22.01,0.0,224.89,20.83,2024-08-16
8000140564,6566061150,51599937.89,52.64,0.0,211.28,49.81,2024-08-16
8000140564,6932659090,43897714.0,40.2,0.0,84.33,38.04,2024-08-16
8000140564,9467064813,94559366.5,78.48,0.0,3673.45,214.65,2024-08-16
8000140564,6450666241,108673492.23,89.97,9.46,682.82,85.14,2024-08-16
8000140564,6835413833,230433673.65,89.97,9.46,1029.22,90.57,2024-08-16
8000140564,3005474923,75530596.02,60.3,4.2,415.31,57.06,2024-08-16
8000140564,3358981893,100227605.64,70.83,4.2,648.36,67.93,2024-08-16
8000140564,8955262572,73342772.83,44.98,1.58,236.67,42.57,2024-08-16
8000140564,3076726376,152968477.99,105.28,3.15,833.35,99.63,2024-08-16
8000140564,9452923654,44559284.0,33.5,3.15,321.91,31.7,2024-08-16
8000140564,5736100848,108715991.48,52.64,3.15,534.11,49.81,2024-08-16
8000140564,3564755409,63327516.0,27.76,3.15,87.05,26.27,2024-08-16
8000140564,6802903185,92273748.0,28.71,2.1,125.14,27.17,2024-08-16
8000140564,8132759941,84883277.27,42.11,2.1,360.0,39.85,2024-08-16
8000140564,5408085396,178886907.66,93.8,6.3,980.25,88.76,2024-08-16
8000140564,6861586485,103679448.89,102.41,6.3,1603.22,96.91,2024-08-16
8000140564,6917650996,55569979.77,38.28,1.05,406.25,36.23,2024-08-16
8000140564,7631788624,37249741.6,21.06,1.05,47.15,19.93,2024-08-16
8000140564,3390660189,77790454.0,20.1,1.05,125.14,19.02,2024-08-16
8000140564,6885490146,162245830.84,52.64,1.05,981.16,49.81,2024-08-16
8000140564,9927481046,196374289.25,82.31,5.25,667.4,77.89,2024-08-16
8000140564,4240431514,141058150.84,71.78,5.25,233.95,67.93,2024-08-16
8000140564,1761543400,174165748.72,86.14,5.25,985.69,81.51,2024-08-16
8000140564,7111558543,76520610.08,67.0,5.25,1613.2,97.82,2024-08-16
8000140564,6687243904,85189860.0,17.23,2.63,67.1,16.3,2024-08-16
8000140564,3748755510,131880824.32,195.25,6.9,6520.8,185.67,2024-08-16
8000140564,6721458095,77726728.52,59.34,3.5,557.68,56.15,2024-08-16
5509067989,3131541639,167983608.0,58.62,0.99,427.06,63.7,2024-08-16
6991056822,8034712815,584489108.18,1091.75,303.72,31820.3,3061.96,2024-08-16
6991056822,1951746329,421925660.3,803.71,298.9,32636.02,3478.53,2024-08-16
6991056822,6947502491,600788906.34,1402.44,549.59,45645.23,6218.74,2024-08-16
6991056822,5766394111,647159572.16,1547.0,579.48,49510.7,4661.13,2024-08-16
5984451547,5976038556,1707091501.37,3626.06,229.19,385705.88,66747.47,2024-08-16
7526521017,6108661764,90691830.44,57.54,0.0,8103.93,198.71,2024-08-16
8367057304,1905604235,90118862.46,31.64,0.0,660.13,35.66,2024-08-16
8367057304,3540231905,94900995.0,22.05,1.05,441.14,24.85,2024-08-16
6287055608,4976565394,30280295098.89,98.33,27.99,5234.97,100.28,2024-08-16
3878840424,4126371401,3610902685.02,997.23,29.29,19061.12,985.54,2024-08-16
3878840424,7567285223,299406903.05,3803.61,0.0,83260.62,3761.84,2024-08-16
3878840424,8889222202,28265248.0,18.15,0.0,248.54,17.94,2024-08-16
3878840424,5701100670,3468092801.94,1135.73,0.0,906111.49,783564.37,2024-08-16
3878840424,5690205900,438261882.92,298.02,51.07,42695.31,1786.99,2024-08-16
2775728868,3184532234,30757537.74,28.3,11.37,145.93,24.57,2024-08-16
2775728868,5397201152,14621663.08,16.77,3.9,60.55,14.56,2024-08-16
3313050187,5048092493,201774374.39,1444.51,1600.17,2364.84,1426.89,2024-08-16
3313050187,4593725486,34572732465.98,185915.08,40520.48,19863971.99,356155.6,2024-08-16
3313050187,6004347125,259438551.0,73.04,73.82,1494.19,72.15,2024-08-16
4969504105,2377430029,95737329.6,51.19,3.48,568.5,57.59,2024-08-16
4969504105,2084267498,576078601.3,386.46,21.51,7749.6,514.61,2024-08-16
4969504105,6039544683,70024178.14,39.15,6.7,532.5,44.59,2024-08-16
4969504105,5533830321,76679206.21,37.14,0.33,415.95,35.3,2024-08-16
4969504105,4375307578,663497.21,1.0,0.0,6.63,1.86,2024-08-16
4969504105,7694448759,276063702.2,69.26,5.38,2346.01,65.02,2024-08-16
4969504105,7056826542,237926764.42,131.5,2.93,6448.69,213.65,2024-08-16
4969504105,6520924940,307686963.14,95.36,2.93,2492.87,279.6,2024-08-16
4969504105,8410933535,160931897.28,188.71,6.84,1555.8,176.49,2024-08-16
4969504105,3056059764,177086411.74,50.19,4.89,7744.87,476.53,2024-08-16
4969504105,8595374634,439838297.01,203.77,4.89,9058.1,198.78,2024-08-16
5954988949,6567593597,38711807869.33,745.15,371.77,31693.97,632.08,2024-08-16
5954988949,5012601188,1124963323337.84,45819.27,14770.16,1932925.84,214613.52,2024-08-16
3551284065,1189084818,1268993845.0,845.13,5.76,6503.38,852.6,2024-08-16
3551284065,2669997652,333854000.0,118.75,3.34,743.94,119.8,2024-08-16
8201637580,2413006068,928295911.58,7.57,0.95,12.14,6.73,2024-08-16
3017575657,1614985433,505587896.87,275.8,43.95,10823.71,374.56,2024-08-16
3017575657,5105416598,10846608148.02,6701.93,900.95,149936.26,12892.31,2024-08-16
3017575657,7105041498,4156225444.12,3332.44,467.87,128917.85,9574.34,2024-08-16
1366387738,5649338610,63754683.3,1259.84,0.0,16145.4,1198.64,2024-08-16
1366387738,6312414152,186013045.07,252.17,0.0,764604.73,239.93,2024-08-16
1366387738,3061330228,332406552.0,69.24,1.01,184.78,65.88,2024-08-16
2415874979,4996100541,18790867.0,4.57,2.08,20.0,5.23,2024-08-16
9421916553,6582784664,69407405.21,32.06,0.0,2531.17,1231.31,2024-08-16
9421916553,8904425167,1095362859.06,658.72,0.0,381180.94,409847.46,2024-08-16
9421916553,8539464552,740328051.35,335.05,0.0,229338.5,246627.04,2024-08-16
7825259319,1564824021,4252672767.3,839.08,434.52,1899.71,900.55,2024-08-16
7825259319,8922393881,1472905317.3,192.21,17.82,284.14,206.29,2024-08-16
3941929869,6645625717,934617271.05,7.8,6.14,18.51,8.27,2024-08-16
9251961671,7575884773,278555580.0,68.81,0.9,220.47,76.49,2024-08-16
9251961671,4935840879,590499722.81,103.22,7.24,1090.26,114.74,2024-08-16
9251961671,5377923704,873452212.63,259.85,3.62,2317.42,288.87,2024-08-16
9251961671,4528080068,1056775000.0,205.53,4.52,12056.24,228.48,2024-08-16
4195391340,9934713171,308002389.0,167.16,0.01,2555.14,165.62,2024-08-16
4195391340,1504316774,192272693.53,86.24,4.26,1919.12,85.45,2024-08-16
4195391340,1520705806,107076612.0,56.43,0.01,1906.2,55.91,2024-08-16
4195391340,6908734197,35282715.0,19.16,0.0,795.71,18.99,2024-08-16
4195391340,5353159573,42301166.0,24.49,0.0,676.63,24.26,2024-08-16
4195391340,9446748642,193224695.46,61.75,0.0,54543.21,59.07,2024-08-16
4195391340,4978576353,5655009500.47,1510.81,42.31,185940.96,1531.71,2024-08-16
4195391340,3342095751,194286423.3,83.05,0.12,14336.67,1766.96,2024-08-16
4195391340,5232571047,48662530.0,15.97,0.0,278.78,15.82,2024-08-16
4195391340,1489150798,321881247.29,233.17,1.66,23660.9,396.64,2024-08-16
4195391340,9654858519,576124635.72,300.25,3.57,65184.71,12173.55,2024-08-16
5213587138,5060747707,726123174.0,290.37,54.81,3224.92,279.54,2024-08-16
5213587138,3237766774,264560940.0,57.88,20.08,219.5,55.72,2024-08-16
5213587138,1540229871,422099370.0,114.8,28.22,428.07,110.52,2024-08-16
5213587138,5998217113,2859697596.0,1461.52,352.91,22911.14,1406.98,2024-08-16
5213587138,4574769288,591643145.86,412.89,98.75,2545.57,397.48,2024-08-16
5213587138,7421121529,41675634.0,12.54,6.51,363.51,12.07,2024-08-16
5213587138,3110143732,601664734.77,137.95,20.82,9519.82,1432.98,2024-08-16
5213587138,3066511118,84018203.35,28.94,0.0,27022.99,8163.27,2024-08-16
5213587138,3912305227,388074587.96,93.58,34.82,15729.31,2923.55,2024-08-16
5213587138,7492408306,203488488.0,54.02,7.6,766.75,52.01,2024-08-16
5213587138,8936010314,340350682.86,110.94,84.52,2523.72,156.02,2024-08-16
7383324448,3436792258,60522930.0,20.54,0.0,150.32,19.84,2024-08-16
7383324448,7459738697,50183145.0,6.49,0.9,84.37,6.27,2024-08-16
7383324448,2752378223,23698065.06,16.22,0.0,128.01,15.66,2024-08-16
7383324448,2232359166,35187410.03,29.19,0.9,107.65,28.2,2024-08-16
7383324448,9155909583,64496439.0,16.22,0.0,146.44,15.66,2024-08-16
7383324448,6456606566,93631896.0,16.22,0.0,269.6,15.66,2024-08-16
7383324448,9179715962,66672666.0,70.28,0.0,234.69,67.88,2024-08-16
7383324448,8399682092,78582366.0,19.46,0.0,145.47,18.8,2024-08-16
7383324448,5921669220,67062438.0,23.79,0.0,298.7,22.97,2024-08-16
7383324448,2942525112,718084024.55,150.29,0.0,125397.08,145.16,2024-08-16
7383324448,4010992077,16944255.0,14.06,0.0,113.47,13.58,2024-08-16
3851958960,7952748403,53062620.27,1180.1,47.15,1505.72,1061.84,2024-08-16
3851958960,9921036229,685878.96,9.84,0.0,35.29,8.86,2024-08-16
3851958960,4945323093,412643001.52,9821.43,374.64,11851.09,8837.22,2024-08-16
1517367026,8344008125,282997844.6,430.37,6.9,36906.48,471.0,2024-08-16
1517367026,1541443012,20704553.51,37.07,1.04,1565.87,37.8,2024-08-16
5928471422,4731411438,2105175969.0,2359.62,31.44,60089.2,2167.49,2024-08-16
5928471422,4033758918,1630632458.0,1947.46,62.33,48385.14,1788.88,2024-08-16
5928471422,9627551459,357711276.0,343.12,13.37,9218.71,315.18,2024-08-16
5928471422,8521910008,57457660.0,99.95,1.04,3376.51,91.81,2024-08-16
5928471422,5458642515,261083453.56,344.15,4.27,6737.11,316.13,2024-08-16
5928471422,3266634425,28489838.0,15.46,1.04,623.44,14.2,2024-08-16
5928471422,1897164735,179373000.91,206.08,7.41,6329.91,189.3,2024-08-16
5928471422,8674892554,34833084.0,49.46,0.0,964.18,45.43,2024-08-16
4925883884,4675211549,6386807406.91,10074.69,232.02,769458.43,8839.64,2024-08-16
4925883884,5958663754,3029775455.09,3703.13,94.79,230099.34,3425.51,2024-08-16
4925883884,8225329822,8945809498.29,11746.87,251.13,782982.24,10318.69,2024-08-16
4925883884,4755186391,4732679328.0,5944.44,145.15,340705.58,5214.61,2024-08-16
4925883884,2578344704,975176875.0,1909.23,40.98,132704.56,1674.82,2024-08-16
4925883884,3071680482,2041098066.1,3131.86,69.95,208624.68,2749.21,2024-08-16
4925883884,2150537520,1263505139.59,1621.99,40.42,165800.5,1422.85,2024-08-16
4925883884,3653212800,2361425574.39,3785.35,43.17,304946.73,3420.83,2024-08-16
4925883884,5042308386,1736564881.04,1626.26,43.63,162465.56,1454.7,2024-08-16
4221243019,8390770365,1825816542.38,907.73,449.24,104613.76,6618.97,2024-08-16
3818150017,2735179057,2507224403.41,679.15,86.27,96456.63,23623.03,2024-08-16
3818150017,7908221650,858679425.0,1927.65,49.16,71234.72,2137.36,2024-08-16
3818150017,8122939110,38778525.0,138.94,13.11,309.8,154.05,2024-08-16
3818150017,8197098220,58067066.97,7047.01,105.93,76582.29,7813.66,2024-08-16
9999862340,1659467148,495933567.0,882.83,284.23,21070.0,750.5,2024-08-16
9999862340,3823083386,4493024050.29,2679.48,54.41,82163.0,6250.26,2024-08-16
9999862340,2731598159,4000819425.15,367.67,31.6,849452.0,751006.06,2024-08-16
2600529780,2670702912,294005855.06,163.22,0.0,95921.39,2174.86,2024-08-16
2600529780,2672335175,294061274.51,173.69,0.0,106205.76,1921.64,2024-08-16
3144474603,9479639228,118799415.0,26.27,2.2,176.13,25.65,2024-08-16
3144474603,7957351487,49407994.79,10.95,1.1,142.54,10.69,2024-08-16
3144474603,5411794774,532013442.0,99.61,8.8,1005.05,97.24,2024-08-16
3144474603,2665363945,53258425.0,15.32,2.2,145.26,14.96,2024-08-16
3144474603,9845551910,377697405.29,55.82,5.5,532.94,54.5,2024-08-16
3144474603,6125812716,5034495981.0,1294.91,148.14,3209.43,1264.15,2024-08-16
3144474603,7735661983,27623030.0,4.38,0.02,28.14,4.27,2024-08-16
3144474603,3030668221,265840559.81,40.5,7.42,322.3,39.54,2024-08-16
3144474603,9921172424,96701031.77,21.89,1.1,146.17,21.37,2024-08-16
3144474603,4457717375,42892144.0,10.95,1.1,86.25,10.69,2024-08-16
3144474603,8914469811,45470973.0,19.7,0.0,207.0,19.23,2024-08-16
3144474603,5689524346,36389010.0,8.76,1.1,42.67,8.55,2024-08-16
3144474603,7217245631,31995827.0,10.95,1.1,54.47,10.69,2024-08-16
3144474603,8028726008,5239202.0,1.09,0.0,21.79,1.07,2024-08-16
3144474603,7430488812,10478404.0,2.19,0.0,10.89,2.14,2024-08-16
3144474603,6151784243,46979537.0,9.85,0.37,48.12,9.62,2024-08-16
3144474603,6134721793,45246727.0,10.95,0.0,100.78,10.69,2024-08-16
3144474603,6534139585,35257293.44,13.14,1.1,64.46,12.82,2024-08-16
3144474603,4828591769,33397174.91,14.23,0.0,81.71,13.89,2024-08-16
3144474603,4100708632,47547408.4,13.14,0.0,83.53,12.82,2024-08-16
3144474603,1349295418,208905535.0,30.65,3.67,228.79,29.92,2024-08-16
3144474603,8739736793,16237449.0,8.76,2.2,87.16,8.55,2024-08-16
3144474603,6031250559,56336313.47,22.99,3.3,71.72,22.44,2024-08-16
3144474603,7410833190,26273151.64,8.76,0.0,71.72,8.55,2024-08-16
3144474603,2924289979,8123821.0,3.28,0.0,33.59,3.21,2024-08-16
3144474603,1553963546,27307047.0,15.32,1.1,78.99,14.96,2024-08-16
3144474603,1846769487,64032426.0,10.95,1.1,93.51,10.69,2024-08-16
3144474603,6686202636,21201440.0,5.47,0.0,63.55,5.34,2024-08-16
3144474603,2433395297,65632795.29,7.66,0.0,167.96,7.48,2024-08-16
3144474603,8716075927,405559084.0,94.14,20.07,197.92,91.9,2024-08-16
3144474603,2602717003,100309313.0,31.74,1.1,81.71,30.99,2024-08-16
3144474603,7182713900,195226876.58,67.87,4.4,661.86,66.25,2024-08-16
3144474603,6296949760,194594563.0,75.53,3.3,376.78,73.73,2024-08-16
3144474603,2568290212,1075346927.07,351.37,18.51,12981.15,754.43,2024-08-16
3144474603,7623897471,3829622.22,3.28,0.0,54.47,3.21,2024-08-16
3144474603,9159247851,57671994.0,13.14,1.1,139.82,12.82,2024-08-16
3144474603,5032004553,35960904.0,3.28,0.0,73.54,3.21,2024-08-16
6591765169,7816992429,24556160.0,25.64,0.0,261.69,26.17,2024-08-16
6591765169,6897813221,34812090.0,46.36,0.0,829.8,47.31,2024-08-16
6591765169,8716558496,44466560.0,27.62,0.0,317.83,28.18,2024-08-16
6591765169,7721676256,26028657.48,506.96,0.0,18279.28,517.34,2024-08-16
6591765169,4625701000,26531966.47,70.03,0.0,671.83,92.6,2024-08-16
6591765169,4042562160,25844195.92,543.45,0.0,20783.9,554.58,2024-08-16
4748463484,7904486179,7610544468.0,2248.88,85.58,12588.17,2101.34,2024-08-16
6747103943,2585269857,2695706314.5,39382.68,163.71,2091224.54,37440.14,2024-08-16
6747103943,8391479111,4139302561.66,165.42,0.0,1012206.17,182301.25,2024-08-16
9034373210,4662700379,3745257108.02,2275.5,873.23,559350.36,278017.41,2024-08-16
4328703191,6261792295,96378015.65,538.93,1497.46,29387.98,4264.12,2024-08-16
9061115726,6771023367,78614900.0,51.64,0.0,1060.53,58.9,2024-08-16
5048405933,9197432099,58717240.0,34.27,0.0,146.2,34.39,2024-08-16
5048405933,7025589629,144263346.14,102.81,2.15,6740.59,138.56,2024-08-16
5048405933,3442067474,382220561.11,421.01,4.09,38377.19,437.3,2024-08-16
5048405933,4791256610,39277093.57,230.09,0.0,71275.48,278.1,2024-08-16
5048405933,9306718535,38449433.06,296.67,0.98,84704.68,303.65,2024-08-16
5048405933,9232016675,38356367.53,239.88,0.0,86168.9,411.75,2024-08-16
5048405933,1033766171,69449112.67,1214.08,0.0,65615.72,1219.53,2024-08-16
4260952526,2659546832,212046864.0,224.55,1.16,799.06,190.11,2024-08-16
7107398469,4466502603,826235550.0,1052.84,29.57,2121.29,941.68,2024-08-16
7107398469,9107666682,1146698248.0,1608.56,38.35,98101.24,1438.73,2024-08-16
1544027227,7112430573,56437179.94,120.68,2.12,5122.01,218.55,2024-08-16
8698180854,3189287361,157519323.1,405.06,141.85,13553.42,876.56,2024-08-16
8698180854,3222226374,157224942.26,81.01,9.05,3868.07,129.26,2024-08-16
8698180854,9241913745,49886683.0,84.17,0.85,463.99,86.9,2024-08-16
8698180854,4849976803,22570429.76,56.81,3.94,2954.17,59.74,2024-08-16
8698180854,1157397355,78745226.48,220.94,3.74,11584.69,294.36,2024-08-16
8698180854,1145744380,96131641.44,3252.04,0.0,134597.52,3357.44,2024-08-16
8698180854,4180204349,27111628.9,68.39,1.05,2239.75,78.21,2024-08-16
4243137714,1038789390,254958816.0,141.77,0.78,883.1,150.5,2024-08-16
4243137714,7907613257,51779868.0,51.82,4.66,420.75,55.01,2024-08-16
4243137714,4529956798,261262885.06,1717.82,0.93,19929.25,1905.58,2024-08-16
4243137714,6032670287,397783483.67,399.88,4.97,28947.43,474.32,2024-08-16
6912959742,2724644772,236157620.0,58.26,1.08,2865.83,55.47,2024-08-16
6912959742,1832056069,88049260.0,19.75,0.0,732.68,18.8,2024-08-16
6912959742,6403987167,202331636.06,283.38,1.52,24558.71,270.75,2024-08-16
6912959742,5756705575,279213486.43,11.85,0.93,30012.88,23490.28,2024-08-16
6912959742,2879752140,2369257144.27,1586.75,29.33,152983.13,5930.15,2024-08-16
6912959742,5619950522,5919827437.91,4690.15,71.19,281294.76,5351.05,2024-08-16
6912959742,8091990852,829392586.11,475.93,16.78,48590.38,930.7,2024-08-16
6912959742,1324013040,337428458.66,1362.61,0.7,19290.22,2585.28,2024-08-16
6912959742,8005066054,186155572.52,449.27,0.0,93602.21,84363.63,2024-08-16
6912959742,8897061595,860591917.12,955.8,6.46,28880.92,1136.58,2024-08-16
6912959742,4780611984,84744232.99,20.74,0.0,664.8,73.33,2024-08-16
4295580695,4201190704,643350449.61,830.17,15.21,81170.73,4045.04,2024-08-16
4295580695,3476279915,213515145.6,197.81,6.08,32852.26,626.13,2024-08-16
8651798558,6050620149,233752884.86,351.55,398.74,6072.12,397.93,2024-08-16
7886265417,2391458328,3028390860.85,7342.54,81.84,591784.38,7872.79,2024-08-16
7886265417,4983585281,1809471732.0,11781.18,198.95,26032.74,11947.51,2024-08-16
7886265417,7105210380,1040926502.69,1914.77,24.52,149040.49,2581.68,2024-08-16
7886265417,5786486583,589069285.23,1429.57,24.49,69380.31,1549.01,2024-08-16
1967633865,1936722188,63564213.41,205.46,0.0,13749.34,778.1,2024-08-16
5479808415,6746622336,16847272.0,8.69,0.0,25.8,7.94,2024-08-16
5479808415,8151252526,72595793.63,139.01,2.13,7253.91,140.89,2024-08-16
6135802989,6114973672,29014999.47,80.69,1.77,5294.23,92.71,2024-08-16
6135802989,8959948793,137598671.9,178.26,13.39,619.0,202.46,2024-08-16
6135802989,4396396231,739976508.0,5218.27,121.37,7891.99,5926.87,2024-08-16
6135802989,3172996917,78840450.6,438.14,0.16,1841.31,497.64,2024-08-16
6135802989,3584054416,82068686.33,140.73,45.54,3214.91,160.91,2024-08-16
6135802989,9057967481,384414372.73,989.8,21.89,44504.17,3278.85,2024-08-16
6135802989,1798791427,232645880.11,800.28,9.07,39679.49,1146.59,2024-08-16
6135802989,1750577603,278699110.02,399.67,109.52,15313.5,1728.4,2024-08-16
2899793385,4193135974,107623852.0,92.84,0.0,1323.57,97.6,2024-08-16
2899793385,2717881924,566229796.94,1100.76,7.89,77480.41,1558.58,2024-08-16
2899793385,7204286513,364603910.1,239.67,2.25,15906.9,4564.21,2024-08-16
2899793385,8693756271,18655328.0,426.28,5.84,634.39,448.16,2024-08-16
2899793385,6782716339,93088901.0,48.31,0.0,1884.91,50.79,2024-08-16
2899793385,6378031866,45581876.09,41.68,5.2,2249.21,43.82,2024-08-16
2899793385,5408319424,20705382.55,28.42,1.04,1024.64,197.19,2024-08-16
2899793385,8040382362,60424578.74,48.31,13.52,11321.01,717.05,2024-08-16
2899793385,1198964695,577024900.1,453.76,2961.92,57595.1,5240.43,2024-08-16
2899793385,1193481141,22532567.19,33.16,94.64,5281.79,115.52,2024-08-16
6128140551,2965763478,49423136.9,203.07,0.0,14686.07,202.4,2024-08-16
6128140551,9621975740,293772702.09,278.47,1.07,417.15,277.55,2024-08-16
6128140551,2809191200,661585638.86,555.93,4.63,30196.81,620.24,2024-08-16
8493138820,4568906613,282517020.12,630.72,24.13,69472.95,724.1,2024-08-16
8493138820,6336466789,118139214.0,83.77,0.49,775.79,86.44,2024-08-16
8493138820,1500727941,415477059.3,644.52,7.62,27740.16,955.98,2024-08-16
8493138820,9147322726,446011102.63,662.26,14.57,60523.48,1863.14,2024-08-16
8493138820,1201312863,431712678.86,778.54,10.9,68026.41,962.08,2024-08-16
8493138820,7732723605,419042759.29,586.37,12.81,39450.29,685.46,2024-08-16
8493138820,1353798642,96660661.86,412.92,1.68,15905.29,2895.4,2024-08-16
7730435073,6573169994,192013225.24,4962.43,0.0,90533.73,4498.93,2024-08-16
7730435073,7583852292,1309736128.75,1390.13,5.52,106179.96,1457.73,2024-08-16
7730435073,5994728722,79702278.28,57.43,0.96,1030.9,78.58,2024-08-16
7730435073,7169890315,95056423.45,79.1,0.0,782.96,75.64,2024-08-16
7730435073,6622504921,150458192.24,119.18,1.32,7646.95,125.73,2024-08-16
7730435073,4441681451,100068849.99,87.76,0.16,445.69,93.32,2024-08-16
7730435073,5706004425,294241622.44,0.0,0.0,72208.35,65063.62,2024-08-16
7486359225,4103724426,177230089.17,0.0,1.06,58148.98,41471.15,2024-08-16
7486359225,4646476274,180325427.07,11.68,16.54,59232.74,39698.87,2024-08-16
7486359225,7488640370,35011472.98,0.0,0.0,10559.66,7146.53,2024-08-16
7486359225,7459236282,160818281.62,15.92,11.6,119106.87,11909.0,2024-08-16
7486359225,9256781206,174001954.38,36.09,14.25,121977.44,22802.45,2024-08-16
9347899940,7836364429,108342.38,9.16,0.0,43.53,11.0,2024-08-16
9347899940,2778325508,1122501087.92,29596.92,404.41,52473.85,35524.71,2024-08-16
9347899940,7110551532,46950013.01,1061.88,7.85,4244.47,1274.55,2024-08-16
9347899940,5162553549,991663239.6,19500.4,206.87,44636.87,23408.21,2024-08-16
9347899940,7731419913,85275780.0,90.7,23.59,417.71,108.87,2024-08-16
9347899940,4013113338,18945938.28,9.16,0.0,9889.25,11.0,2024-08-16
9347899940,8479424672,106558216.57,161.25,10.78,4385.43,1888.18,2024-08-16
9347899940,3569044264,100336330.99,1357.81,16.66,5438.52,1822.2,2024-08-16
9347899940,2157962659,285444770.89,5278.23,193.88,446355.25,6335.37,2024-08-16
9347899940,7110056610,353204973.91,1692.22,34.77,5964.02,2374.25,2024-08-16
9347899940,5511902107,1421299193.11,7664.01,168.1,21571.64,9468.42,2024-08-16
9347899940,1691975812,48252358.29,52.22,0.0,36055.69,62.68,2024-08-16
9347899940,4709415497,237029544.07,83.37,0.0,159752.64,100.07,2024-08-16
8452065073,4274168559,2316394917.34,1596.79,14.72,129168.74,2105.39,2024-08-16
2826827076,3611848215,46785753.0,58.19,0.0,2696.2,60.69,2024-08-16
2826827076,8952139826,199403626.58,598.43,18.78,33560.26,631.18,2024-08-16
2826827076,4660261064,222283685.88,483.01,3.95,34450.18,551.27,2024-08-16
2826827076,4097620063,154295952.21,344.31,126.5,20510.01,385.38,2024-08-16
1684414765,3878041365,1188386625.0,7041.54,70.47,13879.41,6825.06,2024-08-16
1684414765,2260433912,72313800.0,74.68,1.88,692.63,72.39,2024-08-16
1684414765,4320412606,233425035.44,882.33,7.52,28464.84,1102.35,2024-08-16
1672862023,5684676954,103811898.82,274.64,1.06,3070.52,307.79,2024-08-16
1672862023,9278357968,229983406.79,735.23,10.59,40417.55,826.11,2024-08-16
1672862023,3486787600,893803003.33,2583.3,27.54,213821.22,2900.45,2024-08-16
1672862023,9706649561,401304510.3,1145.27,13.77,99146.59,1361.52,2024-08-16
8564269730,5835984744,271271040.0,1346.88,31.2,6387.42,1344.44,2024-08-16
8564269730,4801292308,178217720.58,60.15,3.92,5220.85,1057.35,2024-08-16
8564269730,9732122137,3448504855.87,1883.56,50.66,57324.19,5246.41,2024-08-16
8564269730,2949671968,1027873260.86,1845.96,60.14,172576.89,2124.08,2024-08-16
8564269730,6580069600,237094365.12,30.08,0.0,64778.73,11959.24,2024-08-16
7732825977,2347040754,15109668.0,2.89,0.0,13.69,3.09,2024-08-16
3457456980,3603569270,1754238680.0,1489.34,13.23,3918.23,1500.47,2024-08-16
3457456980,4618035814,42138144.0,7.03,0.0,68.82,7.08,2024-08-16
3457456980,7490506830,392064650.0,138.5,1.87,25756.73,139.53,2024-08-16
7676611041,6220921370,1151264519.4,21678.31,0.0,908079.46,22819.72,2024-08-16
4396365888,6445503791,1653903122.1,18863.14,116.36,620691.99,21591.34,2024-08-16
9421829897,5984326638,1233123840.0,1055.84,705.07,1924.72,893.47,2024-08-16
9421829897,9872289208,652265779.28,755.42,1044.65,6774.96,647.53,2024-08-16
6850670091,3151935229,76051474.0,260.82,58.72,9167.99,248.51,2024-08-16
6850670091,9511860235,1078874.0,5.46,1.01,299.67,5.2,2024-08-16
3610097806,6926601518,109910857.79,472.88,22.3,14892.17,1372.27,2024-08-16
3610097806,1384906553,33311174.14,63.4,22.88,695.34,58.35,2024-08-16
3274209063,1649291633,1560472417.56,2349.66,38.24,72063.75,3087.01,2024-08-16
3274209063,3729190315,220684240.0,354.3,12.72,2483.8,312.44,2024-08-16
3274209063,5261809469,1173179775.54,1374.8,32.2,5756.75,1212.38,2024-08-16
2236384250,4234073629,220375587.43,732.12,8.9,36749.22,959.41,2024-08-16
7579730738,9566874645,1557041971.92,1564.72,33.07,7156.45,1822.99,2024-08-16
9686881868,6425666894,837323814.74,1166.83,23.2,65010.49,2181.98,2024-08-16
9491774733,4287103268,896638070.39,866.1,10.35,6127.29,886.16,2024-08-16
8145530460,9620409285,211827401.07,265.06,3.59,1604.78,291.68,2024-08-16
8145530460,5030016691,216152602.19,260.15,3.67,1979.36,286.28,2024-08-16
6278335695,4287236914,3848529316.28,10080.02,230.41,16982.31,11050.51,2024-08-16
6278335695,2952239687,127300011.81,307.88,13.69,491.11,337.53,2024-08-16
6278335695,4620156997,157172829.75,382.58,16.23,640.98,419.41,2024-08-16
6278335695,7914949705,159118062.0,54.65,0.97,304.79,59.92,2024-08-16
6278335695,9618759852,57660737.79,118.42,2.97,205.56,129.82,2024-08-16
6699715634,3249211559,335118265.02,350.0,11.4,1226.35,371.35,2024-08-16
6699715634,4980716259,854671784.89,595.48,14.0,1961.78,631.81,2024-08-16
6699715634,9010404637,45181180.0,36.44,1.21,157.59,38.66,2024-08-16
6699715634,6452275656,139122532.58,116.03,4.11,531.04,123.11,2024-08-16
4045471774,4967547877,13402499627.69,19024.24,230.31,881986.84,49929.38,2024-08-16
2274795399,1214129606,9421458969.6,7893.43,21.91,42097.1,7063.86,2024-08-16
3000721614,3978667410,230982080.9,485.83,5.74,3593.53,465.08,2024-08-16
4139303472,6972972483,461837085.24,443.31,17.56,2559.23,466.55,2024-08-16
4139303472,3265100668,46730112.0,96.25,1.21,1220.83,101.3,2024-08-16
4139303472,4229325786,333248964.96,410.92,10.88,12468.56,568.82,2024-08-16
4139303472,8928276408,8857770.34,22.21,0.1,193.93,34.09,2024-08-16
1467415627,7012204096,5487334805.0,4132.26,60.4,18138.26,4707.3,2024-08-16
1467415627,8915146228,17601247359.55,16904.86,346.51,1044957.85,65677.49,2024-08-16
3566905478,1591535805,28603756896.34,22317.93,139.15,132188.08,22982.22,2024-08-16
3566905478,9029127988,378842414.49,460.61,4.25,5084.01,1101.21,2024-08-16
2587290667,7156700864,1797338293.34,2115.93,38.1,166412.7,18728.92,2024-08-16
2587290667,2594658989,1457859452.25,1522.46,33.09,172563.61,23921.72,2024-08-16
2587290667,1597047940,4671272861.56,1297.22,323.87,189824.43,121468.03,2024-08-16
2587290667,4724192710,1591126923.91,877.59,9.02,167667.78,4994.18,2024-08-16
2901644731,3377938243,2284319869.54,2651.68,9.32,257209.9,17948.71,2024-08-16
2901644731,4606888347,5486794129.89,4644.04,1515.11,83864.34,6417.64,2024-08-16
6629749215,9721059687,1024258979.07,657.08,14.28,100546.61,1243.25,2024-08-16
6629749215,6829243539,147177979.7,43.53,10.0,817.94,64.36,2024-08-16
6849650164,8452746102,25539170.8,17.02,2.49,56.47,17.41,2024-08-16
6849650164,2080299368,521337080.4,199.96,20.99,10718.99,565.76,2024-08-16
8399250647,3678641816,695590105.09,195.41,16.02,41685.83,1131.46,2024-08-16
8399250647,1157335857,6470440233.38,2712.99,18.62,454219.96,46192.69,2024-08-16
8399250647,4847824106,76469480.0,45.4,10.11,392.62,45.54,2024-08-16
8399250647,8809159114,668887807.4,539.83,75.82,323107.41,541.48,2024-08-16
8399250647,7373622363,1460654992.44,491.48,69.87,70176.74,835.48,2024-08-16
4688974689,2436297072,1986529483.47,1106.58,126.25,82060.74,1142.66,2024-08-16
4688974689,7961986842,177878808.0,68.63,0.0,507.85,66.08,2024-08-16
4688974689,2590325078,10174369959.99,9137.76,28.53,593132.72,191838.52,2024-08-16
4688974689,9350359395,56632176.0,43.29,0.0,514.61,41.68,2024-08-16
4688974689,4269202500,102397248.0,48.57,1.0,600.54,46.76,2024-08-16
4688974689,2424676184,170643408.0,10.56,0.0,91.72,10.17,2024-08-16
4688974689,8781378157,423973668.33,176.34,1.17,20401.02,5576.05,2024-08-16
7479515012,2739987396,125994155.2,1402.25,31.51,11465.6,1625.31,2024-08-16
9059053692,4114394850,7196886.0,17.16,0.98,83.01,18.75,2024-08-16
9059053692,1055261245,6590988.0,20.77,0.0,145.51,22.7,2024-08-16
9059053692,7922110079,230712681.84,1005.83,36.82,3262.82,1099.63,2024-08-16
1350574641,9434768408,5247181481.71,5611.47,301.51,127809.12,5646.57,2024-08-16
1350574641,4756683233,214683608.52,124.58,1107.53,350652.25,83637.29,2024-08-16
1350574641,3305340851,182088892.13,252.28,17.31,11050.12,253.81,2024-08-16
1350574641,9304096482,165120660.0,186.88,13.58,8749.33,188.01,2024-08-16
1350574641,1684605671,15359994360.0,206061.94,1047.73,238822.94,207312.36,2024-08-16
8513664892,8276517622,1983806862.48,3546.63,250.18,34446.12,3673.21,2024-08-16
6877336869,1698527014,232678518.96,293.23,19.03,2203.31,317.19,2024-08-16
4482504627,8798004302,235471673.91,767.17,458.18,21782.88,836.73,2024-08-16
9407111886,5687828130,1006853419.0,80.72,10.15,184.95,76.87,2024-08-16
7761714523,3435620448,541466801.96,1745.42,9.64,4006.94,2004.93,2024-08-16
7761714523,5800074569,51564283.0,176.06,0.0,10534.84,202.24,2024-08-16
7761714523,1323231114,1722877637.29,2533.43,7.26,152141.47,3145.14,2024-08-16
1591927154,2495827244,123766027.37,25.67,13.34,5088.94,2191.22,2024-08-16
1591927154,1853034732,529354158.02,122.2,70.01,37702.24,12706.61,2024-08-16
4096109405,1186630050,34443049.63,662.62,0.0,19117.17,645.62,2024-08-16
4096109405,3565494725,96861972.84,1672.63,0.0,53773.64,1627.08,2024-08-16
4096109405,6003399573,550049671.0,8768.45,0.0,272079.86,8885.32,2024-08-16
4096109405,8161626560,138569172.4,135.1,9.17,7624.45,163.75,2024-08-16
4096109405,2314013669,323496169.92,4639.41,0.0,145023.56,4513.06,2024-08-16
4096109405,2998977824,14202496.0,3.22,0.0,90.75,3.13,2024-08-16
4096109405,7527921894,25872000.0,7.51,0.0,105.7,7.3,2024-08-16
4096109405,5554671881,25674880.0,3.22,0.0,87.55,3.13,2024-08-16
4096109405,3750127286,41424140.17,52.54,0.0,29526.18,51.11,2024-08-16
4073978577,8035480257,176757831.53,2912.62,51.44,46792.08,14502.12,2024-08-16
4073978577,3545887451,46027660.0,11.73,6.58,108.32,12.75,2024-08-16
4073978577,6158524322,31797068.77,6.32,0.0,8149.16,7176.02,2024-08-16
4073978577,7355031884,118837217.94,60.45,18.64,1083.24,117.72,2024-08-16
4073978577,3848042974,31953083.5,10.83,0.0,7213.0,1557.83,2024-08-16
4299868633,3180008260,96009952.0,22.49,0.0,127.49,22.85,2024-08-16
4299868633,3207855760,495286784.0,72.81,0.0,1265.35,73.98,2024-08-16
1647595610,9596809283,857659249.01,533.91,448.89,8760.92,511.35,2024-08-16
9415331790,8653148392,832153770.0,56.88,0.0,830.04,61.22,2024-08-16
6487975423,4413950909,59833744.52,125.44,1.07,11683.69,176.94,2024-08-16
3501640769,2498003752,20362499.83,9.53,1.01,276.07,9.34,2024-08-16
3501640769,5435500482,17106540.31,4.77,3.12,198.65,4.67,2024-08-16
3600040380,1763008372,4183060097.11,15303.11,787.12,29417.19,13890.72,2024-08-16
3600040380,8722360619,540861642.09,316.54,8.34,7485.72,2267.56,2024-08-16
3600040380,2642690147,169472307.44,375.36,29.44,917.84,340.72,2024-08-16
3600040380,4392194616,872630303.45,368.94,22.49,10998.89,4417.66,2024-08-16
8500403487,6985941192,87349041.8,29.6,3.13,438.66,30.3,2024-08-16
8500403487,2289406064,6445764.0,2.86,1.04,51.67,2.93,2024-08-16
7180277247,9604138681,52028340.0,41.69,0.0,186.59,46.96,2024-08-16
3592936300,6606509525,48416286.63,54.69,14.08,18951.69,50.64,2024-08-16
7869137619,6248036038,325841101.18,478.56,18.45,19444.8,594.51,2024-08-16
7869137619,1040208115,469022220.1,491.7,10.75,31003.94,473.99,2024-08-16
7869137619,1491766291,529911819.74,1769.68,59.42,67407.12,1770.37,2024-08-16
7869137619,7819848755,98491620.39,603.4,17.37,29778.22,740.36,2024-08-16
7869137619,2037576168,35016785.96,26.28,6.4,1310.44,147.87,2024-08-16
7869137619,3111270912,68880785.14,49.28,1.02,2364.87,46.59,2024-08-16
7869137619,4498065145,12584624.12,9.86,3.2,304.82,14.18,2024-08-16
7869137619,6874138218,19521194.07,38.33,8.54,805.79,38.49,2024-08-16
7869137619,4216214883,15033778.73,19.71,2.13,579.25,29.37,2024-08-16
7869137619,1753880817,8896373.24,4.38,0.0,617.92,16.2,2024-08-16
7869137619,7503767661,69280381.22,18.62,5.1,2394.34,186.36,2024-08-16
7869137619,8228049536,61005420.94,285.82,0.0,19754.23,270.42,2024-08-16
7869137619,4520623784,26519077.86,13.14,0.0,271.67,12.15,2024-08-16
7869137619,3852161298,10976116.31,10.95,0.0,353.63,10.13,2024-08-16
7869137619,7289946260,30875406.0,17.52,1.07,203.52,16.2,2024-08-16
7869137619,6074693977,12825302.02,50.37,0.0,2945.96,46.59,2024-08-16
7869137619,3786569281,40438676.27,27.38,2.13,257.85,25.32,2024-08-16
7869137619,1594802285,3972257.15,3.29,0.0,23.94,3.04,2024-08-16
7869137619,7160733111,34673668.03,20.81,0.0,131.69,19.24,2024-08-16
7869137619,4197954801,42954880.68,27.38,0.0,816.84,36.46,2024-08-16
2672329958,3588650281,326774907.0,414.12,0.0,2386.91,452.8,2024-08-16
2672329958,2994202305,79790724.0,33.52,0.0,806.43,36.66,2024-08-16
2672329958,3767303805,79148868.0,8.87,0.0,380.84,9.7,2024-08-16
2672329958,5033663938,104714869.01,8.87,0.0,11206.22,9.7,2024-08-16
2672329958,8883014205,549007475.88,663.58,1.39,2118.42,725.56,2024-08-16
2672329958,8097427418,938107656.53,767.11,6.58,2085.1,838.76,2024-08-16
2672329958,3674379497,2537337.0,1.97,0.0,14.28,2.16,2024-08-16
2672329958,8113559516,10029.0,0.99,0.0,8.57,1.08,2024-08-16
2672329958,3272214235,472895830.35,1690.99,4.65,4512.95,1848.94,2024-08-16
2672329958,2316648692,1540167022.01,667.52,12.14,4205.43,729.87,2024-08-16
2672329958,7275036610,187194168.34,2718.4,0.0,82360.46,3793.83,2024-08-16
2672329958,1796779381,138961824.0,371.72,0.0,1860.4,406.44,2024-08-16
2672329958,6817132890,30926858.55,3094.07,0.0,50767.88,12174.98,2024-08-16
2672329958,6577302930,103203085.52,102.54,1.85,336.09,112.12,2024-08-16
2672329958,3188726045,1123248.0,0.99,0.0,12.38,1.08,2024-08-16
2672329958,3654815198,410616729.21,40.43,0.0,31957.24,22945.2,2024-08-16
2672329958,1618711485,72400042.0,54.23,0.0,524.61,59.3,2024-08-16
2672329958,9511976970,96051840.88,88.74,0.0,363.7,97.03,2024-08-16
2672329958,3217587690,51619263.0,303.69,0.0,3258.09,332.05,2024-08-16
8347115882,8677429552,177406438.0,62.43,4.17,123.71,66.93,2024-08-16
8347115882,8732743901,328631716.7,177.52,41.28,7130.85,191.38,2024-08-16
8347115882,4633527141,57247845.14,15.61,3.18,1786.24,16.73,2024-08-16
1021909544,9058740817,48048373.76,254.56,0.93,531.92,302.01,2024-08-16
8181642239,3986578542,5835346440.13,8127.02,196.69,283830.11,9764.51,2024-11-10
8181642239,3582622100,8823201804.0,14880.32,410.45,500252.71,17878.51,2024-11-10
4590233378,1716425741,2107310149.11,1628.89,58.87,11366.03,2580.03,2024-11-10
9565398844,7551850760,481070871.46,534.61,22.2,1479.11,524.7,2024-11-10
9782017208,6945741994,145532996977.25,405835.58,112121.84,19513116.65,8105585.82,2024-11-10
5158673107,3698137269,23749508934.56,28041.35,118927.87,1231710.9,332455.77,2024-11-10
2338105289,3711756385,150320186.73,356.36,172.34,1103.18,348.94,2024-11-10
8002572593,7378283788,2199807849.23,2479.47,145.45,175798.17,2705.98,2024-11-10
5594503139,4230973796,14521827042.0,15992.32,457.03,71248.57,13936.16,2024-11-10
3059796702,6953862978,5218228719.18,1940.46,5741.08,908669.52,321504.55,2024-11-10
3059796702,3746782976,1533631629.64,3118.44,716.05,1281889.62,91594.23,2024-11-10
3059796702,6514982789,3207821854.01,3670.99,3293.27,3185887.59,358757.69,2024-11-10
3059796702,2959313438,1585626323.61,3838.49,126.83,85223.1,3279.85,2024-11-10
3059796702,3194578601,485740591.78,227.33,0.02,191529.71,27432.17,2024-11-10
2902900350,6323160974,85304566218.3,178687.86,2655.69,8883693.36,203993.89,2024-11-10
2902900350,6120985113,69675798159.82,74272.6,2555.75,5145357.13,84668.19,2024-11-10
2902900350,9693458382,32017058622.33,209412.53,8632.22,13204226.92,238830.44,2024-11-10
2902900350,5067682493,21958439141.25,32202.74,333.92,3353574.71,36710.01,2024-11-10
2902900350,9510736433,5250036185.93,8830.6,211.41,799260.47,10066.58,2024-11-10
2902900350,3188246310,10325039392.91,29647.51,488.88,1889174.7,33815.04,2024-11-10
2902900350,6676788718,7034894465.23,61663.65,1742.39,3191271.75,70327.07,2024-11-10
2902900350,6452399867,5889756365.69,4964.5,111.83,263273.67,5659.36,2024-11-10
2902900350,5480463907,35371726866.22,45679.14,900.25,2724868.9,52077.9,2024-11-10
2902900350,2492550689,27400816975.75,70108.11,1242.54,4582433.63,79923.97,2024-11-10
2902900350,9540439464,14866261797.33,28561.12,720.52,1612281.18,32558.69,2024-11-10
2902900350,4364406935,6770579836.38,12047.28,253.74,566107.02,14177.89,2024-11-10
2902900350,9437400903,11273595819.83,33649.42,739.8,1698029.17,38536.09,2024-11-10
2902900350,9875099280,7003722746.31,11780.3,154.6,711502.58,13463.88,2024-11-10
2902900350,4601177409,13246812276.41,39788.99,1113.12,3554231.41,46219.51,2024-11-10
2902900350,2154850971,8427722115.94,18020.57,393.07,1396318.94,20542.82,2024-11-10
2902900350,5096065509,15828357550.43,34502.08,412.36,2724620.44,39331.18,2024-11-10
2902900350,9927381057,6401303355.46,21272.34,397.18,1564245.58,30977.99,2024-11-10
2902900350,2549149877,20386691060.49,77643.54,1863.34,5693583.11,88510.95,2024-11-10
2902900350,7843453157,6225663022.12,24076.08,1004.39,1295554.27,31283.39,2024-11-10
2902900350,1847968254,27588083626.65,75540.05,1564.19,3326153.21,86113.04,2024-11-10
2902900350,7319587305,23726132836.66,82939.69,1431.56,4748915.97,94676.85,2024-11-10
2902900350,4200568857,4230454721.7,12697.63,459.31,1153076.6,14474.86,2024-11-10
2902900350,7459071150,17211483725.27,46748.9,1538.24,2540185.35,53292.13,2024-11-10
2902900350,3080256802,5227523725.79,14217.28,398.54,1080524.26,16207.21,2024-11-10
2902900350,4533806763,27187730121.55,41364.99,1032.94,1835031.63,47154.66,2024-11-10
2902900350,8019489161,6267469205.9,17065.36,656.79,1105483.38,19454.97,2024-11-10
2902900350,2537172895,3217077974.93,10636.63,283.2,613025.56,12217.01,2024-11-10
2902900350,9205575678,16580880758.12,48172.47,1777.06,2934074.24,59519.11,2024-11-10
2902900350,2806142590,32305117570.05,62265.04,1208.9,4853121.71,70979.99,2024-11-10
2902900350,7538210092,21072015349.0,78569.19,555.13,2751402.61,89566.15,2024-11-10
2902900350,5606985960,13217547767.11,10427.85,209.46,526409.98,11948.47,2024-11-10
2902900350,1501934686,12218778954.23,10844.49,237.52,552876.02,12444.48,2024-11-10
7192602240,8953918493,74060336.5,1326.61,2045.68,51997.09,1357.58,2024-11-10
2009937203,4006206650,236433714.0,375.22,48.79,474.24,384.59,2024-11-10
2009937203,1100917590,1212920795.48,1432.2,66.71,90546.1,1967.1,2024-11-10
7954325167,3348231639,662505064.0,157.55,18.5,1529.6,163.18,2024-11-10
7954325167,8585424144,934479605.29,652.32,29.74,1081.59,675.61,2024-11-10
7954325167,6997996953,1281340768.0,246.9,16.09,1877.14,255.72,2024-11-10
7954325167,1818867866,1215094564.0,1328.65,136.55,10564.69,1376.09,2024-11-10
7954325167,2898627509,1213632627.84,322.8,28.11,10520.6,2066.61,2024-11-10
7954325167,3677693126,1177997595.42,358.34,32.09,10556.48,1731.3,2024-11-10
7954325167,2027030020,538950892.0,158.52,25.6,2239.04,164.18,2024-11-10
7954325167,4987093978,1190781779.04,489.0,33.07,9320.09,506.45,2024-11-10
2908459842,5476496956,1067444691.44,692.03,31.94,3185.6,787.32,2024-11-10
2908459842,9570770806,649936436.55,361.59,20.2,1684.1,411.38,2024-11-10
2908459842,5743413859,224053278.33,98.19,4.25,459.48,111.71,2024-11-10
6617865151,9128115937,758835587.88,1357.12,114.91,59007.12,2719.3,2024-11-10
6617865151,6528345021,32900966.03,199.77,1223.25,41765.97,176.18,2024-11-10
6617865151,2882497457,82339613.41,1624.21,2315.21,28959.63,1587.54,2024-11-10
4434935446,3347087763,1129591895.71,450.02,415.11,7194.18,595.19,2024-11-10
4434935446,2809867366,280586018.83,142.35,100.89,4511.06,374.23,2024-11-10
4434935446,6901439819,1220031005.17,1450.15,262.33,22393.17,2754.0,2024-11-10
4434935446,6113927858,446816097.12,196.54,159.51,6530.51,818.14,2024-11-10
4434935446,5286511252,518146432.69,641.04,124.92,5992.94,896.77,2024-11-10
4434935446,9448350294,3909896334.0,3261.24,1120.41,23624.76,3534.31,2024-11-10
3841673253,1359508857,2344656040.0,1982.86,18.11,9621.17,2006.07,2024-11-10
3841673253,8869552614,46102614.5,86.17,29.69,1186.03,87.17,2024-11-10
9265546982,3234983267,654865052.11,28.96,8.55,269139.97,8093.04,2024-11-10
2600150899,3102770371,3635371400.98,2873.82,1651.39,53609.01,2837.93,2024-11-10
2600150899,2876450235,1549180080.0,1298.33,11.23,8331.2,1282.11,2024-11-10
8474378044,1484911124,408781450.0,273.76,3.44,5674.59,236.13,2024-11-10
8474378044,6361780831,445327520.0,289.73,22.05,4633.83,249.91,2024-11-10
9566447651,5676327830,122529890.0,44.84,17.82,888.97,43.91,2024-11-10
9566447651,7569006169,1518065377.91,370.19,9.18,22063.89,363.44,2024-11-10
2977761935,3116608419,965683253.93,780.54,389.08,151933.12,121739.24,2024-11-10
6835683414,6993359403,5546344025.1,7365.5,1879.99,287345.25,16919.77,2024-11-10
3086145695,6974743624,611717950.12,782.33,4.71,2974.28,700.89,2024-11-10
3086145695,7048810931,156530399.11,253.7,3.03,5583.76,227.29,2024-11-10
3086145695,3460617103,1291432611.7,2855.43,29.47,16037.02,2558.19,2024-11-10
3086145695,8844330100,1517806635.08,1867.18,27.71,118773.01,1672.81,2024-11-10
3086145695,9932223162,9382675318.02,11530.01,104.17,1091465.27,26780.16,2024-11-10
3086145695,7088147105,290285377.87,354.54,2.48,9001.72,317.63,2024-11-10
3086145695,6995670919,37058806.0,56.26,0.03,1406.62,50.4,2024-11-10
3086145695,9549139962,3950931211.22,20175.93,19699.78,482484.49,18075.66,2024-11-10
5082057286,8231113788,198133404.02,111.37,0.43,686.72,115.51,2024-11-10
5082057286,5918784997,467472410.29,420.38,4.04,47713.33,444.34,2024-11-10
5082057286,6490168587,4058930684.0,5331.54,85.86,436339.82,7205.11,2024-11-10
5082057286,7983059613,683072070.06,12337.58,5090.4,432809.84,18290.63,2024-11-10
5128952228,9600517435,26412149607.67,134.45,20.76,3220.41,961.58,2024-11-10
5128952228,8051023404,13194223823.67,1405.48,0.06,55040.89,1372.24,2024-11-10
7757875170,4365941222,11184185801.26,191.38,329.93,12817.09,206.78,2024-11-10
7757875170,1175050870,10412445817.94,65.01,440.06,995.75,70.25,2024-11-10
7757875170,3644920461,221876603823.87,940.42,100.76,153609.93,85646.42,2024-11-10
7757875170,9649439618,11428752721740.98,42757.7,1178.7,5477299.04,250862.37,2024-11-10
7757875170,5407833538,247532134196.39,22430.07,7942.84,1503024.64,24235.35,2024-11-10
7757875170,1207083505,52281508032.0,408.4,132.98,345461.85,13231.25,2024-11-10
7757875170,9348286127,69053823478.12,333.31,82.48,155555.44,360.14,2024-11-10
7757875170,8349410437,77689892195.8,217.02,149.07,134849.31,234.49,2024-11-10
7757875170,6725224788,64290792176.54,49.45,354.28,91255.99,77226.63,2024-11-10
4571331389,7924308711,181063645855.5,393.12,47.9,3135.33,416.31,2024-11-10
8018066855,7567643025,25246960892.71,115.33,23.36,1070.05,117.42,2024-11-10
2009975355,6160307749,21144987940.0,57.01,5.44,479.96,57.79,2024-11-10
5171899165,3514138063,92279800.1,47.12,2.88,4814.64,1950.37,2024-11-10
4539006085,1852112676,240528311.75,206.28,10.53,2336.25,224.02,2024-11-10
4539006085,2269734252,629686529.59,4264.02,609.12,60041.64,12174.75,2024-11-10
4539006085,5120629537,550188031.1,570.0,18.21,3384.49,619.02,2024-11-10
8009589948,9864867232,2802921605.88,1402.43,180.38,308694.13,89955.32,2024-11-10
3155375047,8676952369,8134063994.29,2413.42,795.72,6583.35,2156.28,2024-11-10
3155375047,4196694573,281415067.32,63.95,25.35,5735.13,2731.42,2024-11-10
1138743890,6236877545,5872766959.96,2143.85,871.39,138556.03,26417.02,2024-11-10
1138743890,6753423374,11392568947.26,9240.81,916.54,520102.48,54101.87,2024-11-10
1138743890,8843712267,508061084.09,964.33,22.53,4181.67,1132.48,2024-11-10
1138743890,2133958043,62925278.45,24.31,11.64,2307.75,789.88,2024-11-10
1138743890,6537905638,5208322970.72,4211.17,635.99,83119.76,14420.82,2024-11-10
1138743890,9485549021,2770235589.18,1756.68,181.61,40603.46,3359.36,2024-11-10
1138743890,1016181444,11192579818.6,10296.07,2537.26,449242.93,12091.37,2024-11-10
1138743890,7608547080,447878177.45,1295.68,126.93,43753.24,1522.66,2024-11-10
1138743890,7185837125,565794867.93,1754.88,186.81,84668.07,2092.59,2024-11-10
7187956485,3959948835,664607728.0,248.07,23.49,8425.17,268.4,2024-11-10
7187956485,9048960050,140368880.0,117.17,2.32,1627.4,126.77,2024-11-10
7187956485,7452930527,229114192.0,146.46,4.93,1582.99,158.46,2024-11-10
7187956485,2512207212,8675678368.48,4865.35,5540.02,211661.43,5263.98,2024-11-10
7187956485,6596978266,539931744.0,293.84,12.23,5665.79,317.92,2024-11-10
7187956485,7217723415,409028752.0,280.11,409.32,8709.39,303.06,2024-11-10
7187956485,4948876257,717223856.0,531.85,816.78,9106.13,575.42,2024-11-10
7187956485,4424952508,3010235968.0,2398.35,4302.87,109516.29,2594.85,2024-11-10
7187956485,3917037992,407686537.14,478.75,530.95,10191.72,517.98,2024-11-10
7187956485,7777019514,526318000.0,348.77,19.32,3111.7,377.34,2024-11-10
7187956485,1353031982,2429379408.0,1856.43,61.03,15850.6,2008.53,2024-11-10
7187956485,1936745141,812539314.44,3496.83,3534.45,120896.24,3783.33,2024-11-10
7187956485,7434484562,3845944888.44,2805.7,5876.97,21746.34,3035.58,2024-11-10
7187956485,3287997814,2255690402.68,1841.78,143.85,66327.58,2850.37,2024-11-10
7187956485,3833828205,1856332429.19,1456.4,117.11,58034.65,2456.19,2024-11-10
4840214693,8096022562,170489280.0,124.44,6.66,20987.63,125.81,2024-11-10
3979990204,7730939882,2055807794.87,1111.41,72.35,9750.22,1146.45,2024-11-10
3979990204,7675619656,3902254664.02,1592.35,799.44,190809.32,20207.59,2024-11-10
3979990204,3502796478,5191292626.09,2407.44,58.45,12180.37,2483.34,2024-11-10
3979990204,2137524281,429676528.21,244.62,9.95,9646.18,252.33,2024-11-10
3979990204,3387794418,31450199948.43,15630.85,202.29,1526817.25,19797.19,2024-11-10
3979990204,8911219393,105594089.0,88.62,30.89,307.35,91.41,2024-11-10
3979990204,6307478183,321751174.13,113.54,2.34,5017.81,861.74,2024-11-10
3979990204,9058435501,1455518652.43,554.78,9.64,15284.41,572.27,2024-11-10
3979990204,5152956290,1366021032.42,392.32,7.17,27393.2,4443.92,2024-11-10
6660540879,4515946768,4454002460.2,18440.6,5538.88,966279.39,451672.97,2024-11-10
6727254708,8428077364,413964060.0,535.66,25.34,36739.21,534.01,2024-11-10
6727254708,9677875686,263193630.0,247.59,1.44,15472.78,246.83,2024-11-10
6727254708,9520852297,1031506056.38,1059.08,31.17,57813.9,1055.81,2024-11-10
6727254708,9123132492,298489245.47,667.45,9.31,6178.18,665.4,2024-11-10
6727254708,7941954794,876284250.0,2020.24,54.09,104848.72,2014.02,2024-11-10
6727254708,1243269632,21149188767.9,40402.06,1168.7,1916603.92,40277.6,2024-11-10
6727254708,9734535828,2325769046.37,5583.44,91.54,224550.64,5566.24,2024-11-10
6727254708,9797989145,5956907526.36,7683.71,178.07,413865.11,7690.07,2024-11-10
6727254708,6591498006,503823190.78,697.58,33.7,42891.63,695.43,2024-11-10
6727254708,3844284608,3796525081.56,4532.84,52.84,216567.35,4518.88,2024-11-10
6727254708,8722238649,1594969847.78,3420.11,32.26,188174.3,3409.57,2024-11-10
6727254708,6038097513,1207330507.06,3419.16,46.57,207091.32,3408.63,2024-11-10
6727254708,4836102562,4985120052.05,7035.08,159.27,354067.76,7013.41,2024-11-10
6727254708,3903841507,458880284.74,1297.25,17.16,98470.54,1293.25,2024-11-10
6727254708,7485787516,4760214866.44,9198.42,177.89,387189.55,9185.1,2024-11-10
6727254708,5645873532,253385768.36,804.9,15.17,42081.34,802.42,2024-11-10
4765961919,7822116306,505641647.69,1729.59,27.83,50057.13,1596.49,2024-11-10
4765961919,2264434474,551498105.2,1272.71,27.89,42522.54,1174.77,2024-11-10
4765961919,3489109962,102534120.0,211.62,0.09,6978.61,195.34,2024-11-10
4765961919,3723944607,88878600.0,232.39,7.62,10517.76,214.51,2024-11-10
4765961919,8666345199,2008013119.28,4577.62,508.36,238421.07,4536.62,2024-11-10
4765961919,8132244576,645108248.7,1055.16,20.65,39870.09,1383.8,2024-11-10
4765961919,6171542340,2757287306.93,4314.57,139.05,181809.99,3997.15,2024-11-10
4765961919,6799882775,1202592074.51,3339.52,439.32,134528.01,3083.44,2024-11-10
4765961919,4206199463,3551773092.7,9293.68,122.32,494458.34,10264.44,2024-11-10
4765961919,4979029867,1814255296.22,5621.9,78.22,295299.61,5525.18,2024-11-10
4765961919,7356903700,762485412.74,1735.52,1459.2,32167.74,1601.96,2024-11-10
4765961919,9862964062,2516024643.23,4779.35,101.9,160275.04,7324.31,2024-11-10
4765961919,7566547729,347051126.61,327.33,6.63,17990.05,302.14,2024-11-10
4765961919,6091608057,2680069919.65,7343.57,207.14,292050.91,7120.75,2024-11-10
4765961919,3542142104,8271918864.88,13765.49,355.19,570822.33,12901.52,2024-11-10
4765961919,7047568737,2992515844.53,39773.56,648.55,75874.15,36712.82,2024-11-10
4765961919,8821356314,2049206711.13,4055.48,79.61,127586.78,4542.09,2024-11-10
4765961919,1088558816,1615463957.25,4022.85,2095.68,878839.69,83958.43,2024-11-10
4765961919,9261438241,1210078192.44,1825.51,1649.3,976945.69,20844.7,2024-11-10
5660113447,2575775551,4050080001.49,5821.44,102.38,9016.73,5587.36,2024-11-10
2990144704,4920939478,18381281811.75,204.12,89.57,3696.3,203.62,2024-11-10
2990144704,9383468332,351474703925.68,7243.26,794.82,729140.65,26280.58,2024-11-10
8000140564,1081854423,121054798.18,50.73,5.19,338.24,48.0,2024-11-10
8000140564,9281419826,841033994.16,241.19,28.63,2276.07,228.24,2024-11-10
8000140564,8865490323,553966768.24,383.8,34.15,3114.86,363.19,2024-11-10
8000140564,2716689079,193244694.71,156.01,12.61,900.45,147.63,2024-11-10
8000140564,4839082660,109076089.12,48.81,5.46,322.82,46.19,2024-11-10
8000140564,8498327917,512254858.11,176.11,22.76,1767.35,166.65,2024-11-10
8000140564,2536940292,309963822.65,161.75,21.91,1562.42,153.06,2024-11-10
8000140564,1537102753,61042555.0,22.97,2.35,212.19,21.74,2024-11-10
8000140564,9010567738,59118913.0,56.47,8.4,155.06,53.44,2024-11-10
8000140564,6566061150,280101040.38,160.79,6.29,1152.54,152.16,2024-11-10
8000140564,8915708680,35111261.36,80.4,5.77,227.61,76.08,2024-11-10
8000140564,8697411426,148087918.34,47.85,5.62,214.91,45.29,2024-11-10
8000140564,1130813901,140969309.11,61.25,5.88,217.63,57.96,2024-11-10
8000140564,9920379687,105505660.97,87.1,8.9,272.95,82.42,2024-11-10
8000140564,7087997498,234492649.87,185.68,18.28,3136.62,180.23,2024-11-10
8000140564,5985744417,47830644.85,80.4,6.39,3783.17,76.08,2024-11-10
8000140564,7772324276,225865067.66,172.28,8.38,3471.23,163.93,2024-11-10
8000140564,5635453509,163608250.8,120.59,7.36,644.73,115.93,2024-11-10
8000140564,4641876052,236534672.19,129.21,7.87,6189.82,142.19,2024-11-10
8000140564,9095205024,259480956.9,68.91,12.61,624.79,65.21,2024-11-10
8000140564,4322279418,784586397.0,216.3,50.74,2458.33,204.69,2024-11-10
8000140564,1226549448,479291293.18,293.83,71.14,1939.65,278.05,2024-11-10
8000140564,1111124926,584120759.38,234.49,31.51,2043.02,221.9,2024-11-10
8000140564,5878024733,137091468.72,66.04,2.47,204.03,62.49,2024-11-10
8000140564,8234596837,357844409.93,125.38,13.12,851.49,118.65,2024-11-10
8000140564,4010991219,276026885.71,140.69,23.12,1157.08,133.14,2024-11-10
8000140564,8686722746,499038593.81,160.79,23.12,1191.54,152.16,2024-11-10
8000140564,3076726376,181794347.0,124.42,7.35,808.87,117.74,2024-11-10
8000140564,2269123162,108070004.0,30.63,2.63,183.17,28.98,2024-11-10
6991056822,6947502491,107775917.63,294.51,121.49,8240.76,304.7,2024-11-10
6991056822,9106102873,109060816.02,255.68,93.53,6783.86,292.98,2024-11-10
7526521017,7414501658,1436671376.0,297.44,8.43,647.31,314.03,2024-11-10
7526521017,1141378532,3641254398.24,1713.43,34.98,55714.8,15670.51,2024-11-10
4631721175,6916705630,60833592100.65,313.83,130.05,458.33,317.45,2024-11-10
4631721175,3173294802,380456895653.43,2906.5,178.19,171427.92,19017.55,2024-11-10
6287055608,9377088651,116854105480.31,514.43,145.33,24239.29,518.55,2024-11-10
6287055608,4976565394,42220003830.25,123.83,24.76,4975.9,136.41,2024-11-10
2156171975,3180977400,16847531230.16,34.36,33.19,59.45,37.61,2024-11-10
2156171975,9060550703,9010654697.32,47.13,23.75,62.48,51.58,2024-11-10
3878840424,3989998889,2045128440.71,4006.11,67.34,8646.94,3959.14,2024-11-10
3313050187,2870818332,5142968232.53,8035.86,1729.84,514894.64,7937.83,2024-11-10
4969504105,9238967621,383694278.62,171.65,15.63,1655.28,178.35,2024-11-10
4969504105,1627501892,222336594.92,97.37,4.08,2851.03,206.22,2024-11-10
4969504105,7796569951,628525757.02,623.36,14.66,28512.17,4339.82,2024-11-10
4969504105,3150063019,198624954.79,90.34,4.25,1126.58,94.75,2024-11-10
5954988949,5012601188,1825199945291.92,54604.87,4499.8,3849655.65,429945.3,2024-11-10
3551284065,6326171655,1040335550.0,435.09,2.61,3569.98,438.94,2024-11-10
3551284065,7197465869,166853687.35,242.13,10.79,391.75,244.27,2024-11-10
8201637580,2326143061,6042056691.82,121.17,41.47,199.32,107.64,2024-11-10
9792369345,4082776459,13764231.37,130.72,44.89,143.18,129.92,2024-11-10
3017575657,5091038607,1545144185.47,1156.6,292.99,83452.66,1113.67,2024-11-10
3017575657,5208105534,486678666.61,243.09,42.12,14091.32,251.38,2024-11-10
7825259319,7747558724,6993246211.54,1562.65,447.91,3524.4,1677.13,2024-11-10
3941929869,5355702391,36293545307.9,196.85,85.89,405.18,208.71,2024-11-10
2756827689,3668065024,54543811.18,2288.57,893.57,22271.5,9070.31,2024-11-10
1035543794,9629269597,8735154580.58,11110.18,226.14,346046.24,10315.41,2024-11-10
1035543794,1336677625,48290838776.91,103875.94,2039.85,7327859.37,96952.29,2024-11-10
1035543794,3572750171,10602497725.01,17324.62,413.17,710569.72,16079.18,2024-11-10
1035543794,2006217542,862533073.5,2621.55,55.13,122065.87,2433.09,2024-11-10
1035543794,3985488676,44583036.91,203.77,2.03,10663.6,189.12,2024-11-10
1035543794,2752917760,1714325190.28,2244.63,136.36,176746.42,2083.27,2024-11-10
1035543794,5321997374,9332099205.4,32857.55,599.13,2005141.61,30495.47,2024-11-10
1035543794,9053347342,5966514992.02,6363.31,95.15,221657.51,8082.22,2024-11-10
1035543794,5218888928,13499992225.76,30392.26,542.96,1666262.41,28207.4,2024-11-10
2656837900,6541769165,3153204377.74,4843.52,98.18,121021.73,4753.42,2024-11-10
2656837900,9595694025,3509392758.01,3547.55,67.21,77212.27,3481.57,2024-11-10
2656837900,6135997853,904029816.05,1286.62,34.3,43218.33,1262.69,2024-11-10
2656837900,5465389887,86014032.0,114.14,1.35,3475.82,112.01,2024-11-10
2656837900,5453948382,650848848.0,454.47,10.35,10698.89,446.02,2024-11-10
2656837900,8763695616,279647976.0,221.01,2.93,18202.87,216.9,2024-11-10
2656837900,4795723974,2660138164.63,1827.21,57.2,36738.66,1793.23,2024-11-10
2656837900,7864012560,516838512.0,501.16,8.07,14431.02,491.84,2024-11-10
2656837900,9686786580,971090016.0,491.82,19.06,14181.33,482.67,2024-11-10
8842840036,1210173408,427457566.1,2277.03,128.58,131172.26,2055.77,2024-11-10
8842840036,2536633717,891080193.93,3460.97,226.29,208368.45,3134.91,2024-11-10
8842840036,6295533226,1629993948.98,4292.92,211.13,323017.47,3887.89,2024-11-10
4126844175,4708428367,54717105.6,162.57,5.42,4471.96,174.1,2024-11-10
9058771111,6989875358,36660652.0,128.36,2.86,812.41,114.19,2024-11-10
5445022053,4101799412,187824839.68,799.42,174.12,8240.35,817.95,2024-11-10
7658197888,8092448106,100189632.6,220.71,23.41,8035.61,241.86,2024-11-10
9677358744,2396056575,79217228.82,251.61,1.51,2251.23,263.37,2024-11-10
9677358744,8417110618,116560230.63,567.68,8.03,14758.68,594.21,2024-11-10
3886905599,5291960637,20077440.64,410.14,9.58,1187.18,372.93,2024-11-10
9218342578,4697041972,49570959.64,183.4,3.6,1538.77,193.86,2024-11-10
9218342578,5102935462,98172715.52,376.89,37.9,1686.2,398.38,2024-11-10
9218342578,6819664604,115859406.0,498.85,9.37,32429.91,527.3,2024-11-10
3487944451,6376707434,217159879.41,806.2,19.84,31853.0,915.46,2024-11-10
1757896755,2188364055,89787795.05,295.59,6.15,1739.63,271.04,2024-11-10
3851958960,9921036229,1678801.0,26.25,2.04,97.32,23.62,2024-11-10
1517367026,8344008125,653141584.83,659.97,19.71,60448.8,984.92,2024-11-10
1517367026,2679218740,600607112.14,441.7,14.63,18752.41,438.31,2024-11-10
1517367026,8875061965,995761696.25,1658.69,23.3,107684.36,1645.96,2024-11-10
1517367026,5874711756,172363773.48,96.78,0.01,8140.99,96.04,2024-11-10
1517367026,7897960882,2614364733.38,2068.47,53.87,115946.97,2328.45,2024-11-10
5928471422,6746047820,2324698836.24,2340.04,82.79,86343.99,2149.5,2024-11-10
5928471422,8690631971,2845631808.74,3230.3,103.44,108725.21,2967.28,2024-11-10
5928471422,4033758918,1655169346.41,1470.38,38.56,45837.07,1350.66,2024-11-10
5928471422,8674892554,79016730.0,75.22,1.67,2523.73,69.09,2024-11-10
4925883884,4675211549,20012272377.57,16919.29,584.06,1450569.85,14853.25,2024-11-10
4925883884,9745155174,8467116093.65,7284.53,99.66,506910.99,6396.72,2024-11-10
4925883884,3576483186,6849531182.79,5770.39,136.32,391890.76,5263.32,2024-11-10
4925883884,3071680482,4080211947.18,3974.35,155.06,278314.53,3486.4,2024-11-10
4925883884,3869558152,6683545915.12,5554.7,225.26,512313.57,4872.71,2024-11-10
4925883884,8621374409,8526650724.01,7410.53,218.0,642278.45,7983.49,2024-11-10
4925883884,2150537520,1509291802.53,2247.72,81.0,221214.58,1971.75,2024-11-10
4221243019,4202971078,6185118610.48,3430.47,15246.02,316148.71,38900.53,2024-11-10
3818150017,7908221650,1233552600.0,3053.74,777.48,116263.87,3385.95,2024-11-10
3818150017,8122939110,293181300.0,691.78,311.32,1527.88,767.04,2024-11-10
2373677586,5034490324,194446015.45,1403.69,1147.79,42152.86,3179.01,2024-11-10
9999862340,8921744127,11829847408.23,10484.93,180.5,407490.0,9327.69,2024-11-10
9999862340,1659467148,509832696.0,399.73,337.38,11541.0,339.82,2024-11-10
9999862340,6161746386,471899856.0,252.24,5.99,13366.0,214.43,2024-11-10
9999862340,9420573778,888615093.0,759.92,556.49,11519.0,646.01,2024-11-10
3144474603,9306888902,140906709.97,42.69,2.75,252.4,41.68,2024-11-10
3144474603,7477917966,121416254.72,95.23,13.29,676.39,92.97,2024-11-10
3144474603,3054378705,113533672.47,187.18,16.49,1290.13,182.73,2024-11-10
3144474603,7933756559,354705747.3,88.66,11.0,648.24,86.56,2024-11-10
3144474603,8178969364,208538587.0,83.19,8.54,197.92,81.21,2024-11-10
3144474603,3233033323,611294596.0,187.18,29.73,490.27,182.73,2024-11-10
3144474603,2568290212,141512258.77,123.69,10.56,4416.93,120.75,2024-11-10
3144474603,5875435663,231758241.0,548.39,22.55,23424.73,535.37,2024-11-10
3144474603,7114940344,274039003.76,102.89,19.51,579.24,100.45,2024-11-10
4748463484,7904486179,4917801312.0,2779.9,66.17,8854.56,2597.52,2024-11-10
4748463484,1054671272,2410344985.89,1689.31,14.49,51405.14,1578.47,2024-11-10
5966024179,4237016550,8469753973.14,8928.35,2013.1,372395.79,42787.87,2024-11-10
4328703191,4353812705,41087297.75,168.35,1428.67,43104.38,145.99,2024-11-10
4328703191,2011772774,94039422.27,579.16,515.42,5396.11,502.26,2024-11-10
8458175737,9805345014,36610864.0,120.88,1.22,1947.93,108.85,2024-11-10
5048405933,1919148507,1302903840.0,614.87,4.23,1723.05,617.14,2024-11-10
5048405933,5128992073,67264739.76,68.54,0.84,5319.7,74.69,2024-11-10
4260952526,5007300728,1381702380.0,1730.86,47.52,2643.39,1465.37,2024-11-10
4260952526,9269169364,1147175778.52,849.85,7.4,41425.56,2167.58,2024-11-10
4260952526,2375527770,198325581.27,168.68,2.19,7307.76,279.25,2024-11-10
4260952526,8033674220,584831837.52,1142.09,252.03,14319.87,1197.94,2024-11-10
7107398469,4466502603,711328052.0,1430.56,41.12,2407.36,1279.51,2024-11-10
1544027227,6958179722,136421376.0,160.58,8.0,441.46,177.57,2024-11-10
1544027227,7856688369,32806190.69,187.19,37.01,2306.11,206.99,2024-11-10
1544027227,2071822071,106578027.63,401.93,25.38,10553.04,741.79,2024-11-10
8698180854,6683136554,1673060762.11,558.67,2.6,2899.97,576.77,2024-11-10
8698180854,5906162395,4425094129.91,4330.44,31.32,283927.96,5034.54,2024-11-10
8698180854,9827003350,97402659.24,128.36,0.19,8942.74,146.64,2024-11-10
4243137714,3073885350,437584909.28,191.63,2.73,382.93,203.43,2024-11-10
4243137714,3771177059,3625268427.42,3261.61,42.5,277549.63,4449.48,2024-11-10
4243137714,6745556142,3580878509.49,3844.32,55.78,241076.97,6452.62,2024-11-10
4243137714,6729387006,2137297073.31,1569.21,23.64,124004.22,3985.54,2024-11-10
4243137714,6032670287,216071386.53,195.54,2.52,18660.39,233.53,2024-11-10
6912959742,6568151555,407246135.24,476.91,8.46,25935.23,628.93,2024-11-10
6912959742,1853635877,1606525799.73,2584.03,34.34,117120.8,2599.38,2024-11-10
6912959742,3626331029,1828006812.07,1367.55,14.86,67173.87,3939.02,2024-11-10
6912959742,3411206172,295672856.78,210.32,3.52,15132.71,1769.27,2024-11-10
6912959742,9968457051,773103892.57,1054.54,9.43,53771.04,2167.87,2024-11-10
6912959742,4389296326,874061736.32,924.21,2.9,54905.99,1263.49,2024-11-10
6912959742,1803464434,618739297.74,258.7,4.1,5862.43,335.62,2024-11-10
4295580695,2960047847,1328961723.0,9812.39,204.34,13730.76,8625.22,2024-11-10
4295580695,4201190704,528192658.02,143.49,40.55,16049.96,1348.65,2024-11-10
4295580695,2823847807,373252378.04,235.73,25.34,34205.21,272.07,2024-11-10
4295580695,3476279915,456888382.87,52.27,66.91,8840.54,412.61,2024-11-10
4295580695,6167927696,134325825.6,296.2,93.78,7249.46,728.83,2024-11-10
7886265417,4880365383,807596513.07,1526.4,18.63,9139.96,1547.95,2024-11-10
7886265417,2327774194,1281854794.74,2432.24,38.9,151895.43,3002.98,2024-11-10
7886265417,8327801375,8007215355.4,16888.26,160.28,1146038.65,27345.7,2024-11-10
7886265417,2603513256,1170771338.41,840.25,16.05,121393.05,15481.61,2024-11-10
7886265417,1221323529,433811862.75,267.59,5.04,4680.66,271.37,2024-11-10
1967633865,1708818240,186038568.0,262.21,5.78,429.19,290.03,2024-11-10
1967633865,1004425178,414967582.85,125.24,1.6,280.99,138.52,2024-11-10
5479808415,5139605877,40791557.38,34.75,1.77,1963.01,33.73,2024-11-10
6135802989,8959948793,518791887.39,726.17,47.57,2246.29,824.77,2024-11-10
6135802989,5282504483,94903971.11,172.63,174.42,102436.24,4528.8,2024-11-10
6135802989,3172996917,163586645.0,442.83,16.47,5016.56,502.96,2024-11-10
6135802989,1670322714,508016959.09,470.98,377.91,12971.27,543.46,2024-11-10
6135802989,8522679787,859943745.69,2850.25,109.03,179359.83,3489.84,2024-11-10
6135802989,5331021189,977622014.56,3099.81,103.94,201512.74,6259.33,2024-11-10
6135802989,1750577603,231364759.41,242.06,124.25,11912.24,2545.72,2024-11-10
2899793385,4193135974,237822943.27,173.36,4.17,3161.39,182.25,2024-11-10
2899793385,3601854298,716914325.62,1671.98,22.63,100355.05,2199.94,2024-11-10
2899793385,5790083369,355121092.66,201.77,19.77,582.49,212.13,2024-11-10
2899793385,7079228468,20225025.64,34.1,32.24,337.38,35.85,2024-11-10
2899793385,2424527313,401169768.92,363.76,3002.48,38549.89,5779.21,2024-11-10
2899793385,2716818077,98105241.63,159.15,8.61,11570.93,202.17,2024-11-10
2899793385,9466107714,12953991.0,338.19,11.48,569.03,355.54,2024-11-10
8493138820,3042807969,203429640.32,1142.19,23.05,1958.62,1178.7,2024-11-10
8493138820,1353798642,304665625.88,762.78,6.53,35968.54,1121.75,2024-11-10
7730435073,7169890315,124982841.37,137.6,1.59,7926.0,156.19,2024-11-10
7730435073,6622504921,171330367.43,153.86,0.04,15864.06,194.5,2024-11-10
8180638008,4381898290,590656661.21,109.97,5.58,194238.92,156606.83,2024-11-10
7486359225,3141631769,73186730.7,61.57,2.13,31242.02,26108.89,2024-11-10
7486359225,7767634089,211019505.33,349.27,124.42,58463.72,25217.57,2024-11-10
7486359225,7459236282,605703029.71,6840.95,2561.04,358098.29,38243.78,2024-11-10
7486359225,9256781206,547037922.67,3146.58,1264.35,363362.44,37734.59,2024-11-10
7486359225,7954693933,180632229.17,1633.8,782.88,117803.55,14363.65,2024-11-10
7486359225,3890043293,400679043.56,320.6,138.57,92735.3,52999.91,2024-11-10
7486359225,7004536122,952964457.87,64.76,46.66,146064.67,102827.98,2024-11-10
7486359225,6271964660,414837710.69,229.31,94.63,99263.84,40112.06,2024-11-10
9347899940,2778325508,1343069986.2,11658.65,186.73,24283.12,13993.68,2024-11-10
9347899940,7285974483,418343818.44,12293.57,83.2,26357.16,14776.67,2024-11-10
9347899940,8479424672,971257870.28,6820.19,155.74,19484.13,8576.56,2024-11-10
9347899940,6014387531,477919587.89,11.91,172.03,86866.99,55423.78,2024-11-10
9347899940,5755284582,416407330.78,4103.66,70.86,15217.89,5269.76,2024-11-10
9347899940,6432494004,1704013946.9,13895.09,260.4,41889.11,16679.15,2024-11-10
8452065073,2932844757,1240145712.0,844.54,10.55,1965.35,920.86,2024-11-10
8452065073,7687297864,3117866422.97,3224.04,29.32,212586.04,4595.22,2024-11-10
8452065073,9893624496,686624545.72,383.97,103.68,190720.45,151654.42,2024-11-10
8452065073,4274168559,1145111995.72,736.55,8.71,57818.17,1281.15,2024-11-10
2826827076,1818263064,1798223336.0,2590.6,31.9,4723.93,2701.72,2024-11-10
2826827076,9804129007,183272285.0,311.34,3.14,4463.86,324.69,2024-11-10
2826827076,8952139826,177125823.81,569.33,12.42,25092.73,653.43,2024-11-10
2826827076,7625816281,966416652.41,2682.74,48.33,160086.54,3120.48,2024-11-10
2826827076,7445655295,1934824882.72,3758.36,59.52,135352.42,4313.04,2024-11-10
1684414765,3878041365,1208046225.0,7086.35,44.98,14411.25,6868.49,2024-11-10
1684414765,4208562937,49103154.27,340.34,4.15,3671.35,329.88,2024-11-10
1684414765,3075231399,965254904.64,3852.58,28.71,219622.59,4113.65,2024-11-10
1684414765,5401990458,66145583.36,522.78,0.03,6248.1,506.71,2024-11-10
1684414765,4320412606,238537455.36,370.21,5.17,11013.03,398.13,2024-11-10
1672862023,2506216009,288533501.0,3256.54,64.13,5344.71,3649.61,2024-11-10
1672862023,5684676954,81748531.63,250.8,7.62,3752.03,281.07,2024-11-10
1672862023,5419585994,173806487.54,567.39,29.98,27968.54,649.77,2024-11-10
1672862023,9009504259,599593596.72,1539.11,37.51,97613.46,2065.8,2024-11-10
3457456980,9335146426,1343157470.36,1054.78,15.55,87341.54,2474.16,2024-11-10
3457456980,8154994072,1070740525.39,454.63,7.93,43469.55,1038.4,2024-11-10
3457456980,3203595397,62777297.47,571.05,501.11,11662.94,575.32,2024-11-10
7676611041,9159060721,266865200.0,363.43,0.03,26630.77,382.56,2024-11-10
9154075154,7964749507,502092088.12,1656.44,91.45,61340.29,1568.38,2024-11-10
4695215334,9369397988,679710976.93,120.6,13.77,1549.46,128.15,2024-11-10
4695215334,7231652811,397604160.0,110.88,7.22,307.23,117.82,2024-11-10
4695215334,4509106959,984056832.0,174.1,10.43,331.81,185.0,2024-11-10
4695215334,3340990657,585875653.92,284.97,6.43,37889.65,823.7,2024-11-10
3618949692,8901620453,2019092138.26,1415.52,92.49,7406.55,1499.33,2024-11-10
3618949692,7607908731,186790065.0,127.79,20.34,239.8,135.36,2024-11-10
5007176908,4060656352,107646653.98,83.74,18.39,506.29,74.15,2024-11-10
5007176908,3126286823,206943700.9,205.15,52.09,1095.42,181.67,2024-11-10
5007176908,4184079153,123808672.88,90.02,14.3,1131.22,79.71,2024-11-10
3539058667,7075913638,88527595.28,24.93,10.75,188.87,25.28,2024-11-10
3539058667,3340020946,378299517.91,58.82,37.63,1380.67,59.65,2024-11-10
2830511829,7144493587,734666411.8,97.48,49.13,1388.43,88.94,2024-11-10
2830511829,1474814690,207776724.11,29.84,26.97,476.62,27.23,2024-11-10
2344918624,2569335345,122552787.83,154.44,25.06,1805.7,149.04,2024-11-10
2344918624,4756340523,64182240.0,20.81,14.17,60.22,20.08,2024-11-10
5460111518,8955838712,60572668.9,134.32,30.18,1581.11,159.09,2024-11-10
5460111518,6102580605,113401537.4,315.6,67.25,3903.08,375.08,2024-11-10
1638662180,4804931645,993567120.0,200.91,47.86,561.75,179.67,2024-11-10
1638662180,3523438294,2484222534.11,4965.88,788.72,46894.99,4503.27,2024-11-10
1638662180,3287337869,352323784.12,413.64,13.67,6903.07,2055.15,2024-11-10
9421829897,1872053224,160962048.0,63.13,33.22,1582.92,53.42,2024-11-10
9421829897,6732017444,361830144.0,255.8,218.23,3676.4,216.46,2024-11-10
9421829897,8307487696,154920595.81,310.22,534.73,4437.96,262.51,2024-11-10
6850670091,3151935229,46764616.4,161.51,46.57,3171.26,153.89,2024-11-10
3610097806,3180925154,33137715.39,35.34,10.95,687.23,58.35,2024-11-10
3610097806,3826135626,71433014.27,64.44,9.95,1471.74,70.59,2024-11-10
3610097806,9967621124,297671573.25,1175.45,275.31,10759.76,1080.5,2024-11-10
3610097806,8081929504,5821106.82,15.59,2.24,200.86,15.06,2024-11-10
3610097806,5010669122,86547036.99,107.05,40.44,412.52,96.94,2024-11-10
3610097806,7814768919,58208610.37,78.99,34.39,762.89,71.53,2024-11-10
6876393557,1271427752,1268681834.72,252.69,570.14,39236.64,19265.72,2024-11-10
7579730738,9566874645,2190869985.48,2309.27,15.28,12627.8,2690.43,2024-11-10
9686881868,3506343281,192878493.26,260.76,5.0,2285.21,295.79,2024-11-10
8145530460,5030016691,164164074.57,277.82,3.04,1760.7,305.72,2024-11-10
6278335695,3562027590,435889033.55,2187.98,37.21,3402.34,2398.64,2024-11-10
6278335695,5914119347,101433625.93,642.18,11.66,957.92,704.01,2024-11-10
4161132680,2512933297,298492644.25,696.85,13.83,18158.49,1246.07,2024-11-10
6699715634,9290265495,202171804.01,208.08,5.15,794.64,220.78,2024-11-10
6699715634,7458774535,369397685.4,412.33,9.4,1452.71,437.48,2024-11-10
6699715634,6452275656,280226536.37,237.81,8.9,991.39,252.32,2024-11-10
2274795399,5367867115,4507564304.04,5354.32,16.68,154048.83,37902.99,2024-11-10
2274795399,1214129606,8295983852.77,7314.14,14.37,36612.05,6545.45,2024-11-10
3000721614,3978667410,118552728.0,304.3,4.59,2576.79,291.31,2024-11-10
4139303472,6972972483,225302843.32,264.69,10.39,1605.67,278.56,2024-11-10
4139303472,7546874441,60700128.0,84.22,2.34,605.89,88.63,2024-11-10
4139303472,1349168393,55512432.0,83.3,1.49,584.79,87.66,2024-11-10
4139303472,3265100668,76753392.0,173.99,2.12,1521.27,183.11,2024-11-10
1467415627,5784461467,9158854261.96,9550.94,92.29,39424.64,10880.04,2024-11-10
3566905478,1591535805,26037543645.27,22213.11,175.72,131245.53,22874.28,2024-11-10
2587290667,1597047940,3423962462.6,4572.06,329.89,292919.27,177690.18,2024-11-10
2901644731,4606888347,5274307392.34,3903.7,1435.9,127125.69,12455.33,2024-11-10
3722240279,2110203587,1937273420.54,2166.73,342.96,88102.29,2212.79,2024-11-10
8399250647,2139655532,666692211.28,228.96,18.19,21025.85,236.59,2024-11-10
8399250647,1157335857,2945911357.06,1096.45,9.82,116546.15,8871.48,2024-11-10
4688974689,4827905773,56549023.98,25.34,3.66,99.45,24.4,2024-11-10
9251961671,1397988471,143943312.44,958.82,93.83,42994.14,1359.78,2024-11-10
9251961671,6946305841,333455180.44,155.73,70.16,101078.72,6645.92,2024-11-10
9251961671,3403659950,341475617.08,134.9,0.25,68340.84,7588.0,2024-11-10
4195391340,9934713171,698853954.27,149.06,7.07,4639.5,147.69,2024-11-10
4195391340,1520705806,153444099.0,66.01,2.03,2447.14,65.4,2024-11-10
4195391340,5909505277,808472027.37,207.62,4.97,3956.41,205.71,2024-11-10
4195391340,6908734197,103486441.0,33.01,0.99,2004.05,32.7,2024-11-10
4195391340,3745897630,1904661801.41,598.36,18.48,73558.15,7958.17,2024-11-10
4195391340,3342095751,1014846145.98,925.22,5.25,115270.27,22016.82,2024-11-10
4195391340,7947044794,427545445.07,311.96,8.37,25822.8,816.49,2024-11-10
4195391340,1489150798,946986181.24,574.94,5.49,41123.18,833.37,2024-11-10
4195391340,9508032118,1991205671.23,2363.63,3.59,849975.71,58382.39,2024-11-10
4195391340,3054505054,1038717433.89,260.85,6.01,26330.5,800.67,2024-11-10
5213587138,3094106768,844220328.0,220.92,45.58,3396.74,212.67,2024-11-10
5213587138,5060747707,712296060.0,237.32,54.81,3715.56,228.46,2024-11-10
5213587138,1540229871,354485754.0,119.62,40.77,435.02,115.16,2024-11-10
5213587138,7132317463,2881584127.82,2665.47,1066.43,16407.66,2567.86,2024-11-10
5213587138,4622642131,232618113.32,167.86,42.73,896.86,161.59,2024-11-10
1359714703,2774834781,22035983.0,59.42,34.85,899.68,55.61,2024-11-10
1350574641,1740321088,15090609016.13,9830.72,987.98,284876.65,9890.37,2024-11-10
1350574641,5117983022,727088130.0,1679.81,52.03,28098.05,1690.0,2024-11-10
1350574641,9975320653,681348780.0,474.46,65.23,34652.44,477.34,2024-11-10
1350574641,8826360405,402005970.0,255.4,35.89,44825.22,256.95,2024-11-10
1350574641,7501988636,502377312.13,1410.91,43.69,61147.8,1419.48,2024-11-10
8513664892,8860503080,1523791411.4,1175.77,211.3,17074.65,1217.73,2024-11-10
6877336869,5164309493,2857333733.63,2012.28,291.41,22786.02,2176.7,2024-11-10
6877336869,2788821594,6230451608.29,7237.32,419.2,578166.45,7828.66,2024-11-10
6877336869,8147179191,302628720.05,180.07,25.27,2879.8,194.79,2024-11-10
6877336869,7922071634,224670888.0,228.29,18.95,14954.02,246.94,2024-11-10
6877336869,9068270934,258342614.0,250.92,19.34,19566.93,271.42,2024-11-10
6877336869,6047551061,276032708.51,226.32,26.21,16189.71,244.81,2024-11-10
6877336869,5472048469,552246923.25,596.3,37.36,16121.64,645.03,2024-11-10
3963692963,3052130660,331560840.0,825.95,44.2,14214.07,782.38,2024-11-10
4482504627,9026805222,2062532044.05,1348.62,17.6,43924.49,3570.33,2024-11-10
4482504627,8798004302,471583883.98,1706.07,876.09,78549.38,1823.06,2024-11-10
9407111886,5687828130,1015788178.82,82.69,13.9,159.87,78.74,2024-11-10
7761714523,2258782074,127064202.02,2490.6,24.65,192572.69,2860.9,2024-11-10
1591927154,7892995928,1353458559.0,5302.91,2128.29,10220.74,5280.19,2024-11-10
1591927154,8003109042,2732179649.07,2800.36,135.56,39623.01,2788.36,2024-11-10
4073978577,6559819523,32537828.01,33.39,12.05,249.44,36.3,2024-11-10
9079538262,4404421686,96286398.0,238.48,355.54,26574.17,264.45,2024-11-10
1228802672,3374543946,190559947.86,287.04,212.07,17251.3,269.93,2024-11-10
6005829971,4304584543,139158264.0,262.09,265.78,19728.78,303.3,2024-11-10
3483707322,4485439868,253772688.0,455.33,1238.69,16718.83,471.06,2024-11-10
6487975423,2050143863,502353211.46,274.52,0.99,31258.2,407.99,2024-11-10
6487975423,9367414059,573186796.63,451.77,1.7,37347.83,651.54,2024-11-10
3600040380,9092437557,459643078.7,9546.53,24.05,174006.32,23227.88,2024-11-10
3600040380,8821057891,1933976505.37,34623.96,6.71,900381.8,66879.29,2024-11-10
3600040380,8704095502,932599706.79,100.52,0.16,7042.43,91.25,2024-11-10
3600040380,4392194616,1548532264.23,572.13,33.75,31040.69,13515.06,2024-11-10
3600040380,6841605576,474876948.12,109.08,3.18,3911.94,99.01,2024-11-10
7869137619,2352084330,133185496.85,155.5,1.53,274.43,143.82,2024-11-10
7869137619,6248036038,199512415.92,228.88,7.67,7804.63,471.96,2024-11-10
7869137619,3184668181,187458168.38,185.07,4.15,5722.47,188.38,2024-11-10
7869137619,1491766291,343638472.65,842.13,18.47,30206.44,791.0,2024-11-10
7869137619,7819848755,490551881.14,3401.38,74.64,195180.15,3345.28,2024-11-10
7869137619,9943898137,29374027.5,13.14,2.13,731.19,21.27,2024-11-10
7869137619,6874138218,53632885.29,64.61,5.33,1712.87,59.76,2024-11-10
7869137619,4772615072,278324159.51,556.31,7.91,11089.48,689.72,2024-11-10
7869137619,7720447243,120613467.51,412.85,0.03,13920.32,389.93,2024-11-10
7869137619,5727693856,53448855.7,40.52,4.27,1431.08,36.46,2024-11-10
7869137619,2911175801,74533593.9,1146.57,14.93,38968.8,1114.08,2024-11-10
2672329958,1678744082,420118597.95,119.31,1.15,24844.1,133.68,2024-11-10
2672329958,8161042002,24886485.12,487.08,1.32,4350.14,939.03,2024-11-10
2672329958,7367371014,2187433502.04,1981.86,45.41,3939.79,2166.98,2024-11-10
2672329958,2316648692,385967828.1,234.67,7.99,1667.13,256.59,2024-11-10
2672329958,2351523277,188902133.11,613.29,7.55,1368.17,670.58,2024-11-10
2672329958,1847005861,100321545.22,123.25,0.97,413.21,134.76,2024-11-10
2672329958,1618711485,105836054.05,59.16,0.58,534.13,64.69,2024-11-10
2672329958,9511976970,287005996.65,209.03,3.14,744.54,228.56,2024-11-10
2672329958,2236835106,135983211.0,51.27,0.47,916.87,56.06,2024-11-10
8347115882,2135211737,4114810957.23,1730.36,75.5,170327.57,3205.38,2024-11-10
8347115882,7930638749,586100715.31,192.15,16.66,18155.4,3396.76,2024-11-10
3356181707,4323206971,1041327.38,2.96,191.11,346.58,8.75,2024-11-10
3539058667,4748942002,155987484.83,8.97,10.75,87.87,9.1,2024-11-10
7383324448,5277806011,19948665.21,9.73,3.45,34.91,9.4,2024-11-10
2830511829,2775846739,73283755.0,10.94,10.6,108.55,9.98,2024-11-10
3144474603,9230618341,80899724.93,17.51,4.95,50.84,17.1,2024-11-10
7486359225,4929620447,59478317.24,16.99,6.34,9751.71,7650.07,2024-11-10
7869137619,5906566787,29868787.31,17.52,3.2,927.35,20.26,2024-11-10
7869137619,4216214883,26335333.19,19.71,2.13,561.75,21.27,2024-11-10
8000140564,6721458095,34768048.0,19.14,1.58,265.69,18.11,2024-11-10
8000140564,6885490146,62859386.01,21.06,1.48,228.51,19.93,2024-11-10
3144474603,5411794774,105586642.94,53.64,12.1,423.08,52.36,2024-11-10
2009937203,1343358832,64193677.65,85.09,5.7,4699.54,99.83,2024-11-10
4139303472,8928276408,27765692.74,76.82,3.19,920.4,87.66,2024-11-10
4590233378,1343337661,209932882.64,36.9,0.0,78864.98,35.07,2024-11-10
6166898083,3538400424,52148502.0,148.41,0.0,5486.8,144.17,2024-11-10
7670227211,2815968883,453165897.27,558.18,0.0,23705.91,502.65,2024-11-10
7192602240,2618103713,170157667.19,385.65,0.0,7740.13,398.97,2024-11-10
9061489677,7076658116,15191520.18,15.12,0.0,51.03,13.51,2024-11-10
6096057999,7286730284,92310028.17,91.73,0.0,34002.38,91.41,2024-11-10
6096057999,4181591003,50919152.32,24.19,0.0,8789.02,2547.41,2024-11-10
7954325167,4107157191,223023624.96,13.45,0.0,50686.91,39889.55,2024-11-10
7954325167,6506295216,518396176.0,59.56,0.0,753.52,61.69,2024-11-10
9095094092,4639728487,33087491.57,52.26,0.0,4174.24,52.25,2024-11-10
8221336085,7450728180,658046075.26,8214.64,0.0,282700.08,9230.51,2024-11-10
6550935424,2513433324,68626314.87,267.03,0.0,7233.28,272.74,2024-11-10
9511148560,7008503204,50836078.81,261.49,0.0,815.63,233.89,2024-11-10
6835683414,7626827976,256034731.84,28.76,0.0,103079.01,11993.26,2024-11-10
5082057286,6940638155,51040781.89,24.08,0.0,185.84,24.97,2024-11-10
3155375047,9701782768,51740436.17,37.74,0.0,1321.93,165.8,2024-11-10
6727254708,6363425590,64517321.88,23.54,0.0,537.1,23.46,2024-11-10
4765961919,6656023901,81014522.39,27.69,0.0,23988.01,3476.86,2024-11-10
4765961919,1471162320,1524223487.92,504.34,0.0,462893.56,60858.2,2024-11-10
4338917831,5157434288,39846948.0,252.0,0.0,4141.96,235.25,2024-11-10
4338917831,8385844712,523295844.0,1723.04,0.0,34107.23,1608.5,2024-11-10
7949948303,7070000057,40005350.0,158.62,0.0,14824.22,166.01,2024-11-10
1430064570,2466664946,42465400.0,63.71,0.0,219.58,57.15,2024-11-10
1430064570,6386339958,118038780.0,76.89,0.0,277.94,68.98,2024-11-10
1430064570,8101993487,180689097.93,34.05,0.0,56896.99,11063.09,2024-11-10
8000140564,9419219203,76108289.12,20.1,0.0,98.84,19.02,2024-11-10
8000140564,3428732882,21777271.19,11.49,0.0,939.44,12.68,2024-11-10
8000140564,3282279106,27171152.16,24.88,0.0,257.53,23.55,2024-11-10
8000140564,7979078816,129243063.31,43.07,0.0,2570.78,50.72,2024-11-10
5509067989,9673455954,36008652.0,27.82,0.0,139.11,30.23,2024-11-10
8367057304,2484584954,323304135.42,7941.87,0.0,146148.88,38279.95,2024-11-10
3878840424,7567285223,319897895.31,4611.71,0.0,124813.72,4557.63,2024-11-10
3878840424,5701100670,3513609396.19,242.62,0.0,540258.04,360257.78,2024-11-10
3551284065,4624545640,529010680.0,162.35,0.0,1282.6,163.78,2024-11-10
3551284065,4694856964,249281175.0,111.32,0.0,1056.59,112.31,2024-11-10
2415874979,3441628948,555995024.0,49.33,0.0,1175.64,56.48,2024-11-10
2656837900,8206394479,7532337.79,21.79,0.0,827.58,21.38,2024-11-10
9058771111,3686760545,198097496.0,87.99,0.0,3432.56,78.28,2024-11-10
5426182721,8213946842,56642433.0,57.76,0.0,343.0,55.23,2024-11-10
2393892303,1969093193,49293387.0,168.19,0.0,453.88,159.58,2024-11-10
5928471422,5458642515,18641376.0,26.79,0.0,1384.49,24.61,2024-11-10
6591765169,8716558496,60996340.0,14.79,0.0,131.32,15.1,2024-11-10
6591765169,6064052387,30591500.0,55.23,0.0,962.07,56.36,2024-11-10
6591765169,4042562160,29821594.9,517.81,0.0,11505.8,1407.09,2024-11-10
5966024179,7578418153,2087260797.78,26258.4,0.0,816628.81,29341.55,2024-11-10
7401912762,8829416197,35820999.29,26.44,0.0,23393.15,26.47,2024-11-10
1544027227,1728268603,298599402.93,4444.09,0.0,142870.77,4914.12,2024-11-10
8698180854,3222226374,175837294.72,584.97,0.0,16691.89,4365.44,2024-11-10
8698180854,4286869052,133107569.62,143.09,0.0,66262.36,64558.3,2024-11-10
4243137714,6003426856,213752401.98,926.86,0.0,20395.38,983.93,2024-11-10
6912959742,8607642723,145057552.3,5016.98,0.0,144690.09,5089.7,2024-11-10
6912959742,8206441347,54388995.21,37.52,0.0,812.53,42.3,2024-11-10
1967633865,3359896630,89863000.0,25.44,0.0,845.86,28.14,2024-11-10
5479808415,6397512605,60412288.67,33.67,0.0,2861.57,52.59,2024-11-10
5479808415,6337013290,50135809.13,45.61,0.0,2560.2,42.66,2024-11-10
5479808415,4744386212,36690550.22,44.53,0.0,1907.71,316.51,2024-11-10
6128140551,8544551464,116344087.52,123.65,0.0,1555.89,131.26,2024-11-10
8493138820,6150843659,68391169.36,1731.52,0.0,129086.06,1786.87,2024-11-10
8493138820,5209838986,112942530.0,171.48,0.0,12214.55,176.96,2024-11-10
7730435073,6573169994,137125421.36,3902.77,0.0,91190.21,3538.24,2024-11-10
9347899940,7836364429,1144469.38,68.72,0.0,163.77,82.48,2024-11-10
9347899940,3459834245,335739420.04,464.51,0.0,234719.57,557.55,2024-11-10
8906508432,4146412929,102967664.76,146.82,0.0,3444.73,129.73,2024-11-10
1684414765,2674161123,56092725.0,91.75,0.0,1710.96,88.93,2024-11-10
8564269730,1728794841,282752057.73,1650.46,0.0,58541.43,5081.29,2024-11-10
3457456980,2713123804,1331852044.76,8260.63,0.0,301632.33,27792.11,2024-11-10
3457456980,6362261235,1121601207.75,18772.34,0.0,1130289.62,22505.06,2024-11-10
7676611041,4173543421,1016527575.36,11149.14,0.0,420444.89,12086.58,2024-11-10
9491774733,2425040661,44216423.69,84.48,0.0,3423.09,139.62,2024-11-10
4688974689,9228224099,585563256.0,62.3,0.0,335.99,59.98,2024-11-10
9251961671,9974168549,238167358.18,73.34,0.0,268.79,81.53,2024-11-10
4195391340,9446748642,696657940.95,48.98,0.0,212793.94,20918.67,2024-11-10
4195391340,5232571047,319849001.0,38.33,0.0,794.79,37.98,2024-11-10
4195391340,4089418979,1281529758.81,4121.45,0.0,1387286.37,4083.52,2024-11-10
4195391340,9306120384,499455761.7,11796.88,0.0,474880.49,11688.29,2024-11-10
4195391340,7987445106,694463245.61,268.3,0.0,172599.39,43850.08,2024-11-10
5213587138,7086804144,374524510.61,281.69,0.0,167625.34,15717.32,2024-11-10
7383324448,4679243793,73190520.0,20.54,0.0,108.62,19.84,2024-11-10
7383324448,9466691561,20135534.9,12.97,0.0,96.98,12.53,2024-11-10
7383324448,5076192796,15276897.0,30.27,0.0,339.43,29.24,2024-11-10
7383324448,5790383420,26493669.0,35.68,0.0,464.53,34.46,2024-11-10
7383324448,8247155686,108627291.0,20.54,0.0,183.29,19.84,2024-11-10
7383324448,2972921462,231069834.0,36.76,0.0,330.7,35.51,2024-11-10
7286328073,6818824209,7756799975.78,142.33,0.0,306323.72,202235.82,2024-11-10
4096109405,9093532412,79167722.73,54.68,0.0,4119.19,71.97,2024-11-10
4096109405,6003399573,41759481.7,887.78,0.0,24212.23,865.69,2024-11-10
4096109405,7924053205,26543117.71,30.02,0.0,1525.74,135.59,2024-11-10
3600040380,9144131453,533620065.95,11916.32,0.0,250498.41,29461.72,2024-11-10
8500403487,6985941192,5288832.0,27.69,0.0,233.07,28.34,2024-11-10
7180277247,7698427991,26717163.91,37.81,0.0,391.21,42.59,2024-11-10
3592936300,4277074349,26039788.36,22.52,0.0,364.7,20.45,2024-11-10
7869137619,7798470166,217339317.0,123.75,0.0,775.4,114.45,2024-11-10
2672329958,5033663938,118004532.6,12.82,0.0,14461.45,14.02,2024-11-10
2672329958,8512080594,110309181.61,332.28,0.0,18645.93,680.28,2024-11-10
2672329958,8629504354,366154839.58,4157.96,0.0,176717.38,4932.31,2024-11-10
2672329958,7275036610,26551751.42,493.99,0.0,15857.23,651.17,2024-11-10
2672329958,6347921401,136362303.19,328.34,0.0,2553.53,359.01,2024-11-10
2672329958,3654815198,418481734.78,47.33,0.0,33515.82,24225.99,2024-11-10
2672329958,1473694934,133894162.28,82.82,0.0,11890.78,1161.11,2024-11-10
2672329958,3831694056,20590597.07,182.41,0.0,6243.87,1511.5,2024-11-10
2672329958,6942829596,24794569.33,242.56,0.0,5249.88,1523.36,2024-11-10
2672329958,1211818461,68022092.66,27.61,0.0,91069.32,63985.23,2024-11-10
1021909544,7258845784,314214167.71,150.72,0.0,14651.59,179.9,2024-11-10
6096057999,5588650990,7454437.27,0.0,0.0,262.3,126.57,2024-11-10
9999862340,2731598159,306230169.73,0.0,0.0,109529.0,10102.72,2024-11-10
3144474603,5869584462,0.0,0.0,0.0,0.91,0.0,2024-11-10
7730435073,5706004425,237142239.97,0.0,0.0,48363.08,43768.34,2024-11-10
2830511829,6491765159,0.0,0.0,0.0,9.87,0.0,2024-11-10
5213587138,7336854083,0.0,0.0,0.0,5.96,0.0,2024-11-10
7180277247,1658840432,0.0,0.0,0.0,0.9,0.0,2024-11-10
7180277247,6004924097,0.0,0.0,0.0,1.8,0.0,2024-11-10
3592936300,6788200814,0.0,0.0,0.0,3.17,0.0,2024-11-10
3592936300,3538113685,0.0,0.0,0.0,9.51,0.0,2024-11-10
2415874979,4996100541,3664780.51,0.91,0.0,11.58,1.05,2024-11-10
3618949692,9171967339,188727.0,0.98,0.0,5.47,1.04,2024-11-10
6629749215,7327201403,284568700.0,1.04,0.0,19.04,0.98,2024-11-10
6111885933,5614632723,556429.0,1.04,0.0,22.41,0.94,2024-11-10
7954325167,9724058841,1752950.5,1.92,0.0,34.86,1.99,2024-11-10
3618949692,2134255170,1390620.0,1.97,0.0,14.59,2.08,2024-11-10
3618949692,1446058529,1480017.0,1.97,0.0,97.56,2.08,2024-11-10
4073978577,6158524322,9740799.82,1.8,0.0,3107.61,2500.57,2024-11-10
2656837900,4034327449,3028056.0,3.11,0.0,124.85,3.05,2024-11-10
4688974689,5616595126,94825752.0,3.17,0.0,30.9,3.05,2024-11-10
9251961671,6908869105,0.0,2.72,0.0,3.02,3.02,2024-11-10
4096109405,4089817632,3725568.0,3.22,0.0,190.05,3.13,2024-11-10
4096109405,1907218334,4701312.0,3.22,0.0,91.82,3.13,2024-11-10
4073978577,3848042974,9844950.65,3.61,0.0,1739.15,859.36,2024-11-10
8324519661,2307735518,2653147.0,3.92,0.0,311.55,3.7,2024-11-10
8000140564,5133880918,5603144.72,4.79,0.0,204.03,4.53,2024-11-10
4969504105,6201504117,6578421.52,5.02,0.0,27.48,5.57,2024-11-10
2656837900,8968503965,1002168.0,5.19,0.0,1062.13,5.09,2024-11-10
3618949692,3939496697,6237924.0,4.92,0.0,22.8,5.21,2024-11-10
3618949692,6102236756,22081059.0,4.92,0.0,26.44,5.21,2024-11-10
7383324448,5196645487,49674276.0,5.41,0.0,86.31,5.22,2024-11-10
7383324448,8063595091,165198366.0,5.41,0.0,18.43,5.22,2024-11-10
2672329958,4892717709,16798575.0,4.93,0.0,290.39,5.39,2024-11-10
2009937203,8374222542,47058633.13,6.15,0.0,587.33,332.05,2024-11-10
3618949692,5988888032,9952866.0,5.9,0.0,17.32,6.25,2024-11-10
7383324448,5051082658,10649109.14,6.49,0.0,30.06,6.27,2024-11-10
8367057304,1587827183,56212408.0,6.71,0.0,33.85,7.56,2024-11-10
4925883884,7660745861,4949507.0,7.47,0.0,1245.21,6.56,2024-11-10
7732825977,5600137223,19394906.34,6.75,0.0,1022.88,63.77,2024-11-10
4786168179,5719045659,12603600.0,6.93,0.0,21.68,6.62,2024-11-10
4096109405,2998977824,7323008.0,7.51,0.0,104.63,7.3,2024-11-10
3907684477,1459866516,751119557.99,7.55,0.0,105304.38,72201.4,2024-11-10
7886265417,7790984113,7080322.52,8.33,0.0,563.75,170.0,2024-11-10
4695215334,7351226864,6919482.53,7.78,0.0,791.63,16.54,2024-11-10
2672329958,1133297879,50407056.77,7.89,0.0,6291.48,8.62,2024-11-10
7383324448,8168433238,17366508.0,9.73,0.0,96.01,9.4,2024-11-10
7180277247,2669966094,3155565.0,8.73,0.0,109.07,9.83,2024-11-10
7869137619,1753880817,19369821.28,9.86,0.0,938.4,17.22,2024-11-10
7869137619,4498065145,24634361.44,10.95,0.0,1090.35,12.15,2024-11-10
1430064570,9035077179,15125950.0,12.08,0.0,117.7,10.84,2024-11-10
4925883884,7838670696,19347648.7,11.75,0.0,299.73,36.53,2024-11-10
3618949692,5102900176,14565035.03,10.81,0.0,54.71,11.45,2024-11-10
6111885933,2648107141,895945.0,11.43,0.0,83.1,10.33,2024-11-10
2672329958,8045212593,14702514.0,10.85,0.0,640.76,11.86,2024-11-10
7383324448,4890778267,97475481.0,18.38,0.0,236.63,17.75,2024-11-10
6487975423,4767033454,12571860.0,15.45,0.0,25.34,17.69,2024-11-10
2672329958,2994202305,29946594.0,17.75,0.0,277.06,19.41,2024-11-10
8000140564,1849538785,13555534.69,19.14,0.0,881.41,18.11,2024-11-10
2415874979,2683557521,20235800.21,18.27,0.0,61873.32,20.92,2024-11-10
9421916553,8221028486,223334420.44,20.68,0.0,22436.48,18433.8,2024-11-10
6591765169,4658508331,12537330.0,19.73,0.0,210.3,20.13,2024-11-10
4969504105,4375307578,37822585.59,22.08,0.0,150.65,23.22,2024-11-10
8906508432,2145286589,43367684.88,50.31,0.0,2733.15,492.61,2024-11-10
4688974689,2553998288,604907448.0,87.64,0.0,408.41,84.38,2024-11-10
9565398844,5063768715,254679159.71,72.77,4.23,3906.62,71.42,2024-11-10
4571331389,7373867838,76136150934.42,3883.74,3.9,154898.06,4971.08,2024-11-10
8000140564,8132759941,108406788.93,47.85,4.2,544.08,45.29,2024-11-10
4969504105,2584498563,79847360.82,63.24,3.91,875.49,82.67,2024-11-10
4969504105,6126702802,428473449.45,254.97,3.91,17489.9,3266.94,2024-11-10
1035543794,5258388057,66641106.47,129.86,3.81,5549.47,123.47,2024-11-10
3144474603,7281889257,129718605.09,44.88,4.4,425.81,43.81,2024-11-10
6629749215,6829243539,109123742.69,42.49,3.81,827.46,48.75,2024-11-10
2672329958,6577302930,120966776.26,145.93,3.72,447.49,159.56,2024-11-10
3144474603,6296949760,14616762.0,19.7,4.4,130.74,19.23,2024-11-10
8000140564,5794855495,281606827.64,107.2,8.41,589.42,101.44,2024-11-10
8000140564,7562814826,74847911.76,58.38,8.41,689.17,65.21,2024-11-10
7401912762,9698470865,29560620.02,162.89,7.92,1056.89,163.07,2024-11-10
7486359225,6870373599,58197474.66,28.66,8.46,11671.55,7952.2,2024-11-10
3610097806,7973817554,28521132.29,33.26,7.96,482.78,30.12,2024-11-10
2587290667,4387486637,833996328.01,1183.2,8.02,108156.04,11673.74,2024-11-10
8000140564,9030904748,146341792.88,79.44,8.41,199.5,75.17,2024-11-10
4765961919,7607483967,1353923637.04,475.66,3.01,381165.24,56414.69,2024-11-10
8000140564,3791833890,164985380.0,59.34,3.15,213.1,56.15,2024-11-10
5509067989,6984569049,298234429.72,184.79,2.97,5064.4,200.82,2024-11-10
3551284065,1189084818,710475120.0,456.43,2.89,3282.77,460.46,2024-11-10
6853780578,7489097484,312226100.87,116.79,2.78,5286.88,301.99,2024-11-10
3144474603,5687911352,64464395.15,33.93,3.3,225.16,33.13,2024-11-10
4243137714,1038789390,485454780.0,234.65,2.8,1042.89,249.1,2024-11-10
3618949692,3622151857,30285717.0,27.52,3.2,162.3,29.15,2024-11-10
6278335695,7914949705,138518048.0,65.58,2.98,511.36,71.9,2024-11-10
2344918624,6354029885,53506680.0,8.76,3.27,19.12,8.46,2024-11-10
2344918624,7705066015,27043320.0,8.76,3.27,18.16,8.46,2024-11-10
8180638008,7449800264,276093777.2,16.23,3.03,117725.51,7242.78,2024-11-10
8000140564,5383985748,43388814.0,21.06,3.15,157.78,19.93,2024-11-10
8000140564,9927481046,106962117.5,46.9,3.15,418.03,44.38,2024-11-10
3144474603,3883882510,260521376.4,90.85,3.3,668.21,88.69,2024-11-10
8181642239,2910777905,243725465.49,217.99,2.09,7295.61,261.92,2024-11-10
1020002691,9598146429,160230134.0,46.39,1.82,442.63,42.78,2024-11-10
8000140564,4641470739,80060148.0,23.93,2.1,110.63,22.64,2024-11-10
8000140564,9124226337,366007734.88,189.51,2.1,7854.7,211.93,2024-11-10
8000140564,9075039806,101277763.54,62.21,2.1,1061.86,60.68,2024-11-10
8000140564,6835413833,61431250.78,32.54,2.1,300.15,31.7,2024-11-10
4969504105,2508211342,172493467.61,51.19,1.95,884.02,70.6,2024-11-10
3551284065,8079664411,221917825.0,133.59,1.92,1344.75,134.77,2024-11-10
2656837900,2697824028,147163521.6,122.44,1.84,6720.85,120.16,2024-11-10
5479808415,1793444744,56486976.25,51.04,2.13,3210.85,48.62,2024-11-10
5479808415,5963149601,57315766.74,60.82,2.13,4065.18,78.38,2024-11-10
2344918624,1958916885,48458727.49,35.05,2.18,183.53,33.82,2024-11-10
4688974689,4016868787,956446655.88,544.84,2.0,39631.84,5783.44,2024-11-10
4688974689,8465502459,1482700881.55,670.5,2.0,6170.51,645.54,2024-11-10
7383324448,9179715962,86312844.0,28.11,1.81,75.64,27.15,2024-11-10
7383324448,3021302326,117338713.61,192.45,1.81,4138.14,187.97,2024-11-10
7383324448,5479883217,119123566.21,111.36,1.81,649.77,107.56,2024-11-10
2344918624,1365052247,7088400.0,2.19,2.18,23.9,2.11,2024-11-10
4434935446,9851869669,10731192.49,5.51,1.92,2164.51,65.69,2024-11-10
3144474603,5331169744,23963743.0,8.76,2.2,62.65,8.55,2024-11-10
3144474603,2175636138,14698306.0,8.76,2.2,84.43,8.55,2024-11-10
3144474603,6939539038,12511106.33,9.85,2.2,46.3,9.62,2024-11-10
4073978577,8069231929,6006276.64,9.02,2.19,86.46,9.81,2024-11-10
2899793385,6126637020,127455019.0,10.42,2.08,37.49,10.95,2024-11-10
1430064570,3999456724,130242885.0,53.83,1.85,428.28,48.28,2024-11-10
8000140564,8148910068,193829832.0,67.0,6.3,471.54,63.4,2024-11-10
8000140564,2785842466,81976922.9,93.8,6.3,1660.35,101.44,2024-11-10
8000140564,8689306085,199172183.79,61.25,6.3,2967.05,91.48,2024-11-10
4969504105,7176293242,264691122.26,430.63,5.86,6389.94,1544.76,2024-11-10
4969504105,8352320924,121435701.64,44.17,5.86,1426.94,65.02,2024-11-10
3144474603,7648731408,147559748.34,77.72,6.6,384.04,75.87,2024-11-10
4096109405,8177353206,18332160.0,20.37,5.5,32.03,19.82,2024-11-10
7869137619,7538662764,76262416.42,1281.27,6.4,36068.89,1184.98,2024-11-10
3144474603,2433395297,129411083.3,18.61,6.6,147.99,18.17,2024-11-10
5503942741,6975705425,45052691.65,122.83,1.06,5573.45,121.77,2024-11-10
4434935446,6256019503,10667605.31,12.86,0.96,2085.82,67.68,2024-11-10
1885813372,9064936996,137895645.06,687.45,0.92,46110.98,745.35,2024-11-10
3086145695,5339572796,14164054.0,14.86,0.97,440.39,13.31,2024-11-10
3970113188,2409760802,130690710.0,31.53,0.95,2253.13,34.96,2024-11-10
8000140564,4240431514,63490364.0,24.88,1.05,70.73,23.55,2024-11-10
8000140564,2811877026,13475672.0,14.36,1.05,87.05,13.59,2024-11-10
8000140564,4470137380,77092965.84,62.21,1.05,135.11,58.87,2024-11-10
8000140564,5116056585,26552744.0,24.88,1.05,781.66,112.31,2024-11-10
4969504105,7951503660,279942662.12,63.24,0.98,790.22,71.53,2024-11-10
4969504105,3110304767,88462733.13,46.17,0.98,433.96,43.66,2024-11-10
3551284065,2771092572,348330281.33,126.17,0.96,2273.26,137.58,2024-11-10
6591765169,9024232081,17747925.23,78.9,0.96,1468.32,81.53,2024-11-10
5479808415,3942400990,31426642.0,44.53,1.06,122.57,40.68,2024-11-10
8180638008,8844783599,328787449.01,183.89,1.01,118254.68,18731.11,2024-11-10
4139303472,3255948159,29055863.54,59.23,0.92,1243.94,219.15,2024-11-10
4688974689,4223178498,214088192.72,36.96,1.0,278.06,35.58,2024-11-10
7869137619,3111270912,34834447.09,25.19,1.07,1220.19,23.29,2024-11-10
7869137619,7216313258,28533852.6,16.43,1.07,733.96,26.33,2024-11-10
4434935446,1142044751,1272139.31,0.92,0.96,90.07,17.92,2024-11-10
7954325167,8964027578,55860425.52,1.92,1.07,8206.73,6256.56,2024-11-10
2830511829,1809444259,35390415.0,3.98,0.96,30.59,3.63,2024-11-10
4688974689,6575206573,6835755.72,4.22,1.0,14.48,4.07,2024-11-10
4096109405,4862761370,18233600.0,5.36,0.92,69.4,5.21,2024-11-10
3144474603,8914469811,8103435.0,6.57,1.1,90.79,6.41,2024-11-10
4969504105,2995206711,43309080.85,17.06,0.98,102.33,19.51,2024-11-10
2656837900,8562647239,7672512.0,18.68,0.92,367.92,18.33,2024-11-10
8000140564,2753947240,94019977.28,46.9,1.05,291.08,44.38,2024-11-10
8000140564,3904687459,98623624.08,66.04,5.25,11286.94,105.06,2024-11-10
7526521017,2018846477,415406064.0,158.96,4.97,2914.4,167.82,2024-11-10
4969504105,1137288043,444835603.78,120.46,4.89,2176.41,222.94,2024-11-10
1035543794,5195913239,248368009.18,458.22,4.76,32814.52,425.28,2024-11-10
5928471422,4037418470,73191300.0,88.61,5.21,3573.09,81.4,2024-11-10
2600529780,2375961560,1523230349.5,1009.68,5.18,624560.73,14417.22,2024-11-10
3144474603,5828492849,54338896.25,31.74,5.5,76.26,30.99,2024-11-10
3144474603,9159247851,195264297.12,54.73,5.5,262.38,53.43,2024-11-10
9407111886,8458218697,184956129.32,39.38,4.56,79.41,37.5,2024-11-10
2062913176,4257459723,529152.0,3.09,4.68,2.04,2.86,2024-11-10
3144474603,3030668221,85713140.86,21.89,5.5,131.65,21.37,2024-11-10
8181642239,3045194241,5555683732.12,18613.23,830.0,2571213.18,22363.56,2024-12-31
8181642239,3986578542,521900005.89,1280.04,20.87,61077.66,1537.95,2024-12-31
4590233378,4956991400,197068244.03,109.61,5.78,1475.51,104.19,2024-12-31
5158673107,5029560557,86369189458.74,545239.45,427801.14,16823594.18,524910.02,2024-12-31
2314964908,7132132014,43032960.0,67.88,2.0,4681.81,70.99,2024-12-31
1035543794,6376026786,12376000.69,78.13,2.86,3132.71,72.51,2024-12-31
1035543794,2766691656,24818387.41,126.7,1.9,3288.49,117.59,2024-12-31
1035543794,6256206481,36651458.33,215.38,4.76,12111.52,208.72,2024-12-31
1035543794,8086386225,22402819.39,271.34,2.86,15748.92,253.79,2024-12-31
1035543794,7056375315,16315256.01,334.69,2.0,13595.71,310.63,2024-12-31
1035543794,2169782023,139084840.89,1978.57,30.4,92739.37,1836.33,2024-12-31
1035543794,3028312303,1052563567.02,7683.06,137.95,406340.27,7200.31,2024-12-31
1035543794,2414841495,1332801413.42,31892.55,74131.01,1463405.44,29599.84,2024-12-31
4168681528,9654050745,1182792462.81,5575.43,1504.89,209863.47,8796.25,2024-12-31
2656837900,2330044393,118652785.98,129.7,6.59,446.42,127.29,2024-12-31
2656837900,6014370537,9499436.25,143.19,0.95,3596.88,140.53,2024-12-31
2656837900,2455323576,53050286.79,246.95,6.83,4723.33,242.36,2024-12-31
2656837900,2048221727,41680486.09,352.78,5.55,4431.07,346.22,2024-12-31
2656837900,2037772526,51704502.33,365.24,4.59,5221.76,358.44,2024-12-31
2656837900,6913745275,53309101.53,394.29,9.95,6570.47,386.95,2024-12-31
2656837900,5146812398,194869634.39,1287.66,104.72,2425.03,1263.71,2024-12-31
2656837900,1072430225,377959152.47,2426.95,72.23,54545.23,2381.8,2024-12-31
2656837900,3578828435,1714863647.17,6315.87,104.38,240619.09,6198.39,2024-12-31
8842840036,1210173408,33559199.11,381.91,19.3,23928.62,344.8,2024-12-31
8842840036,6295533226,90553486.16,463.46,5.02,25230.25,418.42,2024-12-31
8842840036,7299125535,66025162.01,717.38,19.37,42592.49,647.67,2024-12-31
9218342578,6819664604,15478196.0,131.13,1.84,6229.34,138.61,2024-12-31
9058771111,1014702892,699754840.26,2220.5,48.97,107769.57,2005.72,2024-12-31
8220654331,2749266527,116821050.44,431.17,201.11,12962.43,632.58,2024-12-31
3886905599,5291960637,42835589.14,519.37,6.19,1362.77,472.25,2024-12-31
1757896755,3640350936,191793223.29,963.37,27.11,35482.6,920.95,2024-12-31
2756827689,3668065024,27526259.09,896.27,346.59,10126.43,4366.54,2024-12-31
3356181707,5242907807,381423703.51,621.64,30.28,47416.42,13071.39,2024-12-31
3356181707,6401228190,681228164.45,901.33,10860.72,271105.6,128653.24,2024-12-31
2393892303,1969093193,14703078.0,54.13,0.0,150.01,51.36,2024-12-31
5928471422,4731411438,1332585949.05,1409.59,15.8,49976.51,1294.81,2024-12-31
5928471422,4033758918,413910689.92,500.77,13.7,20898.43,460.0,2024-12-31
5928471422,6421432379,31686356.0,55.64,0.0,2053.8,51.11,2024-12-31
5928471422,2461177762,18601544.0,25.76,0.0,1104.6,23.66,2024-12-31
4925883884,4675211549,3501419661.3,6310.7,171.74,489969.15,5542.45,2024-12-31
4925883884,5958663754,651259024.3,1081.68,22.42,70005.36,948.88,2024-12-31
4925883884,8225329822,2149093394.94,3632.66,114.61,282029.13,3189.46,2024-12-31
4925883884,4755186391,232223842.0,379.07,10.81,24905.31,332.53,2024-12-31
4925883884,2578344704,321803989.62,1235.44,42.09,94184.99,1083.76,2024-12-31
4925883884,3576483186,370456234.01,915.1,3.8,40003.51,804.63,2024-12-31
4925883884,2150537520,851440603.22,1926.31,42.25,160169.7,1690.74,2024-12-31
4925883884,5042308386,994091921.28,2413.23,81.58,184912.0,2116.94,2024-12-31
5604802559,3385426367,827180860.82,497.22,93.86,1599.04,499.46,2024-12-31
4221243019,8390770365,1856664354.35,1425.07,607.68,156038.01,25348.46,2024-12-31
3818150017,5720120621,798713154.65,13372.13,1033.13,103635.45,38014.69,2024-12-31
3818150017,4215149292,378489825.0,390.58,9.81,30122.7,433.07,2024-12-31
9999862340,8921744127,8216618851.06,10705.1,101.85,660950.0,18622.67,2024-12-31
9999862340,9029570766,1587422079.73,3286.56,85.25,6429.0,2793.94,2024-12-31
9999862340,7115492536,1320471310.25,22709.86,11439.5,868967.0,28784.45,2024-12-31
9999862340,8696911096,366856365.75,27.79,0.0,67619.0,45735.29,2024-12-31
2600529780,2375961560,1750733376.56,1114.31,4.14,733134.2,25465.82,2024-12-31
2600529780,2063352359,1422493257.23,1245.1,2.07,672536.68,16624.97,2024-12-31
3144474603,3883882510,81668766.4,67.87,6.25,639.16,66.25,2024-12-31
3144474603,6125812716,3186243777.33,697.26,134.35,1700.5,680.7,2024-12-31
3144474603,9894360713,285077483.55,228.77,20.34,1450.82,223.34,2024-12-31
3144474603,7808305658,4668123211.74,841.75,139.07,5681.64,821.75,2024-12-31
3144474603,1475482059,4797754842.0,2055.66,221.58,6068.4,2006.83,2024-12-31
3144474603,1327726942,941354516.33,174.04,54.98,1293.76,169.91,2024-12-31
3144474603,7006543170,276180692.71,112.74,18.14,295.07,110.07,2024-12-31
3144474603,3233033323,479657664.23,132.45,20.89,354.99,129.3,2024-12-31
3144474603,6021828990,140571663.0,222.2,11.75,18570.19,216.93,2024-12-31
6591765169,9301388575,27911018.85,68.05,0.0,1010.6,69.45,2024-12-31
4695215334,9515395501,3162641243.16,1290.64,89.15,14442.88,1371.45,2024-12-31
4695215334,6209641996,176187456.0,35.99,0.0,1121.39,38.24,2024-12-31
4695215334,7231652811,444866210.55,213.0,4.12,513.07,226.34,2024-12-31
4695215334,4509106959,484185024.0,95.31,2.06,217.11,101.28,2024-12-31
3618949692,2761618346,270972240.0,76.67,1.07,559.85,81.21,2024-12-31
3618949692,3238401785,3231448185.99,1887.36,16.35,339104.8,12657.87,2024-12-31
5007176908,8176883866,539217140.67,247.02,48.01,7588.15,218.75,2024-12-31
5007176908,9307665092,418090679.01,186.31,54.13,4829.66,164.99,2024-12-31
5460111518,6102580605,82099089.64,383.23,39.67,5884.85,435.14,2024-12-31
5788584904,1286918758,325541749.8,154.9,3.76,1694.44,178.01,2024-12-31
1638662180,6818642470,249459168.0,40.83,8.2,783.69,36.51,2024-12-31
1638662180,3523438294,201857148.37,1572.92,2.73,28076.4,11977.33,2024-12-31
1638662180,8628718871,44037348.94,293.31,0.0,4190.09,1928.33,2024-12-31
5594503139,6933386075,3795149062.78,43232.35,1156.42,70627.82,37673.9,2024-12-31
3059796702,3746782976,6269521719.24,17004.01,2427.39,3774084.71,457715.56,2024-12-31
3059796702,6127519090,5120088406.51,13053.49,1193.75,2862762.04,456533.36,2024-12-31
3059796702,2959313438,284639388.55,2662.69,109.6,44564.74,2275.17,2024-12-31
3059796702,5926641707,523851118.95,1308.5,1945.98,436793.93,144733.6,2024-12-31
3059796702,3194578601,8061775127.74,2730.13,114.19,2643715.0,2380522.41,2024-12-31
2902900350,9693458382,4924472262.19,92537.05,2934.11,4640023.83,105489.03,2024-12-31
2902900350,5480463907,9344921920.15,17454.28,480.56,818912.04,20856.65,2024-12-31
2902900350,4364406935,1586385034.95,3519.68,114.11,176045.02,4017.58,2024-12-31
2902900350,6045022501,3372238348.39,10620.0,483.36,564911.18,12107.49,2024-12-31
2902900350,9324158241,1501577457.75,4986.67,95.12,331234.55,5684.63,2024-12-31
2902900350,9875099280,1431475854.02,2763.09,37.72,169150.76,3400.46,2024-12-31
2902900350,9013986967,8873158737.24,22189.68,656.0,1387595.57,25296.52,2024-12-31
2902900350,1853641219,3267981303.25,9286.96,446.25,366428.0,10586.81,2024-12-31
2902900350,4601177409,1086227210.31,6877.69,183.45,570504.56,7840.33,2024-12-31
2902900350,6070159021,1580387010.21,2351.99,71.52,173239.24,10376.19,2024-12-31
2902900350,2154850971,999396928.35,3388.5,82.75,231734.4,3862.77,2024-12-31
2902900350,2549149877,3167996740.11,24857.61,698.75,1604477.92,28336.81,2024-12-31
2902900350,7319587305,10423611207.15,53548.99,1002.98,2646146.47,61760.1,2024-12-31
2902900350,4200568857,1414874371.86,7596.41,248.57,670761.2,8680.7,2024-12-31
2902900350,2532186118,1092847566.63,1719.19,42.05,122138.29,1959.82,2024-12-31
2902900350,4533806763,5332182513.95,7086.47,150.01,367587.48,8078.33,2024-12-31
2902900350,7295659962,3296171630.78,14535.99,395.44,819173.63,17450.92,2024-12-31
2902900350,8019489161,2691620823.54,10801.07,440.14,606400.97,12312.85,2024-12-31
2902900350,5938966408,2598991462.74,13425.59,564.85,962856.23,15304.7,2024-12-31
2902900350,7880987373,3038069922.13,4122.92,169.82,243737.24,28242.04,2024-12-31
2902900350,6746883324,4667886354.27,7483.7,162.49,443719.26,9800.15,2024-12-31
2902900350,2486502180,1798306100.26,8396.42,210.42,566134.29,9576.89,2024-12-31
2902900350,2621285565,360983469.0,2586.64,115.24,126733.79,2948.68,2024-12-31
2902900350,2806142590,10690069252.89,22223.86,456.6,1397800.61,25341.8,2024-12-31
2902900350,7538210092,14136173975.0,64245.67,904.01,2930984.65,73237.84,2024-12-31
2902900350,3160916094,12114910654.0,39432.4,365.52,2222117.16,44951.57,2024-12-31
2902900350,7479206668,2270948152.39,5059.65,146.85,296890.51,5767.83,2024-12-31
2902900350,8156304032,25941954812.83,37545.08,752.88,2461399.29,42800.09,2024-12-31
2902900350,6616653304,36909478440.38,99592.11,1728.15,8046007.44,113531.55,2024-12-31
2902900350,8750688241,896665981.76,1418.96,47.17,72765.45,1617.56,2024-12-31
2902900350,8414120377,2381945341.01,8146.07,250.5,463091.06,9289.4,2024-12-31
2902900350,7479163141,2778686816.49,10232.93,491.92,559785.43,11665.19,2024-12-31
2902900350,9469280945,298415622.65,1153.83,20.98,59521.32,1320.59,2024-12-31
2902900350,4237912029,1710404804.85,3187.11,101.97,162684.74,4458.83,2024-12-31
2902900350,9985732846,828285166.77,1322.88,45.98,70533.35,1515.41,2024-12-31
1035543794,6006600124,0.0,0.0,0.0,71.49,0.0,2024-12-31
2062913176,5994436383,0.0,0.0,0.0,3.07,0.0,2024-12-31
2656837900,3594508629,0.0,0.0,0.0,125.79,0.0,2024-12-31
2830511829,7144493587,0.0,0.0,0.0,30.59,0.0,2024-12-31
2902900350,2149395624,0.0,0.0,0.0,21.21,0.0,2024-12-31
1035543794,1825400295,174864.0,1.06,0.0,85.36,0.98,2024-12-31
2656837900,6335643178,290952.0,1.04,0.0,28.37,1.02,2024-12-31
2656837900,2945663229,53880.0,1.04,0.0,520.19,1.02,2024-12-31
2830511829,2775846739,2342360.0,0.99,0.0,38.49,0.91,2024-12-31
1035543794,7804995364,327870.0,3.17,0.0,205.93,2.94,2024-12-31
2656837900,4152900031,193968.0,3.11,0.0,100.25,3.05,2024-12-31
9058771111,3686760545,135016.52,3.11,0.0,5.11,2.76,2024-12-31
2830511829,1809444259,10162627.32,2.98,3.85,49.34,2.72,2024-12-31
5982728792,6718585329,2387385.0,3.2,0.0,4.07,3.16,2024-12-31
4590233378,1343337661,14467144.92,4.34,0.0,5909.51,4.13,2024-12-31
3618949692,1207477902,18544911.0,4.92,1.07,285.39,5.21,2024-12-31
6591765169,8716558496,5579060.0,5.92,0.0,141.79,6.04,2024-12-31
2656837900,7483745038,506472.0,7.26,0.0,209.97,7.13,2024-12-31
2656837900,7349241964,377160.0,7.26,0.0,734.89,7.13,2024-12-31
3618949692,9171967339,5224758.0,6.88,0.0,28.27,7.29,2024-12-31
4695215334,5670229680,1623030.85,7.78,0.0,60.42,8.27,2024-12-31
2656837900,1252682934,1271568.0,9.34,0.0,1153.88,9.16,2024-12-31
3618949692,3939496697,6734574.0,8.85,0.0,51.97,9.37,2024-12-31
5007176908,9206135477,34861200.0,9.42,3.06,315.02,8.34,2024-12-31
3144474603,2602717003,35328938.0,10.95,1.1,29.96,10.69,2024-12-31
2344918624,1958916885,34311207.95,10.95,7.63,571.63,10.57,2024-12-31
3618949692,7453680893,31408146.0,10.81,0.58,613.64,11.45,2024-12-31
3618949692,8137933576,20024928.0,10.81,0.0,38.3,11.45,2024-12-31
3539058667,4748942002,85062882.41,10.97,1.07,152.51,11.12,2024-12-31
1035543794,6726098895,830604.0,13.73,0.98,863.2,12.74,2024-12-31
2656837900,8590978411,1659504.0,13.49,0.92,540.05,13.24,2024-12-31
2656837900,7217956739,1604949.42,14.53,0.0,1091.45,14.26,2024-12-31
5928471422,4167948901,8962200.0,15.46,0.0,705.82,14.2,2024-12-31
5928471422,7051951348,33777536.0,15.46,1.04,483.96,14.2,2024-12-31
3618949692,3201800528,32798766.0,14.74,0.0,379.31,15.62,2024-12-31
3618949692,9021924274,24375582.0,14.74,0.0,543.43,15.62,2024-12-31
4996588654,6507606882,19708381.0,15.25,0.0,102.78,15.86,2024-12-31
3144474603,8861322422,117749536.0,18.61,2.2,79.9,18.17,2024-12-31
6591765169,1371302159,1327360.0,16.77,0.0,231.24,17.11,2024-12-31
3851958960,2399471509,1390090.0,19.69,0.0,29.94,17.71,2024-12-31
3618949692,2996242952,42655196.48,17.69,0.0,191.48,18.74,2024-12-31
3618949692,6013351162,25454031.65,17.69,0.0,91.18,18.74,2024-12-31
5928471422,4037418470,12656728.53,19.58,2.56,851.85,17.98,2024-12-31
3144474603,5869584462,53411320.0,20.8,2.2,70.82,20.3,2024-12-31
2656837900,1999681134,2112096.0,20.75,0.0,902.29,20.37,2024-12-31
3144474603,5465163503,134506828.0,21.89,6.6,170.69,21.37,2024-12-31
4925883884,7660745861,15809558.2,23.49,2.16,1641.7,20.61,2024-12-31
3144474603,5828492849,142222929.0,25.18,13.2,168.87,24.58,2024-12-31
1035543794,6335684328,1824722.23,25.34,0.0,1988.89,23.52,2024-12-31
3144474603,9306888902,85376568.0,26.27,2.2,218.8,25.65,2024-12-31
6591765169,9024232081,1075807.65,25.64,0.0,283.58,26.17,2024-12-31
2656837900,7864012560,3114264.0,30.09,2.78,619.5,29.53,2024-12-31
5928471422,8856054012,31195193.58,31.94,0.0,1659.71,29.34,2024-12-31
3144474603,3571613788,234576138.66,33.93,7.61,162.51,33.13,2024-12-31
2344918624,4756340523,248201448.33,37.24,19.61,84.12,35.94,2024-12-31
5928471422,4674690236,40180530.0,37.09,0.0,2111.84,34.07,2024-12-31
1638662180,1790138662,278753814.72,41.9,1.82,123.4,37.47,2024-12-31
5426182721,8213946842,42224004.84,43.59,0.0,252.94,41.68,2024-12-31
3144474603,3030668221,354773343.19,45.97,9.35,249.67,44.88,2024-12-31
5928471422,6715998762,30105901.9,44.31,0.0,1378.88,40.7,2024-12-31
5928471422,1897164735,36106105.76,45.34,0.0,1625.07,41.65,2024-12-31
1035543794,7967809540,885249.0,48.57,0.0,3357.85,45.08,2024-12-31
3618949692,1069554114,119980707.0,45.22,1.07,1533.65,47.9,2024-12-31
2656837900,4832074778,8103552.0,49.8,1.6,7681.79,48.88,2024-12-31
3144474603,5468254698,203421701.0,53.64,14.9,155.25,52.36,2024-12-31
3144474603,9689305727,52606073.0,62.39,2.2,554.73,60.91,2024-12-31
1638662180,8273602724,2891572.02,31.16,0.0,539.65,54.77,2024-12-31
3487944451,9563956867,5596668.0,53.99,0.0,313.47,57.28,2024-12-31
3539058667,7210705544,150778145.75,58.82,40.85,289.87,59.65,2024-12-31
2656837900,1382432916,8329848.0,66.41,0.92,3614.85,65.17,2024-12-31
3144474603,9845551910,222900067.35,71.15,15.39,631.9,69.46,2024-12-31
1638662180,9777032190,176561728.0,69.84,6.38,1347.28,62.45,2024-12-31
9058771111,6989875358,2258679.4,74.53,3.81,146.13,66.3,2024-12-31
5007176908,9655669412,184062806.87,88.97,17.36,3944.94,78.79,2024-12-31
6591765169,3559242576,35351330.0,84.82,0.0,798.39,86.56,2024-12-31
6591765169,4658508331,48479750.0,90.74,0.0,321.64,92.6,2024-12-31
1638662180,8640916512,578532791.65,100.99,7.29,3239.73,90.32,2024-12-31
2338105289,6846572130,22684526.79,97.45,60.09,874.83,95.42,2024-12-31
3144474603,5411794774,593389274.56,163.1,21.1,1043.18,159.22,2024-12-31
2338105289,6141094342,35893255.36,143.31,73.09,1305.46,140.33,2024-12-31
3144474603,7822222889,498758500.21,183.89,27.49,1160.3,179.52,2024-12-31
2344918624,8848571191,105543807.95,184.01,22.88,7276.31,177.58,2024-12-31
5007176908,4060656352,262239489.45,182.13,24.51,4597.49,161.28,2024-12-31
3487944451,8480228235,8097091.55,187.6,6.7,509.15,199.01,2024-12-31
7658197888,8092448106,62394779.3,293.64,3.6,13137.95,321.09,2024-12-31
5788584904,2416687642,492456386.85,290.91,12.22,1864.1,334.3,2024-12-31
5007176908,3126286823,194692582.56,330.76,71.5,9349.41,292.9,2024-12-31
3618949692,4344615357,907152223.36,656.64,3.93,4173.31,695.52,2024-12-31
7192602240,5686559060,455172018.39,336.13,7.59,704.7,343.98,2024-12-31
7192602240,8953918493,160303267.2,4045.15,5526.76,174270.98,4139.59,2024-12-31
2009937203,3983529456,108819660.22,105.6,2.59,7778.45,305.78,2024-12-31
2009937203,5674742145,118065002.03,139.43,0.97,2193.36,142.91,2024-12-31
2009937203,1343358832,139992506.54,126.1,2.62,6229.87,203.86,2024-12-31
4205409850,3679592866,1221507648.0,1468.3,210.45,5669.47,1539.09,2024-12-31
7954325167,9562350162,290703299.37,80.7,5.87,913.45,83.58,2024-12-31
7954325167,8234445409,192478620.0,433.28,87.48,4166.41,448.75,2024-12-31
7954325167,1818867866,305244524.0,607.16,151.49,5223.39,628.84,2024-12-31
2908459842,5476496956,1538066858.58,760.0,34.73,4050.98,864.65,2024-12-31
2908459842,4371707871,346868510.99,160.5,5.13,807.81,182.6,2024-12-31
6617865151,9128115937,329622488.51,1278.95,83.26,52461.41,1848.93,2024-12-31
6617865151,6882971632,65368376.22,985.82,77.08,34481.29,1397.95,2024-12-31
4434935446,6596566440,187613570.54,295.72,83.6,9681.05,663.87,2024-12-31
4434935446,7694252561,181681454.07,345.32,80.72,6832.96,806.19,2024-12-31
4434935446,3510772354,149632959.31,134.09,185.45,3121.15,343.38,2024-12-31
4434935446,9161853591,96716907.47,65.21,101.86,1140.56,74.65,2024-12-31
4434935446,3000449979,193640626.79,126.74,60.54,4592.6,429.97,2024-12-31
4434935446,4222581182,156669268.1,93.68,61.5,5233.51,624.05,2024-12-31
4434935446,5286511252,114386695.4,156.13,36.51,1415.51,195.08,2024-12-31
4434935446,4950338471,194906288.27,104.7,39.4,17719.99,200.06,2024-12-31
1020002691,8406124613,124267964.64,2205.59,1470.83,77781.48,2105.29,2024-12-31
7903592262,2113173717,33313353.96,52.83,30.54,1315.31,54.09,2024-12-31
9634558898,8293479922,73252642.15,228.02,169.92,3156.87,1964.18,2024-12-31
5082057286,5897492062,84190113.72,170.56,0.01,1216.41,176.9,2024-12-31
5082057286,9057645034,235598415.62,654.15,10.77,56130.82,2374.65,2024-12-31
5082057286,6490168587,149312763.92,3851.67,58.2,125100.54,4004.23,2024-12-31
5082057286,6231057249,74436329.56,339.12,6.26,21964.97,814.79,2024-12-31
5082057286,8590897116,37677636.0,214.71,2.42,25506.87,222.69,2024-12-31
5128952228,4826991541,7619915312.37,81.7,15.92,1418.3,79.71,2024-12-31
7757875170,5136913048,9764544604.57,346.13,548.87,24021.85,373.99,2024-12-31
7757875170,4365941222,4582247025.85,116.29,228.32,4501.05,125.65,2024-12-31
7757875170,1507696332,499075257259.0,3355.12,478.33,235618.87,22869.98,2024-12-31
7757875170,3644920461,51085130269.84,268.3,31.49,54442.39,30272.67,2024-12-31
4571331389,7924308711,44011133506.43,122.28,23.26,861.15,129.49,2024-12-31
5171899165,3249635971,828393050.79,321.24,84.14,1255.95,279.69,2024-12-31
4539006085,5295510099,288292536.25,513.2,15.02,22873.79,2806.14,2024-12-31
4539006085,7037738587,5221157111.47,7815.55,216.03,520292.88,85830.36,2024-12-31
4539006085,2138725547,125804792.81,267.06,4.03,17981.72,715.33,2024-12-31
8009589948,4009560141,465524428.73,2775.49,872.03,68193.8,4225.91,2024-12-31
1138743890,6236877545,5417733883.37,4122.93,727.33,302292.24,87737.76,2024-12-31
1138743890,6753423374,161591643.08,259.32,2.92,5319.88,375.38,2024-12-31
1138743890,8843712267,569243643.6,1423.53,25.26,8951.9,1671.75,2024-12-31
1138743890,6008321470,1516374450.37,5055.75,597.46,560731.57,5937.3,2024-12-31
7187956485,1006203719,1376985632.34,4269.43,529.21,9558.13,4619.23,2024-12-31
7187956485,4465072503,1005072229.12,873.29,82.81,5779.29,944.84,2024-12-31
7187956485,5560525804,182957803.29,445.8,30.9,7115.55,482.32,2024-12-31
7187956485,4194718592,50983753.38,103.44,91.64,3605.15,111.92,2024-12-31
7187956485,4478674493,48728143.01,104.36,2.37,1386.59,112.91,2024-12-31
7187956485,6596978266,48842302.04,58.59,4.26,1512.92,63.39,2024-12-31
7187956485,4424952508,52105517.52,111.68,291.78,8097.51,120.83,2024-12-31
7187956485,3917037992,21193585.16,60.42,138.28,1072.76,65.37,2024-12-31
7187956485,7777019514,48913393.37,36.62,2.94,475.69,39.62,2024-12-31
7187956485,1936745141,39095513.29,575.79,615.45,16511.82,622.96,2024-12-31
1293703091,4750419406,30280512233.78,413217.14,153.04,8156182.28,2463603.89,2024-12-31
1293703091,1483173712,11229207002.24,178418.8,128.63,6380115.73,206755.43,2024-12-31
3979990204,6362239772,205854700.16,253.85,1.05,19380.17,311.37,2024-12-31
3979990204,7675619656,566648824.96,626.78,207.22,46474.61,12654.74,2024-12-31
3979990204,2137524281,259643423.22,179.08,0.1,3069.67,184.73,2024-12-31
6727254708,9001638496,342338763.1,16053.69,320.3,25347.77,16004.24,2024-12-31
6727254708,4417040446,564659517.27,843.49,26.57,52463.53,840.9,2024-12-31
6727254708,9123132492,192970208.95,403.86,5.56,5480.26,402.62,2024-12-31
6727254708,8630067615,189568769.21,234.41,20.18,16359.35,233.69,2024-12-31
6727254708,4530195234,458360665.12,1397.04,29.19,74538.19,1392.73,2024-12-31
6727254708,6863770246,876508978.11,656.16,160.7,84815.24,30123.97,2024-12-31
6727254708,3147772559,662827656.7,700.4,33.36,92919.14,8733.68,2024-12-31
6727254708,9834565478,1082580510.61,1281.25,27.53,65135.35,1281.99,2024-12-31
6727254708,8977029651,5450557040.8,32827.56,39715.17,1201890.23,32726.43,2024-12-31
6727254708,4836102562,4218551868.58,6139.81,88.05,291458.11,6120.9,2024-12-31
6727254708,5929587584,6146619823.19,10425.06,163.6,422925.69,10392.95,2024-12-31
6727254708,9619653737,1966744729.16,1053.43,166.63,2393.75,1050.18,2024-12-31
6727254708,8687858628,113342017.02,259.83,2.96,6666.83,259.03,2024-12-31
6727254708,5774750162,540352047.31,791.72,11.48,63454.99,797.73,2024-12-31
4765961919,2264434474,167184555.88,556.75,9.87,16387.27,513.91,2024-12-31
4765961919,5270170941,201465790.22,785.19,20.84,35887.11,938.36,2024-12-31
4765961919,6178687279,543157387.15,2598.83,61.97,111099.82,2757.57,2024-12-31
4765961919,7356903700,381517984.78,902.87,502.1,25611.87,835.21,2024-12-31
4765961919,9862964062,1675992042.78,5956.14,89.47,184696.34,10720.84,2024-12-31
4765961919,6091608057,240169134.17,1319.19,32.02,56087.69,1431.27,2024-12-31
4765961919,9905648853,1912790193.14,7173.48,139.14,335718.02,7890.24,2024-12-31
4765961919,8906457702,109681353.44,808.92,42.42,34801.01,771.32,2024-12-31
4765961919,1296709464,247502287.71,1129.32,7.01,39063.91,1073.45,2024-12-31
4765961919,7522385707,181620688.0,1615.86,53.22,54616.24,1492.43,2024-12-31
4765961919,8821356314,15055054.82,52.41,1.53,2277.63,92.19,2024-12-31
4765961919,1552313917,1607311846.27,8426.42,1329.28,1914695.18,20225.82,2024-12-31
4765961919,8528907741,235131076.23,1355.78,464.31,222624.31,5385.52,2024-12-31
4765961919,1088558816,1333184785.94,5702.99,966.97,1010212.94,91756.48,2024-12-31
5660113447,2575775551,696390016.7,3006.84,15.07,5729.28,2885.94,2024-12-31
5660113447,6974753303,2168880.12,20.34,0.02,183.64,19.53,2024-12-31
4969504105,6061790334,259107699.22,109.41,15.48,1579.48,101.25,2024-12-31
4969504105,2084267498,642248251.83,563.13,9.77,4065.72,566.63,2024-12-31
4969504105,1627501892,249590283.54,126.48,9.51,3885.7,816.5,2024-12-31
8000140564,3750887959,6094003.2,30.63,5.92,60.76,28.98,2024-12-31
8000140564,9621784460,89696232.6,49.77,7.4,160.5,47.1,2024-12-31
8000140564,9281419826,428147545.46,163.66,6.83,1873.45,154.87,2024-12-31
8000140564,1761543400,276988069.56,156.01,11.56,1762.82,147.63,2024-12-31
8000140564,2342519279,280392991.22,199.08,5.2,1845.34,188.39,2024-12-31
8000140564,8498327917,146042707.26,88.05,4.66,893.2,83.32,2024-12-31
8000140564,2536940292,282891043.92,163.66,14.71,1985.89,154.87,2024-12-31
8000140564,3763543737,96719241.91,138.78,21.54,953.05,131.33,2024-12-31
8000140564,7159278524,38679337.37,50.73,17.34,1306.7,48.0,2024-12-31
8000140564,8011185110,132369470.1,196.21,51.99,1624.08,201.07,2024-12-31
8000140564,3748755510,53845859.14,50.73,1.51,1148.92,76.98,2024-12-31
8000140564,2785842466,125449384.8,290.0,36.77,3084.03,274.43,2024-12-31
8000140564,7162156694,141030807.64,217.26,36.22,1213.3,209.22,2024-12-31
8000140564,6986423266,74655969.95,128.25,25.92,869.62,123.18,2024-12-31
8000140564,2434912117,619642043.5,841.29,221.41,4682.72,803.36,2024-12-31
8000140564,4116449971,281178524.17,344.56,70.31,3494.81,328.77,2024-12-31
8000140564,7772324276,79328528.93,97.62,34.83,1823.57,92.38,2024-12-31
8000140564,4641876052,410519275.92,386.67,62.75,3048.66,370.43,2024-12-31
8000140564,6211815059,108229500.38,290.96,24.69,5576.82,275.33,2024-12-31
8000140564,1844245506,612092448.9,242.15,29.93,2445.64,229.14,2024-12-31
8000140564,1686256649,226917479.99,119.64,3.41,324.63,113.21,2024-12-31
8000140564,1226549448,197102619.81,120.59,13.13,1173.4,114.12,2024-12-31
1430064570,2466664946,118550873.27,166.97,1.86,1027.67,149.78,2024-12-31
5954988949,6567593597,372124325087.4,3038.52,572.33,88746.76,2577.43,2024-12-31
5954988949,8140644609,5578178586.26,695.99,308.84,923.25,590.37,2024-12-31
5984451547,6326744590,41112731326.75,181574.59,3311.5,9073482.35,1045155.74,2024-12-31
3313050187,5048092493,1243887710.53,2428.97,912.1,3899.7,2399.33,2024-12-31
2990144704,4920939478,52505817282.59,224.33,104.89,3459.33,223.78,2024-12-31
4631721175,5289714503,101466754043.34,114.53,65.53,1193.13,115.85,2024-12-31
4631721175,2411774125,2354996383415.42,8392.15,1312.46,1475607.91,50045.12,2024-12-31
7825259319,5458109072,3624372030.97,383.5,218.44,727.61,411.6,2024-12-31
8308372271,7635788082,108980914126.88,45028.09,5262.26,7218272.35,1115869.61,2024-12-31
9792369345,4082776459,9281880.18,83.7,29.64,102.14,83.19,2024-12-31
7792039243,7133204508,38230436.05,247.9,96.65,2300.94,243.99,2024-12-31
6991056822,8034712815,8599368.6,26.97,12.53,916.76,26.63,2024-12-31
6991056822,5766394111,12934820.63,75.52,53.03,1175.81,74.58,2024-12-31
6991056822,7862626830,26913706.62,236.26,132.1,4253.12,233.32,2024-12-31
6991056822,9736254613,15617393.1,72.28,30.85,2126.56,72.45,2024-12-31
6287055608,9377088651,71638771572.43,405.17,101.19,25573.35,407.43,2024-12-31
3017575657,4843243076,103591439.59,110.1,56.77,4452.27,104.16,2024-12-31
3017575657,7492253651,319722118.75,177.69,35.71,7693.75,184.28,2024-12-31
3017575657,5091038607,451135221.82,304.14,59.51,16723.89,372.56,2024-12-31
3017575657,3234842012,231837623.61,190.77,31.13,12108.84,441.66,2024-12-31
3017575657,5105416598,1523666631.57,3370.59,234.39,77983.53,15314.94,2024-12-31
7949948303,4305518779,40514361.45,58.68,20.49,882.23,61.41,2024-12-31
5509067989,6984569049,165164157.16,135.12,3.53,4776.45,146.84,2024-12-31
3878840424,9638623258,1263385779.18,550.2,14.33,12810.71,543.74,2024-12-31
3878840424,7008561256,1252030403.75,1007.74,6.61,98604.28,1837.97,2024-12-31
3878840424,5794852995,402324794.5,262.68,4.87,6275.8,259.6,2024-12-31
1366387738,4211213242,276939440.53,186.03,27.19,15667.96,3138.69,2024-12-31
7526521017,7414501658,792385244.29,191.14,7.89,585.9,201.8,2024-12-31
9251961671,7402141402,265732281.4,372.12,1.05,6566.7,847.47,2024-12-31
4195391340,4978576353,41796447.0,189.52,6.79,7735.58,187.77,2024-12-31
4195391340,3342095751,211555615.29,97.95,0.25,11857.22,4814.56,2024-12-31
5213587138,6458752692,2163817476.48,674.33,254.35,1607.0,649.16,2024-12-31
5213587138,8993837157,137152559.94,127.34,44.24,1550.39,122.59,2024-12-31
5213587138,4574769288,434793836.12,328.96,55.07,3233.86,316.69,2024-12-31
4328703191,3380333754,96356233.14,1168.92,1652.83,9053.61,1013.69,2024-12-31
7401912762,9698470865,83339335.29,600.77,19.8,5912.6,601.46,2024-12-31
5048405933,7025589629,43503680.24,76.37,1.96,5048.95,78.62,2024-12-31
5048405933,5128992073,29410947.85,49.93,1.3,3902.05,55.03,2024-12-31
4260952526,5007300728,203476064.79,655.38,15.85,1243.89,554.86,2024-12-31
4260952526,7949461645,114758669.79,163.31,3.0,8216.65,281.98,2024-12-31
7107398469,9107666682,155825830.0,277.86,9.03,16585.43,248.52,2024-12-31
1544027227,6958179722,158931226.88,77.92,2.13,325.84,86.16,2024-12-31
1544027227,7112430573,115101388.63,101.67,1.16,7923.19,243.76,2024-12-31
8698180854,4553788503,259731183.77,584.97,9.46,1767.08,603.93,2024-12-31
8698180854,6683136554,275836796.85,134.67,1.02,784.89,139.03,2024-12-31
4243137714,1602511292,224566208.18,152.52,2.32,4875.94,161.91,2024-12-31
4243137714,6729387006,1587229682.26,1187.91,16.67,74174.48,8218.09,2024-12-31
4243137714,5197156984,3985953721.47,4602.03,26.15,333059.94,6705.87,2024-12-31
6912959742,6403987167,192359543.78,379.16,0.19,39391.97,362.88,2024-12-31
6912959742,2879752140,343286075.08,369.29,2.17,33986.71,2541.09,2024-12-31
6912959742,5619950522,1046241813.53,1810.89,18.66,80103.55,2097.36,2024-12-31
6912959742,1853635877,450688477.29,1273.75,9.0,43463.62,2261.88,2024-12-31
6912959742,5918988896,56417659.7,1041.71,895.25,78749.0,992.75,2024-12-31
6912959742,7944967537,131278176.15,160.95,1.17,9801.33,153.24,2024-12-31
6912959742,4389296326,457955865.07,447.29,4.81,61406.27,1696.88,2024-12-31
6912959742,3836353810,474780416.28,784.98,4.49,33579.45,1213.67,2024-12-31
6912959742,8206441347,281734272.57,375.21,1.53,19803.29,413.64,2024-12-31
6912959742,5231048421,86940099.39,105.65,0.1,9807.32,206.82,2024-12-31
6912959742,8039408386,663292853.82,783.01,10.28,29349.08,1177.01,2024-12-31
4295580695,2960047847,1054115679.27,4493.16,206.4,8384.29,3949.55,2024-12-31
4295580695,2823847807,490326588.43,845.54,75.27,52005.36,1588.29,2024-12-31
4295580695,6167927696,413024402.32,1498.4,250.92,71002.52,1523.42,2024-12-31
7886265417,2391458328,866094614.19,2817.49,33.93,216032.37,9086.02,2024-12-31
7886265417,1221323529,197654078.15,99.96,2.92,2290.16,101.37,2024-12-31
7886265417,5706408817,520461824.37,520.6,202.61,31028.9,1456.09,2024-12-31
1967633865,1708818240,67381894.01,112.52,0.72,204.97,124.45,2024-12-31
6135802989,5282504483,14003541.63,591.07,398.61,14741.55,1144.45,2024-12-31
6135802989,3584054416,40822116.8,136.04,42.64,7394.76,204.6,2024-12-31
6135802989,1670322714,60815710.69,94.76,86.24,2097.76,193.94,2024-12-31
6135802989,7623710722,436815577.42,3689.94,100.58,243100.89,4887.91,2024-12-31
6135802989,9057967481,63037119.67,431.57,12.59,21973.95,831.17,2024-12-31
6135802989,1338861216,46766865.05,159.49,155.04,7457.49,1033.63,2024-12-31
6135802989,4556324932,22375559.12,106.95,6.89,432.65,121.48,2024-12-31
2899793385,6121797834,39240750.27,213.14,6.25,13769.19,353.54,2024-12-31
2899793385,3601854298,412518090.51,1747.77,36.21,125093.45,2836.32,2024-12-31
8493138820,9147322726,140512801.08,183.3,9.04,15271.75,407.82,2024-12-31
8493138820,1201312863,105319158.63,204.98,1.67,22263.69,264.42,2024-12-31
8493138820,1353798642,151759156.4,245.39,5.32,18641.89,527.82,2024-12-31
7730435073,3817287127,348337109.17,326.13,2.85,947.59,295.67,2024-12-31
7730435073,7169890315,52281095.2,62.84,0.5,6460.46,58.94,2024-12-31
9347899940,6989618754,267054250.02,2022.97,23.94,9634.27,2907.61,2024-12-31
8452065073,4274168559,736805474.33,568.57,9.89,43037.94,2477.76,2024-12-31
8452065073,3890167511,898941634.32,717.17,10.35,42208.76,1576.02,2024-12-31
8452065073,6507601859,231909671.49,344.28,3.7,23381.69,380.42,2024-12-31
2826827076,3384572039,49022400.0,103.78,1.62,1944.43,108.23,2024-12-31
2826827076,7625816281,209467905.9,1082.41,19.94,55948.66,1352.38,2024-12-31
1672862023,3486787600,177503757.44,807.7,16.08,56846.11,909.46,2024-12-31
2395255119,3225501741,728721305.84,625.16,41.28,21761.73,1601.29,2024-12-31
8564269730,1415407628,88804872.0,196.44,8.0,9230.2,325.56,2024-12-31
8564269730,8902194999,60801022.78,215.24,10.97,10499.08,216.72,2024-12-31
3457456980,9335146426,277435868.88,347.25,7.23,21085.24,918.08,2024-12-31
3457456980,9080141482,177057109.08,222.8,5.61,17545.54,896.85,2024-12-31
3457456980,8688067338,82140709.95,153.55,1.69,13146.49,490.38,2024-12-31
9421829897,1872053224,101726976.0,287.36,38.58,3295.09,243.17,2024-12-31
3610097806,8081929504,18803803.9,49.89,14.92,357.58,45.18,2024-12-31
3610097806,7973817554,34346980.61,48.85,14.43,680.93,44.24,2024-12-31
3610097806,9859745335,16114931.58,71.71,17.45,1342.04,64.94,2024-12-31
3274209063,3729190315,68818325.13,143.46,5.2,719.59,126.51,2024-12-31
3274209063,5261809469,229175422.84,428.2,6.27,2116.39,377.61,2024-12-31
7579730738,1400855285,295779658.68,356.52,5.9,6503.55,2420.86,2024-12-31
9491774733,4287103268,535060865.54,635.89,5.68,4628.07,650.61,2024-12-31
9491774733,2425040661,59581587.74,82.62,1.73,3930.74,216.55,2024-12-31
8145530460,5099059219,212611830.04,357.34,9.86,7122.64,1067.34,2024-12-31
6278335695,2952239687,39024997.11,170.34,4.01,307.83,186.74,2024-12-31
6278335695,5914119347,40652697.82,344.32,7.52,564.02,377.47,2024-12-31
6278335695,4620156997,47147253.07,174.89,3.87,317.96,191.73,2024-12-31
6278335695,5337936355,69517094.45,499.17,7.61,873.87,547.23,2024-12-31
4161132680,2512933297,91114161.75,173.97,5.74,3881.73,1239.74,2024-12-31
6699715634,9290265495,93075685.14,92.05,4.27,464.18,97.67,2024-12-31
6699715634,3249211559,137872760.17,175.48,6.0,719.19,186.18,2024-12-31
6699715634,1162067611,417160372.27,742.19,6.79,3204.36,787.47,2024-12-31
4045471774,4967547877,2204513685.52,3850.37,70.88,147621.07,9680.75,2024-12-31
4139303472,3265100668,31871652.0,72.19,3.7,485.32,75.97,2024-12-31
1467415627,5784461467,5188178132.89,5557.98,49.82,26354.56,6331.42,2024-12-31
1467415627,7012204096,568827294.29,755.4,7.38,3314.75,860.52,2024-12-31
3566905478,1591535805,10868029870.36,9288.81,62.89,77133.8,9565.29,2024-12-31
2587290667,4724192710,1065390600.75,1747.7,15.04,357975.29,20423.14,2024-12-31
8441168105,5204044983,2801507431.37,1094.01,48.51,141061.2,13773.98,2024-12-31
6629749215,6829243539,333884434.44,103.64,3.81,8242.24,373.46,2024-12-31
8399250647,2776638908,1357165328.06,238.83,31.8,2253.0,239.56,2024-12-31
8399250647,2139655532,423994404.01,310.87,3.33,38312.75,6415.54,2024-12-31
8399250647,8809159114,931665060.99,347.39,22.07,11590.21,460.3,2024-12-31
4688974689,3648580833,1128732114.11,360.06,13.39,2713.06,346.66,2024-12-31
4688974689,4016868787,805332789.36,1132.98,1.13,50350.83,14096.18,2024-12-31
4688974689,4827905773,437990552.95,168.94,11.48,1224.25,162.66,2024-12-31
4688974689,5117066970,431736757.73,90.81,5.95,211.44,87.43,2024-12-31
1350574641,7901625834,973584762.3,1147.21,117.53,174406.85,1154.17,2024-12-31
1350574641,4756683233,216050682.19,89.29,1300.76,519123.15,114392.6,2024-12-31
1350574641,3305340851,1362906711.61,1071.42,92.53,38787.59,1077.92,2024-12-31
1350574641,9304096482,264766010.09,347.8,14.56,8369.88,349.91,2024-12-31
1350574641,1684605671,7780858708.43,88139.03,1050.08,131581.59,88673.87,2024-12-31
1350574641,5190388799,755720983.3,750.62,64.07,78003.9,755.17,2024-12-31
1350574641,8826360405,530608621.21,586.58,57.76,55230.71,590.14,2024-12-31
1350574641,7501988636,78506016.97,155.73,8.58,4125.72,156.68,2024-12-31
8513664892,4637291021,913850493.82,3412.37,143.47,12373.11,3534.16,2024-12-31
6877336869,2788821594,2740797837.05,7946.78,411.28,739711.71,8601.42,2024-12-31
4482504627,9026805222,1035015865.65,601.05,11.86,19986.32,2067.4,2024-12-31
4482504627,8798004302,210131027.95,1612.74,541.97,54736.97,2330.69,2024-12-31
4073978577,2838025422,56819259.01,83.01,31.78,809.95,92.21,2024-12-31
1228802672,3374543946,136574931.13,229.84,164.38,13657.96,216.14,2024-12-31
6005829971,4304584543,132411758.37,258.41,215.44,19170.45,299.04,2024-12-31
3600040380,8669313064,2252055817.52,4803.74,14.09,373934.67,14710.96,2024-12-31
3600040380,3672066950,4142942392.68,5059.33,61.0,2858782.21,16706.72,2024-12-31
3600040380,1618780767,1931317854.44,2073.57,16.68,156736.97,15257.46,2024-12-31
3600040380,2642690147,104930242.13,167.9,17.64,423.4,152.4,2024-12-31
3600040380,5396238075,1335361080.67,1351.72,10.31,90704.82,10080.72,2024-12-31
3600040380,4392194616,703793311.79,690.83,31.91,60850.97,11854.19,2024-12-31
3600040380,5364100320,3053353802.03,309.06,41.36,935928.32,791460.24,2024-12-31
3600040380,6677367529,882147964.41,75.93,15.39,323254.73,201306.68,2024-12-31
7869137619,1040208115,77401354.98,125.94,3.53,5309.91,119.51,2024-12-31
7869137619,9322847193,883622974.0,1499.19,36.05,52236.21,1386.52,2024-12-31
7869137619,6302613035,203117284.64,493.89,3.77,27078.14,501.34,2024-12-31
7869137619,4772615072,211712311.17,399.71,1.44,12142.07,761.63,2024-12-31
7869137619,3702748762,226089141.28,131.41,0.23,6222.52,209.65,2024-12-31
7869137619,4222271602,186244880.97,116.08,0.35,268.9,107.36,2024-12-31
7869137619,4222927575,77635495.57,1390.78,203.21,10959.63,1286.26,2024-12-31
2672329958,2994202305,530177119.75,173.54,1.24,2272.66,189.75,2024-12-31
2672329958,8097427418,1276803863.33,792.74,5.33,2717.29,866.79,2024-12-31
8347115882,8732743901,376546271.8,878.84,64.57,40756.86,942.27,2024-12-31
3592936300,6606509525,1495586.82,4.29,0.34,139.54,4.87,2024-12-31
4195391340,3745897630,1076099.0,6.39,0.35,408.93,6.33,2024-12-31
7486359225,8003696463,38163265.97,10.62,4.22,21220.99,2026.4,2024-12-31
3610097806,3180925154,11521920.0,14.55,1.44,66.65,13.18,2024-12-31
4195391340,3054505054,7436962.09,15.97,1.49,803.1,17.93,2024-12-31
8000140564,8132759941,35694246.0,17.23,0.53,157.78,16.3,2024-12-31
8000140564,6835413833,39561547.07,20.1,6.39,131.49,33.51,2024-12-31
6877471451,2268083493,8888994.43,20.68,2.56,1013.14,23.17,2024-12-31
4139303472,7546874441,13316448.0,21.29,0.33,141.68,22.4,2024-12-31
3610097806,3826135626,20175236.61,31.18,5.47,435.04,46.12,2024-12-31
3600040380,4288015612,780539189.7,33.15,83.98,170658.92,165851.86,2024-12-31
7192602240,9376668521,69578468.52,37.93,17.1,38836.16,5838.99,2024-12-31
9421829897,1780584539,59965028.2,44.63,17.78,1171.71,37.77,2024-12-31
8009589948,1290380023,26464014.0,46.78,20.93,2881.33,60.73,2024-12-31
8000140564,8494998479,105128434.77,41.16,3.85,256.62,38.95,2024-12-31
8000140564,2466488669,72529177.1,41.16,4.73,116.98,38.95,2024-12-31
8000140564,8686722746,113704410.45,43.07,11.46,409.87,40.76,2024-12-31
8000140564,9010567738,66501820.46,43.07,1.19,100.65,40.76,2024-12-31
3610097806,4470976807,17344425.98,46.77,8.95,417.02,42.35,2024-12-31
7187956485,4491703485,31526557.9,51.26,5.22,730.31,55.46,2024-12-31
8000140564,8234596837,170068414.67,57.43,14.97,670.13,54.34,2024-12-31
7954325167,6506295216,224327136.0,36.51,0.0,546.43,37.81,2024-12-31
1885813372,3261624005,150770552.0,77.71,0.0,276.73,84.01,2024-12-31
5082057286,8812845600,28394527.9,39.13,0.0,156.03,40.58,2024-12-31
4765961919,7607483967,746050926.74,298.65,0.0,248242.89,50069.82,2024-12-31
4338917831,9585010353,32437956.64,119.85,0.0,1432.38,111.89,2024-12-31
4969504105,6201504117,37227313.99,44.17,0.0,2171.67,269.38,2024-12-31
3551284065,9589327374,665754630.81,281.09,0.0,3011.56,283.58,2024-12-31
1430064570,6119089379,166256345.79,175.76,0.0,5559.73,628.69,2024-12-31
1430064570,3695826919,226269411.12,118.64,0.0,1037.57,106.42,2024-12-31
5509067989,9673455954,75117098.64,58.62,0.0,288.92,63.7,2024-12-31
2415874979,3441628948,538923258.0,33.8,0.0,1159.86,38.7,2024-12-31
2415874979,2683557521,60243698.47,64.86,0.0,223872.01,74.27,2024-12-31
3878840424,5360352728,183987852.1,2163.53,0.0,59966.98,2138.16,2024-12-31
3878840424,9847694192,100290299.17,1535.96,0.0,39746.72,1517.95,2024-12-31
8367057304,7687930056,396743922.46,590.56,0.0,163153.57,665.59,2024-12-31
9251961671,4607708677,185322822.2,217.3,0.0,4630.82,241.56,2024-12-31
4195391340,9373530146,269905111.35,1601.31,0.0,328883.91,1586.57,2024-12-31
5213587138,6460754568,186651651.68,71.39,0.0,1253.42,86.37,2024-12-31
5213587138,3016728995,356128029.8,70.42,0.0,50144.68,36282.45,2024-12-31
7401912762,1648198301,259354380.6,319.43,0.0,165613.91,319.79,2024-12-31
7401912762,4660189217,259361470.11,336.35,0.0,161758.29,336.73,2024-12-31
8698180854,5259786139,263272970.25,944.79,0.0,55625.17,3975.49,2024-12-31
6912959742,8607642723,252913812.35,12354.35,0.0,361368.36,11898.85,2024-12-31
4295580695,4201190704,327602567.28,136.31,0.0,13320.88,540.54,2024-12-31
5479808415,6337013290,34791315.7,81.45,0.0,5393.2,113.11,2024-12-31
6128140551,2510381002,155228648.56,865.56,0.0,27877.91,899.8,2024-12-31
7730435073,9079900845,256582386.04,186.36,0.0,6007.74,168.96,2024-12-31
8906508432,4146412929,112984273.73,388.09,0.0,2406.13,342.92,2024-12-31
8564269730,1728794841,9727195.46,280.09,0.0,9071.47,509.44,2024-12-31
8564269730,3816969198,9730492.1,372.2,0.0,13943.31,371.53,2024-12-31
8564269730,4275693873,45997415.17,67.67,0.0,967.67,67.55,2024-12-31
3457456980,2713123804,418415640.81,5832.92,0.0,164557.23,16873.24,2024-12-31
7676611041,9368934078,909026531.03,19439.73,0.0,541998.74,20483.63,2024-12-31
2587290667,4387486637,138126521.24,475.71,0.0,38314.75,3630.34,2024-12-31
7545204145,4698837408,547913149.04,1027.1,0.0,34101.6,1118.27,2024-12-31
7761714523,3435620448,274167511.03,887.94,0.0,2288.89,1019.96,2024-12-31
4096109405,1186630050,16962646.13,368.84,0.0,10461.32,358.79,2024-12-31
4096109405,3565494725,10646134.82,249.82,0.0,6786.3,243.02,2024-12-31
4096109405,6003399573,29140785.77,650.83,0.0,20324.74,633.1,2024-12-31
6487975423,5092826337,110534129.84,61.81,0.0,1812.44,70.77,2024-12-31
7869137619,8301030791,140180796.59,45.99,0.0,4024.33,1182.95,2024-12-31
7869137619,2911741172,39395162.63,60.23,0.0,1796.68,55.7,2024-12-31
2672329958,6024813197,310137406.77,68.03,0.0,42778.81,74.39,2024-12-31
2672329958,8307248869,44498673.0,60.15,0.0,1319.61,65.76,2024-12-31
2672329958,7109394127,77331407.61,525.54,0.0,32847.45,6677.75,2024-12-31
2672329958,3654815198,541975892.25,131.14,0.0,60523.09,43601.6,2024-12-31
2672329958,6350769054,37328510.66,63.1,0.0,776.91,69.0,2024-12-31
2672329958,5362926328,34031759.72,219.88,0.0,57341.17,33396.3,2024-12-31
2672329958,6086021988,21104141.04,515.68,0.0,4740.51,1538.45,2024-12-31
4205409850,1493809573,82956996.5,0.0,0.0,21195.62,16177.8,2024-12-31
4205409850,4818320580,682377.33,0.0,0.0,129.24,65.58,2024-12-31
4195391340,5909505277,0.0,0.0,0.0,9.23,0.0,2024-12-31
1544027227,1728268603,3054.93,0.0,0.0,1.05,0.0,2024-12-31
7486359225,2996991470,14328941.41,0.0,0.0,2482.27,1601.92,2024-12-31
4096109405,8566862442,18815964.43,0.0,0.0,4663.71,1803.35,2024-12-31
4096109405,2020872908,15064304.64,0.0,0.0,5355.58,1476.89,2024-12-31
6487975423,5496180502,0.0,0.0,0.0,0.94,0.0,2024-12-31
3592936300,9502266016,0.0,0.0,0.0,6.34,0.0,2024-12-31
2672329958,5026756656,0.0,0.0,0.0,20.95,0.0,2024-12-31
2672329958,8113559516,0.0,0.0,0.0,20.95,0.0,2024-12-31
4205409850,6466801085,112637218.87,0.95,0.0,73449.62,285.16,2024-12-31
2415874979,4996100541,2832045.0,0.91,0.0,12.63,1.05,2024-12-31
7383324448,6720628598,1537434.0,1.08,0.0,17.46,1.04,2024-12-31
7383324448,7974995577,4439070.0,1.08,0.0,52.37,1.04,2024-12-31
7383324448,2195921846,2955771.0,1.08,0.0,16.49,1.04,2024-12-31
7732825977,6794666852,4221819.0,0.96,0.0,19.56,1.03,2024-12-31
6487975423,1796798028,476722.99,0.91,0.0,66.64,2.08,2024-12-31
6487975423,4767033454,9708.0,0.91,0.0,0.94,1.04,2024-12-31
7180277247,9604138681,10940025.0,0.97,0.0,0.9,1.09,2024-12-31
2672329958,2919965772,381102.0,0.99,0.0,69.5,1.08,2024-12-31
2672329958,7656439625,1203480.0,0.99,0.0,23.8,1.08,2024-12-31
2672329958,6493924310,411189.0,0.99,0.0,19.04,1.08,2024-12-31
4205409850,3710995287,83164850.41,1.9,0.0,21321.83,16253.31,2024-12-31
8000140564,6885490146,73525872.0,1.91,0.0,5.44,1.81,2024-12-31
3941929869,6645625717,123225706.0,1.95,0.0,6.82,2.07,2024-12-31
6487975423,9367414059,459451.49,1.82,0.0,177.4,3.12,2024-12-31
6487975423,3340235063,1567231.37,1.82,0.0,204.61,15.61,2024-12-31
4205409850,1553406431,27887979.22,2.84,0.0,4621.4,3186.48,2024-12-31
4688974689,6637186555,6917976.0,3.17,0.0,20.28,3.05,2024-12-31
6487975423,4413950909,533940.0,2.73,0.0,96.68,3.12,2024-12-31
7180277247,6004924097,14755290.0,2.91,0.0,39.66,3.28,2024-12-31
7383324448,5196645487,6041466.0,4.32,0.0,64.98,4.18,2024-12-31
7383324448,3436792258,16835985.0,4.32,0.0,62.07,4.18,2024-12-31
9347899940,7836364429,138004.04,3.66,0.0,24.88,4.4,2024-12-31
7732825977,2347040754,6464991.0,3.85,0.0,10.76,4.11,2024-12-31
2896757076,9826462902,790762.38,4.39,0.0,166.41,3.66,2024-12-31
2672329958,2903658545,1654785.0,3.94,0.0,116.16,4.31,2024-12-31
1020002691,9598146429,15830978.0,5.04,0.0,200.82,4.65,2024-12-31
8000140564,8427882277,18350934.0,4.79,0.0,23.58,4.53,2024-12-31
4688974689,5616595126,161279400.0,5.28,0.0,61.79,5.08,2024-12-31
4688974689,5064369012,9364008.0,5.28,0.0,306.06,5.08,2024-12-31
3592936300,6788200814,10744036.32,5.36,0.0,294.93,6.82,2024-12-31
9061489677,5086670297,36399077.0,6.48,0.0,414.21,5.79,2024-12-31
1430064570,7072942745,9188310.0,6.59,0.0,98.91,5.91,2024-12-31
4195391340,4129200346,18788879.0,6.39,0.0,72.0,6.33,2024-12-31
7383324448,8168433238,11639025.0,6.49,0.0,119.29,6.27,2024-12-31
7383324448,5083219386,5608386.0,6.49,0.0,125.1,6.27,2024-12-31
6111885933,9323706607,9412138.0,6.23,0.0,42.02,5.64,2024-12-31
3550535444,8777719213,5177993.74,5.7,0.0,109.72,6.23,2024-12-31
8000140564,1794260163,24752896.0,6.7,0.0,15.42,6.34,2024-12-31
9421916553,6822793673,42187774.93,7.24,0.0,22127.71,1445.13,2024-12-31
6487975423,7263430955,1922184.0,6.36,0.0,257.18,7.29,2024-12-31
4195391340,5056705383,5666488.78,8.52,0.0,1037.56,109.71,2024-12-31
4205409850,8521055700,83255460.97,9.48,0.0,14406.4,9558.43,2024-12-31
4195391340,5897383886,17053204.64,10.65,0.0,745.86,108.65,2024-12-31
7383324448,4011641019,16846812.0,10.81,0.0,169.72,10.44,2024-12-31
4096109405,7527921894,44026752.0,10.72,0.0,435.62,10.43,2024-12-31
3600040380,8419382377,31189046.43,10.69,0.0,518.12,9.71,2024-12-31
2009937203,9556702707,2221285.86,11.28,0.0,702.24,12.61,2024-12-31
7383324448,2507022105,8358444.0,11.89,0.0,134.8,11.49,2024-12-31
5479808415,6746622336,2591888.0,11.95,0.0,42.39,10.91,2024-12-31
8399250647,4847824106,39320924.59,10.86,0.0,123.03,10.89,2024-12-31
4195391340,9934713171,36615935.0,12.78,0.0,401.55,12.66,2024-12-31
2896757076,8639435964,8210562.0,14.25,0.0,229.34,11.9,2024-12-31
8000140564,2868113612,23645944.86,13.4,0.0,78.89,12.68,2024-12-31
1020002691,1037603409,18948569.54,15.13,0.0,294.06,24.18,2024-12-31
7401912762,5003092075,322188188.22,15.87,0.0,74750.02,43302.66,2024-12-31
4295580695,1425948274,39966262.46,16.4,0.0,1088.47,159.46,2024-12-31
7732825977,5600137223,13397486.56,15.42,0.0,937.81,104.92,2024-12-31
4688974689,6762558427,341231196.78,17.95,0.0,107.17,17.28,2024-12-31
3600040380,4290682481,13708284.46,18.18,0.0,1914.29,16.5,2024-12-31
1020002691,3686585711,25700260.0,19.16,0.0,75.82,17.67,2024-12-31
2672329958,1796779381,7268340.24,18.73,0.0,243.74,20.48,2024-12-31
6727254708,1715477885,39781716.67,19.77,0.0,47.42,19.71,2024-12-31
6699715634,9010404637,45286343.28,20.14,0.0,101.24,21.37,2024-12-31
2672329958,9067581907,33847935.17,20.71,0.0,166.62,22.64,2024-12-31
1430064570,8671464923,42394557.94,24.17,0.0,192.87,21.68,2024-12-31
7730435073,4441681451,74325524.85,23.84,0.0,190.72,22.59,2024-12-31
2672329958,3630676019,12205293.0,21.69,0.0,323.71,23.72,2024-12-31
7187956485,7452930527,42136784.0,21.05,0.0,308.9,22.78,2024-12-31
4096109405,4372533818,23064165.56,27.88,0.0,1542.83,84.48,2024-12-31
4299868633,1575692582,339308098.42,33.19,0.0,138393.08,33.72,2024-12-31
2672329958,5577380108,19345941.0,30.57,0.0,410.36,33.42,2024-12-31
7192602240,2379191919,45465732.0,34.77,0.0,2755.9,35.58,2024-12-31
8000140564,9095205024,54364673.53,31.58,0.0,198.59,29.89,2024-12-31
4688974689,8541871283,84341809.58,36.96,0.0,3490.28,1565.56,2024-12-31
4688974689,9189695020,103218070.05,38.01,0.0,686.47,36.6,2024-12-31
2672329958,1133297879,119321158.77,35.5,0.0,20055.03,38.81,2024-12-31
6487975423,2623289446,18559121.44,44.54,0.0,1282.13,51.0,2024-12-31
1544027227,9985101441,23655981.05,51.31,0.0,197.61,56.74,2024-12-31
7730435073,6622504921,42389125.94,58.51,0.0,5055.14,66.8,2024-12-31
4688974689,5647068373,150743667.05,59.13,0.0,622.75,56.93,2024-12-31
4299868633,9137779060,341007341.95,64.25,0.0,118811.76,131750.13,2024-12-31
4205409850,5432020273,51074928.0,57.82,8.93,193.86,60.61,2024-12-31
4969504105,3119999910,64147468.53,70.27,3.91,374.26,69.67,2024-12-31
8000140564,3005474923,99474287.08,109.11,4.2,807.05,103.25,2024-12-31
1430064570,4765257026,71627800.37,57.12,3.7,458.94,51.24,2024-12-31
3610097806,9967621124,426413033.47,1800.07,3.98,50795.88,1631.1,2024-12-31
7486359225,7459236282,32602571.28,8.49,4.23,51673.44,3870.21,2024-12-31
8000140564,8957190537,56650748.0,24.88,4.2,84.33,23.55,2024-12-31
7486359225,4896998066,203147883.17,32.91,4.23,69191.03,37027.75,2024-12-31
4969504105,4195273954,29738876.64,33.13,3.91,185.71,30.65,2024-12-31
8000140564,7880576243,79939250.66,46.9,4.2,3364.23,372.24,2024-12-31
7954325167,3348231639,405288850.75,90.31,4.27,1023.15,93.53,2024-12-31
1885813372,9064936996,110592448.61,72.73,7.35,585.4,95.86,2024-12-31
8000140564,8148910068,305276286.74,131.12,8.41,1283.12,124.08,2024-12-31
4482504627,3731611379,493665756.39,596.38,8.71,25078.68,916.52,2024-12-31
6877336869,5007704993,95436686.16,40.34,7.49,869.18,43.64,2024-12-31
9061489677,4438626121,208623758.09,111.25,3.2,1442.72,102.28,2024-12-31
7187956485,9277064901,42987850.92,73.23,2.77,688.86,79.23,2024-12-31
5660113447,9092028130,156273809.76,855.47,3.06,7836.92,821.07,2024-12-31
4969504105,5091832955,85444351.34,46.17,2.93,1029.93,104.04,2024-12-31
8000140564,7161615415,38767927.7,36.37,3.15,404.43,34.42,2024-12-31
1672862023,5684676954,26708005.01,73.43,3.18,1198.23,82.29,2024-12-31
2156171975,3180977400,60162465200.0,9.82,2.7,22.17,10.75,2024-12-31
7383324448,4890778267,71155044.0,12.97,2.71,161.96,12.53,2024-12-31
4205409850,1467928158,16058898.0,18.01,2.98,56.54,18.88,2024-12-31
1430064570,3999456724,97501310.0,30.76,2.77,522.24,27.59,2024-12-31
8000140564,9130319191,108905738.92,115.81,12.61,816.12,109.59,2024-12-31
6991056822,6756838545,4359852.09,18.34,11.57,634.75,18.11,2024-12-31
6991056822,2540757224,11347091.76,35.6,11.57,1539.57,37.29,2024-12-31
2908459842,2608223019,380685242.0,115.18,7.21,12885.32,131.04,2024-12-31
6877336869,3651393613,73697928.72,199.75,6.55,6492.64,216.07,2024-12-31
8009589948,9864867232,28159312.08,93.57,1.99,16350.8,8292.41,2024-12-31
3979990204,6307478183,67094398.64,54.46,2.1,3512.56,584.65,2024-12-31
3551284065,8079664411,212180934.0,107.61,1.92,1280.71,108.56,2024-12-31
8000140564,8607415353,90555714.83,61.25,2.1,469.72,57.96,2024-12-31
4295580695,3476279915,305875944.06,48.17,2.03,8295.78,90.99,2024-12-31
3457456980,8585978406,88769797.58,63.23,1.87,649.06,63.7,2024-12-31
9686881868,5656157535,58764583.51,98.26,2.19,736.84,111.46,2024-12-31
2672329958,6347921401,368733929.31,764.15,1.86,3939.79,835.53,2024-12-31
2156171975,8321544768,11324332.73,0.98,1.8,1.01,1.07,2024-12-31
7486359225,7767634089,53314790.25,4.25,2.11,40584.88,3269.73,2024-12-31
2899793385,6126637020,60461839.0,4.74,2.08,39.41,4.98,2024-12-31
1430064570,8080751021,29856961.45,16.48,1.85,246.29,14.78,2024-12-31
8000140564,6687243904,46904446.85,16.27,2.1,52.59,15.4,2024-12-31
6877471451,9963426365,9969300.0,16.92,2.19,196.48,18.96,2024-12-31
8000140564,1081854423,54605190.86,29.67,2.1,214.0,28.08,2024-12-31
8000140564,7567478824,56447751.86,39.24,2.1,463.37,37.13,2024-12-31
2899793385,5790083369,46793921.05,46.42,2.08,145.14,48.8,2024-12-31
1430064570,2841595741,130782328.05,65.91,1.85,709.18,59.12,2024-12-31
8474378044,7893937195,616327275.64,357.91,5.64,2957.72,308.72,2024-12-31
4539006085,3876540741,264616830.87,388.64,5.49,35511.43,10017.93,2024-12-31
5509067989,6291704666,196311067.43,199.69,5.94,3188.84,217.02,2024-12-31
9251961671,5377923704,2620631311.76,1418.76,5.43,11354.57,1577.19,2024-12-31
4295580695,1097016398,24214497.38,147.59,6.08,23694.55,764.86,2024-12-31
2672329958,2458713257,2822221820.02,599.49,5.58,8404.19,655.48,2024-12-31
2009937203,3322867880,110831132.42,53.31,0.97,780.67,54.64,2024-12-31
4205409850,9844684847,1114644552.88,45.5,0.99,251.42,47.69,2024-12-31
7187956485,8812559912,48684002.3,68.66,0.92,565.49,74.28,2024-12-31
3979990204,6569611257,471099981.42,424.63,1.05,73900.25,21042.67,2024-12-31
3979990204,3198630240,186435569.43,190.16,1.05,18323.54,4760.05,2024-12-31
6727254708,1723814342,51970115.3,41.42,0.98,1632.95,41.29,2024-12-31
3551284065,1779869258,158207151.89,85.35,0.96,1873.98,87.97,2024-12-31
8000140564,8073694413,141127594.32,42.11,1.05,129.67,39.85,2024-12-31
8000140564,6861586485,26467845.23,25.84,1.05,133.3,24.45,2024-12-31
1430064570,7762759321,79327753.53,75.8,0.92,2886.19,94.6,2024-12-31
8698180854,4286869052,172337020.81,553.4,1.01,96067.52,52870.78,2024-12-31
6128140551,2809191200,103440279.92,89.47,1.07,2207.15,91.18,2024-12-31
1672862023,3148462592,30667529.0,83.92,1.06,1360.9,94.05,2024-12-31
7761714523,1323231114,876756764.12,1190.58,1.07,76444.15,1470.35,2024-12-31
3600040380,9144131453,416874143.49,14078.65,0.96,344608.41,12815.18,2024-12-31
2672329958,8403774764,268220727.9,105.5,0.93,18692.58,3998.67,2024-12-31
2672329958,5879726832,269526051.39,429.9,0.93,1252.96,470.05,2024-12-31
2775728868,2341830154,1647339.97,4.19,0.97,32.76,3.64,2024-12-31
3610097806,5594603557,4020509.25,7.28,0.99,73.86,13.18,2024-12-31
6111885933,2648107141,4536311.0,7.27,0.97,87.77,6.58,2024-12-31
5479808415,1793444744,7895387.31,13.03,1.06,1156.61,17.86,2024-12-31
7869137619,1753880817,20449372.15,15.33,1.07,1328.86,72.92,2024-12-31
8000140564,1594190434,41476206.99,15.31,1.05,83.43,14.49,2024-12-31
8000140564,6917650996,38930850.0,17.23,1.05,145.09,16.3,2024-12-31
4260952526,3606935181,16285076.0,20.41,1.02,97.02,17.28,2024-12-31
6727254708,6363425590,43493220.0,21.65,0.98,477.31,21.59,2024-12-31
8000140564,5434935750,30411864.0,31.58,1.05,171.39,29.89,2024-12-31
1430064570,9035077179,110701285.0,36.25,0.92,521.26,32.52,2024-12-31
4096109405,8585961524,91199603.26,35.38,0.92,2048.92,84.48,2024-12-31
7383324448,5051082658,17627815.48,38.92,0.9,4962.47,37.59,2024-12-31
8000140564,4470137380,69439201.44,41.16,1.05,101.56,38.95,2024-12-31
5509067989,3131541639,110308583.09,42.72,0.99,294.76,46.43,2024-12-31
6727254708,8459383999,54432240.0,52.72,0.98,1986.54,52.56,2024-12-31
5213587138,4439037584,358832681.3,44.38,10.85,624.72,42.72,2024-12-31
6877336869,2381695406,64541942.72,156.46,9.36,4616.06,169.24,2024-12-31
6991056822,9106102873,6119603.96,18.34,9.64,474.92,18.11,2024-12-31
7903592262,4426424720,53531051.0,57.63,9.54,1193.7,59.01,2024-12-31
7486359225,7004536122,208748957.66,12.74,5.29,37868.98,25351.22,2024-12-31
3610097806,1384906553,11382064.13,13.51,4.97,93.67,12.24,2024-12-31
8000140564,9250987791,56094375.77,34.46,5.25,151.44,32.61,2024-12-31
8181642239,6862247394,16749824281.83,32617.07,1623.92,2243868.09,39189.0,2025-03-04
8181642239,8265655789,1002407732.47,1599.82,32.31,73857.17,1922.16,2025-03-04
8181642239,5810359398,782391954.27,10516.84,71.04,551099.35,12635.85,2025-03-04
8181642239,9294695965,3157906085.02,4165.3,117.94,80382.08,5004.56,2025-03-04
4590233378,4956991400,894479730.37,452.53,30.84,5114.43,430.18,2025-03-04
4590233378,1716425741,2588456091.67,1457.42,79.02,9444.04,1819.74,2025-03-04
9565398844,9316316207,3437884889.31,2225.2,170.4,29811.79,2183.94,2025-03-04
9782017208,4276048009,41807183175.54,165190.76,34534.91,9270362.77,3163379.05,2025-03-04
5158673107,9400998669,39103007568.68,46026.71,39465.65,2988697.83,909699.02,2025-03-04
2338105289,5118711289,528592162.85,1134.06,410.27,12156.84,1110.44,2025-03-04
4695215334,9515395501,3985236012.84,1556.16,87.96,16098.85,1653.6,2025-03-04
3618949692,3238401785,4698857580.72,2728.81,58.07,368241.37,6406.5,2025-03-04
5007176908,9655669412,136115852.25,48.15,38.81,449.01,42.64,2025-03-04
5007176908,8561532843,334848091.51,169.57,42.9,2554.95,150.16,2025-03-04
5007176908,2285836728,266603007.75,155.96,55.16,1362.37,138.11,2025-03-04
5007176908,4060656352,311009372.28,98.39,44.94,562.54,87.13,2025-03-04
2830511829,6491765159,414082086.28,59.68,45.28,492.41,54.45,2025-03-04
2830511829,3860904482,1481382550.58,333.22,161.83,2050.57,304.01,2025-03-04
2344918624,5644608669,641255789.82,101.86,85.0,293.46,98.3,2025-03-04
1638662180,9777032190,906866907.16,766.05,67.0,4286.79,685.05,2025-03-04
1638662180,8640916512,2586785097.36,641.42,90.1,5674.59,573.6,2025-03-04
1638662180,7105264940,3509595109.2,460.92,171.56,1310.44,412.18,2025-03-04
1295015522,1052070248,53170036097.91,20680.55,124.63,18338587.44,3425875.14,2025-03-04
5982728792,7341917791,216205038.52,131.4,17.8,3050.17,129.63,2025-03-04
3059796702,3746782976,4334600219.87,5786.56,2990.69,2523106.93,312209.62,2025-03-04
3059796702,6127519090,1456897633.42,2208.03,931.07,840607.59,103365.08,2025-03-04
3059796702,4917032890,2352329732.73,5065.42,1435.03,1087331.6,185459.91,2025-03-04
3059796702,2959313438,746212444.57,3895.05,246.8,82221.71,5357.99,2025-03-04
3059796702,3194578601,5780889267.8,723.32,25.85,602855.79,491609.85,2025-03-04
2902900350,6120985113,53963933503.27,41334.51,810.82,2125350.07,47126.22,2025-03-04
2902900350,5067682493,32552737276.81,26167.56,321.47,2581873.1,29838.54,2025-03-04
2902900350,4218531755,426751587.58,957.06,31.29,54723.82,1092.06,2025-03-04
2902900350,9540439464,2563620894.91,5495.69,173.12,334451.4,6264.89,2025-03-04
2902900350,9437400903,13275216833.66,31212.43,571.8,1467120.95,36649.99,2025-03-04
2902900350,4071901644,4760235353.96,5254.57,96.79,275320.95,6521.85,2025-03-04
2902900350,4222861796,690491822.3,4774.2,155.99,251360.72,5442.42,2025-03-04
2902900350,9013986967,7550243228.15,11680.53,356.15,943746.02,13323.82,2025-03-04
2902900350,1853641219,2556457481.74,9445.86,296.5,438955.09,10767.95,2025-03-04
2902900350,2154850971,4612124157.39,10267.11,254.13,803899.4,11704.15,2025-03-04
2902900350,1847968254,25586622937.61,63973.15,906.4,2741064.25,72929.28,2025-03-04
2902900350,7319587305,28575731968.88,104706.26,1357.81,5179796.11,122186.98,2025-03-04
2902900350,4809747013,15512440971.68,54210.43,1253.71,2914292.38,61802.23,2025-03-04
2902900350,3643670004,49937018338.68,86335.58,2002.08,4376896.61,98419.57,2025-03-04
2902900350,3080256802,9362818272.52,18980.39,510.81,1232604.0,31984.75,2025-03-04
2902900350,2532186118,5860742459.83,8287.41,143.22,559871.28,9684.31,2025-03-04
2902900350,4533806763,15575580726.72,15815.46,402.11,989279.85,24188.65,2025-03-04
2902900350,7295659962,7490694608.52,21038.62,527.45,1193971.5,35097.72,2025-03-04
2902900350,5836072222,22150890795.62,83407.13,2250.01,5353802.95,95082.29,2025-03-04
2902900350,5938966408,10928286913.35,43298.51,1118.69,2717399.95,49383.02,2025-03-04
2902900350,6746883324,18719267034.25,19415.5,374.03,977567.89,22140.37,2025-03-04
2902900350,5509512406,17299257795.36,55919.46,1351.04,4100064.7,64999.44,2025-03-04
2902900350,1709893108,45129210421.13,65490.95,1280.28,3515328.23,74662.68,2025-03-04
2902900350,7479163141,2052942667.18,6545.12,393.38,370337.71,7461.21,2025-03-04
2902900350,9383403159,9037777595.77,26729.23,723.52,1574980.87,30473.55,2025-03-04
2902900350,7585177690,8524319769.1,9673.11,350.54,425832.16,11250.27,2025-03-04
2977761935,6058471513,3487975222.21,66295.6,672.48,2813801.6,66113.17,2025-03-04
6835683414,6993359403,2430361437.63,4938.78,956.57,564465.4,215304.44,2025-03-04
9634558898,7838387266,1765745254.88,2570.57,156.84,131069.3,2690.99,2025-03-04
3086145695,6335093711,642217046.76,795.06,0.45,13993.92,712.3,2025-03-04
3086145695,6974743624,562221912.28,606.12,3.33,2811.05,543.02,2025-03-04
3086145695,7048810931,61964127.84,65.81,0.92,1165.61,58.96,2025-03-04
3086145695,5339572796,80930749.06,70.06,1.0,2314.79,62.77,2025-03-04
3086145695,5320558629,15130705254.76,15594.5,93.76,1058662.72,54690.11,2025-03-04
3086145695,1584062098,16533631699.26,22617.38,173.65,2152822.92,39120.34,2025-03-04
3086145695,8844330100,862295954.84,1073.18,12.52,82933.73,961.46,2025-03-04
3086145695,9932223162,8108655663.54,9804.01,47.16,991787.92,10356.39,2025-03-04
3086145695,7088147105,468957469.99,443.71,0.48,9642.59,397.52,2025-03-04
3086145695,7746993730,527631912.29,264.31,66.94,225926.06,236.8,2025-03-04
3086145695,2910051325,814716405.78,7304.18,19.28,109193.96,12110.98,2025-03-04
5082057286,6231057249,118926635.56,286.94,1.38,22693.42,302.81,2025-03-04
7017462971,5111421035,344660996.65,417.47,5.32,18363.12,419.73,2025-03-04
7757875170,9072185700,228075077815.7,2500.78,11.7,209393.43,58538.84,2025-03-04
7757875170,9649439618,1432995963991.33,9097.48,409.34,1234693.42,103113.29,2025-03-04
7757875170,5407833538,91004199796.77,522.86,454.48,18327.03,564.95,2025-03-04
7757875170,8289552867,645593446850.96,32.05,291.43,633399.28,389225.01,2025-03-04
4571331389,7924308711,78840591786.02,265.79,48.42,1951.36,281.46,2025-03-04
4571331389,2661434672,73679401548.69,218.29,76.02,1333.77,387.41,2025-03-04
8018066855,7567643025,89682729359.89,241.05,75.95,1460.81,245.44,2025-03-04
2009975355,6160307749,187904607508.54,402.01,49.18,4643.78,407.49,2025-03-04
4539006085,3806583041,101680043.74,3526.61,178.07,6807.57,3829.91,2025-03-04
4539006085,5295510099,1869424012.5,1662.16,85.23,120388.29,31410.85,2025-03-04
4539006085,7932418416,517800350.75,496.26,31.18,1240.24,538.94,2025-03-04
4539006085,2138725547,2162662513.81,4355.7,142.94,261202.03,7942.27,2025-03-04
4539006085,4775952703,1027498009.94,2116.57,1332.57,117920.66,2480.4,2025-03-04
4539006085,6995586848,136979285.04,247.13,7.52,3337.64,268.39,2025-03-04
4539006085,8223019574,1141929550.29,1566.5,82.31,88969.66,7547.26,2025-03-04
4539006085,3192029292,1118220698.4,1627.28,66.18,115738.74,5920.72,2025-03-04
8009589948,4009560141,212317122.98,955.26,455.45,29994.74,1276.34,2025-03-04
8009589948,7997753448,746839021.44,7994.62,33.88,173868.82,26289.11,2025-03-04
3155375047,4196694573,45831053.42,18.87,4.76,1963.67,528.3,2025-03-04
7187956485,4465072503,1482244558.95,1249.52,78.94,7672.16,1351.9,2025-03-04
7187956485,8812559912,619705216.31,228.85,4.84,2580.74,247.6,2025-03-04
7187956485,3959948835,283444893.22,131.82,12.42,7044.49,142.62,2025-03-04
7187956485,3788981854,39947960.39,96.12,5.73,1512.92,103.99,2025-03-04
7187956485,2536084657,69564285.38,139.14,5.77,2567.91,150.54,2025-03-04
7187956485,2512207212,107288608.37,259.97,247.73,6720.79,281.27,2025-03-04
7187956485,6591089435,20248141.46,23.8,4.75,657.28,25.75,2025-03-04
7187956485,1179319468,10427978.5,45.77,4.43,518.12,49.52,2025-03-04
7187956485,4948876257,175809753.94,293.84,618.73,6622.1,317.92,2025-03-04
7187956485,3214305264,319329213.71,1384.08,2107.08,26201.21,1497.48,2025-03-04
7187956485,4424952508,289559530.89,715.84,1408.46,23722.12,774.49,2025-03-04
7187956485,4491703485,65661043.18,60.42,4.65,1264.22,65.37,2025-03-04
7187956485,7688470220,75835193.78,141.89,0.02,2469.22,153.51,2025-03-04
7187956485,5599971951,245597514.72,278.28,8.84,5831.59,301.08,2025-03-04
7187956485,1362916650,467832258.74,426.58,63.62,289733.12,472.42,2025-03-04
7187956485,1252508887,2953441582.41,864.14,1804.75,6978.37,934.94,2025-03-04
7187956485,7977151881,1865834823.54,1330.99,213.93,1067893.9,1440.04,2025-03-04
3979990204,3387794418,2340834193.39,3057.31,48.79,220649.86,3179.4,2025-03-04
3979990204,1427290959,638809272.21,664.63,10.89,60320.58,805.56,2025-03-04
3979990204,9058435501,94233843.33,82.16,0.17,684.38,84.75,2025-03-04
6727254708,8428077364,636298452.56,674.98,31.4,43173.06,672.9,2025-03-04
6727254708,1243269632,5988092668.57,12262.68,242.36,561416.8,12224.9,2025-03-04
6727254708,9734535828,1479515811.32,2203.82,38.27,160354.43,2197.03,2025-03-04
6727254708,2640551431,4593944582.12,4510.25,84.38,233401.95,4496.35,2025-03-04
6727254708,1810310292,2167178313.0,6132.28,90.27,383771.08,6113.39,2025-03-04
6727254708,1579910568,16270685979.43,24746.58,447.43,1218493.9,24670.35,2025-03-04
6727254708,2596669440,466574933.96,551.66,32.38,38127.84,550.9,2025-03-04
6727254708,6845327837,1828724079.81,7585.8,22.57,550410.91,7562.43,2025-03-04
6727254708,5196541861,738242297.87,1440.34,33.03,89904.79,1435.9,2025-03-04
6727254708,3161800975,1245778479.16,1646.51,16.68,57171.65,1641.44,2025-03-04
6727254708,2921536805,641616931.3,1244.53,21.59,45595.68,1240.7,2025-03-04
6727254708,2308611837,2075252325.15,1979.76,18.64,121744.14,1975.54,2025-03-04
4765961919,5249567097,148561432.39,364.9,5.37,9944.52,336.82,2025-03-04
4765961919,8642879381,198769859.97,440.06,17.62,19186.38,406.2,2025-03-04
4765961919,5270170941,2172856048.77,3263.37,85.19,154700.79,6030.87,2025-03-04
4765961919,9059403974,551523200.16,2424.78,304.57,114335.1,2250.96,2025-03-04
4765961919,1465061450,505842164.09,1741.45,201.29,78680.93,1685.03,2025-03-04
4765961919,6799882775,719872721.99,2281.39,303.68,83469.14,2403.4,2025-03-04
4765961919,5336073310,759379187.1,3374.13,525.57,63115.18,3142.77,2025-03-04
4765961919,2758948117,499714886.16,2405.99,38.88,62908.13,2349.55,2025-03-04
4765961919,3104077214,1133625650.64,2927.14,32.7,106530.18,2713.75,2025-03-04
4765961919,9639355386,6142562856.68,13024.8,302.72,431615.4,12724.43,2025-03-04
4765961919,3542142104,3175157299.32,8464.98,249.41,338968.63,9196.46,2025-03-04
4765961919,9905648853,5123857254.48,14190.72,323.12,637361.64,14631.27,2025-03-04
4765961919,7522385707,355078253.29,1383.47,39.1,52519.78,1322.65,2025-03-04
4765961919,8821356314,1539145584.86,4668.6,102.95,200653.19,4678.1,2025-03-04
4765961919,1552313917,1353217203.24,3509.61,2172.51,1198199.19,34356.88,2025-03-04
4765961919,8528907741,879383298.45,3653.0,1477.7,431283.73,16818.34,2025-03-04
4765961919,2467479763,5039634656.08,10285.55,171.21,460440.5,19782.2,2025-03-04
5660113447,2575775551,742594534.6,3406.6,48.31,7924.47,3269.63,2025-03-04
5660113447,9092028130,1029640188.82,1928.61,15.86,19586.96,1851.06,2025-03-04
2990144704,9383468332,1010315513796.24,22269.4,1568.35,1669117.59,149475.31,2025-03-04
8308372271,6372356361,8581301838.71,1344.2,742.22,2172.28,1270.35,2025-03-04
1430064570,7762759321,403079165.1,279.02,2.77,7530.02,851.39,2025-03-04
1430064570,9035077179,389747741.84,87.88,0.46,1342.21,78.83,2025-03-04
8000140564,5239603617,7939778436.03,5574.15,2657.76,36239.36,5274.8,2025-03-04
8000140564,3611884080,180514202.94,103.37,53.33,285.64,97.82,2025-03-04
8000140564,1359798990,159078021.98,123.47,42.03,1352.04,116.84,2025-03-04
8000140564,8148910068,127092680.91,69.87,48.33,683.73,66.12,2025-03-04
8000140564,7161615415,50055517.99,44.03,19.97,451.59,41.66,2025-03-04
8000140564,8982051155,58912613.08,65.08,37.83,657.43,61.59,2025-03-04
8000140564,1537102753,25671714.95,15.31,7.88,155.97,14.49,2025-03-04
8000140564,1425089400,29351451.77,26.8,11.03,67.1,25.36,2025-03-04
8000140564,7087997498,319816481.86,557.99,57.95,21924.61,729.99,2025-03-04
8000140564,2337543367,166616112.39,206.73,27.3,7175.51,205.59,2025-03-04
8000140564,3358981893,245084442.57,491.95,53.83,15461.85,499.04,2025-03-04
8000140564,7562814826,120087274.45,143.56,33.4,3586.39,262.65,2025-03-04
8000140564,2434912117,290429308.37,613.5,64.8,19582.35,718.22,2025-03-04
8000140564,1960848218,100337918.87,231.62,10.84,13851.37,399.41,2025-03-04
8000140564,5635453509,72993700.0,67.0,18.91,1118.08,77.89,2025-03-04
8000140564,8689306085,321568482.07,269.9,83.18,9321.0,293.45,2025-03-04
8000140564,4641876052,171399748.98,129.21,36.77,6828.2,314.28,2025-03-04
8000140564,6211815059,313506135.1,213.43,86.16,6964.22,264.46,2025-03-04
8000140564,5878024733,153916137.32,92.84,54.64,236.67,87.85,2025-03-04
8000140564,9358759137,176274685.29,190.46,65.14,3463.98,338.73,2025-03-04
8000140564,2752610067,105569219.53,144.52,33.1,4895.81,461.0,2025-03-04
8000140564,9564366225,9557859.55,14.36,11.03,41.71,13.59,2025-03-04
8000140564,8494998479,97290549.34,28.71,14.71,125.14,27.17,2025-03-04
8000140564,2033805706,98531092.83,33.5,8.93,241.21,31.7,2025-03-04
8000140564,3005474923,96422617.34,52.64,22.59,294.71,49.81,2025-03-04
8000140564,8915708680,77683824.18,58.38,15.24,184.99,55.25,2025-03-04
8000140564,1073664272,91435914.38,67.0,20.23,502.37,63.4,2025-03-04
8000140564,7159278524,69601518.15,62.21,11.56,2988.81,63.4,2025-03-04
8000140564,7567478824,113690392.29,72.74,24.17,1011.99,68.83,2025-03-04
8000140564,2342519279,73185512.56,76.57,30.47,758.99,72.46,2025-03-04
8000140564,3500455885,73884784.92,75.61,10.51,1023.78,84.23,2025-03-04
8000140564,3189854782,162352564.48,89.97,45.6,615.72,85.14,2025-03-04
8000140564,1111124926,172530218.42,96.67,49.3,834.26,91.48,2025-03-04
8000140564,2473040409,286364313.9,97.62,26.63,920.4,92.38,2025-03-04
8000140564,8042770435,154805483.84,154.09,41.85,1066.4,145.82,2025-03-04
5509067989,8448431953,760871920.57,6844.22,32.08,17903.41,7452.09,2025-03-04
5509067989,9673455954,288819575.42,140.08,3.27,598.27,152.24,2025-03-04
6991056822,1951746329,9365993.11,55.02,21.21,1988.77,54.34,2025-03-04
6991056822,8883986582,12021299.9,51.78,24.11,1262.16,51.14,2025-03-04
4631721175,2411774125,3740210175599.3,32163.6,2140.02,2263059.08,103044.85,2025-03-04
4631721175,6916705630,102899456204.1,241.68,151.99,361.89,244.47,2025-03-04
6287055608,4254250703,18447386317.33,86.5,48.44,6148.16,85.82,2025-03-04
2156171975,9060550703,54996410280.81,49.09,15.07,80.62,53.73,2025-03-04
3878840424,3989998889,6261056738.24,5437.95,98.8,14647.76,5374.19,2025-03-04
3878840424,9638623258,1856919644.22,821.47,11.11,17906.23,811.84,2025-03-04
3878840424,7008561256,10165917672.24,4321.32,75.56,101967.45,4995.65,2025-03-04
3878840424,5827362456,1912975185.4,888.34,12.43,5165.32,877.92,2025-03-04
3878840424,2264846032,2928569789.57,349.6,8.9,4231.46,345.5,2025-03-04
3313050187,5048092493,6393345585.67,10635.99,2459.26,19097.05,10506.24,2025-03-04
3313050187,9846041905,35516044818.41,195992.89,20385.76,6210425.47,934402.44,2025-03-04
3313050187,4627196406,34430787179.07,274043.57,12432.73,8616824.84,304516.09,2025-03-04
4969504105,9238967621,161020267.94,161.61,47.9,3744.52,300.03,2025-03-04
4969504105,6061790334,157226326.49,125.48,41.05,3498.17,253.59,2025-03-04
4969504105,2084267498,89429172.71,127.48,37.8,5900.08,645.59,2025-03-04
4969504105,7736634406,48909565.85,66.25,15.15,1711.19,101.25,2025-03-04
4969504105,4195273954,188845148.18,217.82,52.13,2778.07,328.83,2025-03-04
4969504105,5091832955,147165826.98,117.44,50.34,1813.52,170.92,2025-03-04
4969504105,1622388142,125977375.66,543.06,66.34,3700.94,502.53,2025-03-04
4969504105,1627501892,146425101.77,89.34,24.44,1534.95,232.22,2025-03-04
3551284065,7197465869,544728103.72,313.56,9.48,1930.49,316.33,2025-03-04
8201637580,9958704136,33797056305.65,212.05,83.04,263.07,188.38,2025-03-04
3017575657,4843243076,130414966.51,172.24,94.31,4045.32,158.24,2025-03-04
3017575657,7880712419,1152405662.31,873.17,177.63,31465.31,1670.5,2025-03-04
3017575657,3234842012,254796247.7,151.52,24.72,3990.06,201.3,2025-03-04
3017575657,8346324433,829300024.57,693.3,171.22,34174.25,1342.01,2025-03-04
3017575657,5208105534,94016525.45,50.14,12.82,1775.48,50.07,2025-03-04
1366387738,7732926047,1684585769.42,600.46,5.86,11963.79,571.3,2025-03-04
9421916553,8096740886,771458553.48,4061.94,15.14,95999.5,20785.82,2025-03-04
3941929869,4586739927,38331053043.9,285.53,203.28,597.06,302.73,2025-03-04
7220654458,4411942258,129552876.07,326.01,129.49,3150.13,307.3,2025-03-04
2756827689,3668065024,580553414.41,2506.31,359.71,32570.04,14320.05,2025-03-04
4168681528,9654050745,2547078449.44,10472.92,1791.21,501955.39,19734.02,2025-03-04
3356181707,6401228190,3513034854.05,1999.33,110197.67,579175.67,179305.57,2025-03-04
1035543794,6335684328,47471377.08,252.34,17.09,14546.41,236.16,2025-03-04
1035543794,9171905185,4032338126.25,16053.44,294.12,1042112.22,14913.1,2025-03-04
1035543794,4158584440,82870968.74,265.01,10.48,8091.06,245.95,2025-03-04
1035543794,1336677625,11978630134.89,36562.35,654.76,2374762.15,37878.03,2025-03-04
1035543794,2414841495,1999914351.59,29957.27,64096.2,1533426.25,27803.68,2025-03-04
1035543794,3572750171,2292948737.86,6458.33,177.51,351817.64,5994.05,2025-03-04
1035543794,5258388057,2389995087.36,7510.96,153.34,308667.09,6971.01,2025-03-04
1035543794,1807732047,753667520.89,2672.23,60.32,106833.38,2480.13,2025-03-04
1035543794,4158408252,9491874.75,59.12,2.19,11507.59,54.87,2025-03-04
1035543794,6726098895,7361200.63,31.67,0.11,2821.15,29.4,2025-03-04
1035543794,5321997374,6967703975.95,29892.87,563.25,1781725.68,28324.01,2025-03-04
1035543794,3910991376,564068956.75,1194.11,8.04,67386.38,1112.19,2025-03-04
1035543794,2169782023,13535485612.29,51950.64,873.85,3393821.84,48451.16,2025-03-04
2656837900,5146812398,377846321.28,2268.19,198.86,6945.96,2226.0,2025-03-04
2656837900,1072430225,589267629.81,3663.77,86.05,66477.44,3595.62,2025-03-04
2656837900,6913745275,81972388.67,484.56,15.47,9434.36,475.55,2025-03-04
2656837900,6541769165,380011333.91,2195.56,49.07,50603.14,2154.72,2025-03-04
2656837900,2048221727,435931129.42,1835.51,22.68,29900.52,1801.37,2025-03-04
2656837900,5786792699,7635311.09,43.58,1.59,1519.9,42.77,2025-03-04
2656837900,1167799422,31624521.17,105.84,0.81,4706.3,103.87,2025-03-04
2656837900,2455323576,61973318.03,214.78,3.19,3341.51,210.79,2025-03-04
2656837900,3578828435,2206848660.02,7400.16,83.97,223645.76,7262.52,2025-03-04
2656837900,1252682934,831647171.89,3425.12,52.74,75757.63,3361.41,2025-03-04
2656837900,9764154719,40667036.7,309.2,9.37,8295.61,303.45,2025-03-04
2656837900,2330044393,30891409.41,56.03,3.64,209.97,54.99,2025-03-04
8842840036,6495955476,265901512.56,1155.03,20.42,69857.67,1042.8,2025-03-04
4126844175,7977352067,127896989.96,2737.5,59.42,5820.66,2931.76,2025-03-04
9058771111,1014702892,2684598013.22,5439.98,116.59,323751.2,4882.61,2025-03-04
5445022053,6884672541,486782429.84,2219.2,167.72,109642.07,2285.9,2025-03-04
2595365035,1075751872,25702017.23,143.58,2.86,1320.74,127.16,2025-03-04
3886905599,5291960637,9297910.03,438.99,3.82,1413.5,399.16,2025-03-04
3886905599,3438720752,1169783015.19,3346.03,36.03,111242.12,3263.57,2025-03-04
9218342578,8783617718,17112629.16,395.23,18.54,6286.13,417.77,2025-03-04
9218342578,5102935462,1028927.27,57.77,3.27,162.72,61.07,2025-03-04
3487944451,8480228235,212320464.15,819.93,22.8,2749.01,869.84,2025-03-04
3487944451,2911324867,2022975.01,28.37,0.28,970.8,30.09,2025-03-04
1757896755,2188364055,45631414.99,179.08,3.2,1240.78,164.21,2025-03-04
3851958960,9921036229,1776273.04,30.62,1.26,88.76,27.55,2025-03-04
3851958960,4945323093,223229437.57,5316.48,231.74,7455.86,4783.71,2025-03-04
1517367026,9652103431,1333989991.8,1044.01,23.43,62036.38,1048.26,2025-03-04
5928471422,6746047820,987095699.25,1036.58,22.75,56778.21,952.18,2025-03-04
5928471422,8690631971,441411344.02,463.68,8.66,25623.87,425.93,2025-03-04
5928471422,4674690236,155088188.31,146.32,2.61,7038.54,134.4,2025-03-04
4925883884,4675211549,4213055359.37,6024.53,243.15,424253.68,5910.58,2025-03-04
4925883884,2805175170,674292875.68,683.39,39.81,38333.41,629.46,2025-03-04
4925883884,7785752953,3909520258.41,5390.25,166.82,410156.69,4730.34,2025-03-04
4925883884,5682634512,1443866233.8,2772.01,65.14,175241.62,2444.79,2025-03-04
4925883884,3576483186,2512941532.85,3356.1,47.33,201201.78,2947.79,2025-03-04
4925883884,3071680482,777520214.23,925.78,28.85,59552.51,812.12,2025-03-04
4925883884,4976986738,3265101740.04,3448.99,51.25,278743.62,6943.76,2025-03-04
4925883884,8240213150,2598793964.97,3821.66,49.07,251384.7,3389.92,2025-03-04
4925883884,3869558152,4474720852.94,5263.19,207.64,421560.27,4616.99,2025-03-04
4925883884,2150537520,678242224.75,1342.22,48.47,117037.38,1177.43,2025-03-04
4925883884,2876594793,74383951.14,114.25,7.24,10320.33,100.23,2025-03-04
4925883884,2739106312,2740748520.57,2082.21,77.59,167142.47,1826.57,2025-03-04
4925883884,8015908839,854532827.87,1284.56,47.64,93705.42,1126.85,2025-03-04
4221243019,4986587715,627014888.94,719.69,28.98,60362.05,5428.92,2025-03-04
3818150017,8197098220,210073197.73,6557.33,1463.98,273420.96,7270.7,2025-03-04
3818150017,7118894536,2497156883.91,1735.28,27.29,116122.3,1924.06,2025-03-04
9999862340,8353452752,830834651.21,519.44,9.26,41866.0,441.58,2025-03-04
9999862340,2161927728,3821773717.16,1986.9,62.05,11497.0,1689.09,2025-03-04
3144474603,5411794774,408905117.69,292.26,78.62,1301.93,285.32,2025-03-04
3144474603,6125812716,4894288831.91,1144.95,226.84,3794.11,1117.76,2025-03-04
3144474603,7808305658,3298885469.54,1855.35,539.79,9101.7,1811.28,2025-03-04
3144474603,8914469811,183105035.82,119.31,23.09,528.4,116.48,2025-03-04
3144474603,1349295418,170375815.6,41.59,2.75,355.9,40.61,2025-03-04
3144474603,7006543170,395653372.69,259.42,54.61,823.47,253.26,2025-03-04
3144474603,2324348526,382672488.31,84.28,32.84,364.07,82.28,2025-03-04
3144474603,3233033323,781541944.13,225.49,26.21,680.93,220.13,2025-03-04
3144474603,9803693166,109055604.2,29.55,2.57,186.12,28.85,2025-03-04
3144474603,6296949760,91548542.64,240.81,54.98,944.22,235.09,2025-03-04
3144474603,4897695388,7872055489.09,2138.85,377.02,19159.41,2088.04,2025-03-04
3144474603,6021828990,171999330.14,188.27,5.94,12510.86,183.8,2025-03-04
3144474603,2568290212,716926315.44,316.34,21.13,7424.81,320.58,2025-03-04
3144474603,4073287612,259395110.04,112.74,20.03,899.73,110.07,2025-03-04
5966024179,4237016550,3097665765.06,6891.63,1552.18,375853.36,16524.58,2025-03-04
6747103943,5801224795,1807378556.42,29587.08,155.15,1456205.49,28230.49,2025-03-04
9034373210,4662700379,1523529160.32,4444.37,519.12,379512.0,100154.49,2025-03-04
9034373210,4709829329,400521443.68,7485.94,499.65,278157.24,16387.52,2025-03-04
8458175737,7257871390,350416384.87,1743.11,87.72,7557.92,1569.63,2025-03-04
8458175737,1411662651,19993479.52,238.71,0.87,4712.01,214.95,2025-03-04
5048405933,9017871690,601729196.2,386.74,4.83,40362.33,2096.1,2025-03-04
4260952526,5007300728,488808668.23,819.77,18.47,1986.2,694.02,2025-03-04
4260952526,7949461645,457871427.73,530.75,3.62,32454.71,4346.07,2025-03-04
4260952526,2375527770,261848100.97,372.82,4.44,16325.29,390.22,2025-03-04
7107398469,3953733993,69000777.03,198.63,14.2,4476.38,258.23,2025-03-04
1544027227,6958179722,103907925.58,95.97,1.05,371.04,106.12,2025-03-04
1544027227,7112430573,8765429.01,33.26,0.07,1225.58,36.77,2025-03-04
8698180854,3189287361,171601283.93,366.13,112.67,4734.26,380.17,2025-03-04
8698180854,1145744380,65010114.81,135.72,0.6,2154.11,328.03,2025-03-04
4243137714,3073885350,276936698.51,125.15,1.43,337.54,132.85,2025-03-04
4243137714,7440171285,687784959.87,1573.12,40.47,4087.4,1669.98,2025-03-04
4243137714,6032670287,230046194.17,176.96,5.04,12368.09,443.18,2025-03-04
4243137714,5197156984,7601977405.04,5575.82,47.72,369794.51,7974.19,2025-03-04
6912959742,2879752140,627528914.28,428.53,4.65,49038.57,2117.11,2025-03-04
6912959742,1853635877,807349579.23,1347.8,16.7,49536.67,2023.1,2025-03-04
6912959742,7944967537,141691578.4,87.88,3.07,7327.79,83.67,2025-03-04
6912959742,8971521228,1016635044.05,1063.43,17.8,46104.86,1295.46,2025-03-04
6912959742,9968457051,275251624.28,460.13,2.36,17407.61,636.45,2025-03-04
6912959742,4389296326,401347632.8,275.48,0.01,24697.46,538.68,2025-03-04
6912959742,8607642723,287645361.22,384.1,0.08,25351.29,8239.04,2025-03-04
6912959742,3276622494,331496704.81,331.77,1.09,14742.42,2987.64,2025-03-04
6912959742,3836353810,433466344.2,383.11,6.3,23538.55,932.58,2025-03-04
6912959742,8206441347,287771384.3,280.42,3.72,14708.48,337.5,2025-03-04
6912959742,5231048421,903601423.91,613.18,10.42,40938.18,742.68,2025-03-04
6912959742,8039408386,1037623532.88,980.49,9.27,47208.87,2024.98,2025-03-04
6912959742,2224272576,356544244.89,184.64,2.88,7882.79,392.02,2025-03-04
6912959742,2407928735,191041044.46,81.95,0.93,5314.42,82.73,2025-03-04
6912959742,5463478267,182601623.93,340.65,5.4,1777.79,328.09,2025-03-04
6912959742,3931606658,218488638.79,159.96,0.27,2555.39,548.08,2025-03-04
6912959742,4686794812,186035966.04,157.0,1.11,17037.28,1617.91,2025-03-04
4295580695,6128507793,299814524.32,712.31,549.48,4912.35,626.13,2025-03-04
7886265417,2391458328,585631250.66,2270.86,34.97,143458.87,3440.12,2025-03-04
7886265417,2327774194,400736946.24,895.43,11.79,33479.39,920.74,2025-03-04
7886265417,7105210380,566818498.91,1319.2,13.63,111574.52,2743.23,2025-03-04
7886265417,7599638977,333459302.74,2075.11,285.85,115718.33,2259.63,2025-03-04
1967633865,4093331596,218984945.64,133.06,0.4,12235.64,215.36,2025-03-04
6135802989,8959948793,210016213.28,205.47,42.0,783.2,233.37,2025-03-04
6135802989,4396396231,625084903.13,4697.57,282.96,9895.66,5335.46,2025-03-04
6135802989,3584054416,99817757.03,349.95,106.59,12403.01,506.16,2025-03-04
6135802989,8522679787,297999684.19,1094.88,35.79,64515.96,1808.32,2025-03-04
6135802989,1338861216,124737808.18,443.77,297.48,27180.54,1551.51,2025-03-04
2899793385,2717881924,1391538918.83,2655.28,34.88,207105.92,3634.04,2025-03-04
2899793385,6782716339,228520418.51,107.04,2.1,4177.38,112.54,2025-03-04
2899793385,2892349192,540113545.19,341.03,3820.96,43506.8,3769.48,2025-03-04
6128140551,9621975740,241648047.36,156.83,1.67,650.29,156.31,2025-03-04
6128140551,4995551374,1880177507.12,1142.02,4.56,90380.41,3165.32,2025-03-04
7730435073,7169890315,94654843.3,173.36,1.01,9503.98,170.92,2025-03-04
7730435073,4441681451,77965689.09,42.26,0.97,358.36,39.29,2025-03-04
9347899940,5080822292,284300031.37,6881.58,166.13,195135.64,8259.85,2025-03-04
8452065073,7687297864,3202150637.49,2990.52,53.77,193897.61,3651.22,2025-03-04
8452065073,9893624496,1224737306.29,3066.21,239.94,525537.52,69976.0,2025-03-04
8452065073,3890167511,1332285151.26,892.54,14.53,48323.6,1575.02,2025-03-04
8452065073,7497195207,271508935.57,243.67,4.39,18555.18,267.7,2025-03-04
8452065073,9117815990,421843586.18,341.51,4.52,8378.19,372.37,2025-03-04
2826827076,8749274022,558223206.96,1015.49,24.84,19941.1,1566.81,2025-03-04
1684414765,4918513042,203554849.75,691.35,11.49,6703.67,670.1,2025-03-04
8564269730,4348859579,600379808.58,1168.3,45.4,66791.53,1350.07,2025-03-04
8564269730,1415407628,534645034.37,929.56,34.41,42512.65,1227.17,2025-03-04
8564269730,2109787246,482048680.51,6189.24,4910.12,177748.02,15342.38,2025-03-04
8564269730,7625944009,200587128.96,348.7,12.01,14106.82,496.31,2025-03-04
3457456980,9377256100,557189416.96,472.7,6.72,48657.22,564.19,2025-03-04
3457456980,8279836363,534957946.7,324.16,2.38,26382.84,490.38,2025-03-04
3457456980,8154994072,777492924.9,429.54,8.17,40948.84,536.89,2025-03-04
9421829897,1780584539,1102516413.77,536.63,134.79,10118.11,454.1,2025-03-04
9421829897,5984326638,1193494382.75,723.85,689.29,1878.79,612.53,2025-03-04
9421829897,6732017444,675218462.13,361.38,275.78,5419.54,305.81,2025-03-04
3610097806,9967621124,1191967514.18,308.67,64.64,2673.28,284.24,2025-03-04
6876393557,1927732038,963883147.79,98.61,300.74,280301.39,128992.59,2025-03-04
6876393557,1306505030,3190693777.91,373.9,1165.98,869654.92,309275.47,2025-03-04
2236384250,9999704340,659352038.57,1073.23,25.49,7738.68,1260.03,2025-03-04
7579730738,9566874645,799577168.56,949.82,19.82,5293.98,1106.59,2025-03-04
9686881868,6425666894,813035568.95,1061.01,16.96,8746.14,1344.98,2025-03-04
6278335695,4287236914,2338082158.46,10100.06,220.79,21666.6,11072.48,2025-03-04
6278335695,3562027590,301528527.07,2100.54,50.5,4454.43,2302.77,2025-03-04
6278335695,6049165360,45709486.77,119.33,3.05,253.15,130.82,2025-03-04
6278335695,2952239687,75966759.44,271.45,6.16,672.37,297.58,2025-03-04
6278335695,4620156997,143581167.79,437.23,18.66,958.93,479.33,2025-03-04
4161132680,2720085185,1116074459.4,1480.68,16.28,8002.13,1616.41,2025-03-04
4045471774,5359815081,1450030205.23,2162.73,31.28,10402.7,2051.75,2025-03-04
4045471774,5682035684,642821039.97,822.95,16.37,7813.1,780.72,2025-03-04
1467415627,8915146228,17045645339.43,16740.32,598.33,575038.92,84431.07,2025-03-04
3566905478,1890293086,7757902502.72,6807.36,29.88,32079.12,7009.98,2025-03-04
2587290667,2987049826,10286686602.23,4875.81,1444.89,234566.93,16774.11,2025-03-04
2587290667,7156700864,4289227187.78,7344.09,63.17,574169.38,28619.93,2025-03-04
2587290667,2594658989,2435778482.22,5205.72,31.08,500554.49,19057.34,2025-03-04
2587290667,1597047940,3323751969.28,4554.31,527.42,382056.82,218592.51,2025-03-04
3722240279,4731629889,302898787.97,114.09,9.35,15706.29,1819.47,2025-03-04
8441168105,3788769861,75260214.83,25.07,3.74,1438.64,123.8,2025-03-04
6629749215,6829243539,805876043.04,272.57,13.23,21918.69,340.31,2025-03-04
8399250647,4744810989,719650609.38,159.88,12.47,1441.02,160.36,2025-03-04
8399250647,4847824106,130972392.46,35.53,3.97,410.8,35.64,2025-03-04
8399250647,9741493641,1653247753.16,526.02,73.69,5671.01,527.62,2025-03-04
8399250647,5191739589,2466824683.39,972.1,82.55,63905.57,6865.95,2025-03-04
8399250647,4035138297,1415723014.4,715.5,42.24,120359.99,22502.41,2025-03-04
8399250647,2375699198,1469517089.96,680.96,15.16,73883.6,1317.56,2025-03-04
4688974689,2590325078,1251814918.85,613.48,3.08,29962.36,5118.58,2025-03-04
4688974689,4223178498,2147143278.01,220.68,0.77,3670.83,212.47,2025-03-04
4688974689,6575206573,528593538.79,143.6,12.38,582.2,138.26,2025-03-04
4688974689,7316748556,215783916.54,162.61,86.76,292.55,156.56,2025-03-04
4342179642,5444513319,9050414716.04,505.68,82.14,2390.37,552.93,2025-03-04
4342179642,4814370344,1035418329.57,53.86,6.89,1243.68,58.89,2025-03-04
4342179642,4555246768,19275875881.25,1296.62,151.51,44835.09,1417.78,2025-03-04
7374603391,8696514573,29256977447.47,32876.05,479.05,4060129.54,2576225.61,2025-03-04
7374603391,6982353195,57995119982.48,5191.44,721.9,91271.89,6111.26,2025-03-04
7374603391,6102908680,6408600941.94,747.35,36.93,16436.64,879.77,2025-03-04
7374603391,7796542902,153794226004.32,87214.97,3274.24,137004.04,102667.58,2025-03-04
7374603391,2392617013,12363129992.13,1259.24,120.29,22246.18,1482.35,2025-03-04
7374603391,3075497862,2771029226.24,283.86,32.59,5256.82,334.16,2025-03-04
2009937203,1226427383,349743407.45,299.36,25.01,34077.79,8983.29,2025-03-04
2009937203,8374222542,53704463.52,28.71,0.19,1389.89,657.8,2025-03-04
2009937203,9345487133,59350661.69,36.91,4.19,378.48,37.83,2025-03-04
2009937203,1100917590,1841757380.41,2024.77,104.92,123115.44,5842.45,2025-03-04
7954325167,9562350162,1132248288.54,276.68,17.41,2757.79,286.56,2025-03-04
7954325167,6024835393,220276635.07,1388.21,171.19,14634.73,2672.57,2025-03-04
7954325167,6997996953,1525057216.0,367.95,26.03,4472.95,381.08,2025-03-04
7954325167,1818867866,982528332.0,2346.03,205.89,19830.44,2429.79,2025-03-04
7954325167,3677693126,1271552799.4,1393.98,32.54,64100.63,1524.34,2025-03-04
7954325167,8120927038,861826799.63,251.7,24.02,4618.53,260.69,2025-03-04
7954325167,1907675586,902100268.86,344.89,40.92,7173.32,357.2,2025-03-04
7954325167,6728383707,1454225689.41,2748.56,194.06,87022.05,3045.7,2025-03-04
2908459842,4371707871,930428456.93,279.45,27.13,1424.09,317.93,2025-03-04
2908459842,9833047313,733760833.46,231.3,23.19,19405.39,371.64,2025-03-04
2908459842,6410024522,494696688.16,138.78,7.37,27205.65,8034.27,2025-03-04
2908459842,3639180980,169164637.01,48.15,5.06,604.37,54.78,2025-03-04
6617865151,8317646362,88930307.39,530.91,3393.53,86164.62,468.22,2025-03-04
4434935446,6596566440,1145854974.44,1160.86,778.33,27763.21,1267.02,2025-03-04
4434935446,9161853591,20728528.47,60.61,97.05,439.92,69.67,2025-03-04
4434935446,2809867366,23215931.22,51.43,52.85,555.59,55.74,2025-03-04
4434935446,4222581182,113089656.47,250.72,302.68,3764.91,278.68,2025-03-04
4434935446,9448350294,585274213.93,712.68,292.11,13751.24,772.35,2025-03-04
4434935446,7393925711,10725423.73,50.51,59.58,426.65,54.74,2025-03-04
4434935446,5872338053,209541694.81,709.0,525.15,32871.58,3207.85,2025-03-04
3841673253,6850196804,296128142.59,557.97,289.29,9963.68,564.51,2025-03-04
7903592262,2113173717,3345357605.29,2662.51,6466.78,90705.57,2726.26,2025-03-04
9265546982,3508466961,130785530.89,266.95,350.4,3399.2,269.1,2025-03-04
2600150899,3102770371,5368194568.99,4136.23,2599.03,88393.67,4084.58,2025-03-04
8474378044,6369849614,2406779915.53,2122.94,926.6,44913.93,1831.17,2025-03-04
3020795441,3364254216,289150757.65,882.52,595.86,11343.41,904.44,2025-03-04
3020795441,4017999944,41824101.81,32.72,3.98,525.75,33.53,2025-03-04
4195391340,1396728285,1668623146.4,1148.81,40.14,3727.48,1138.24,2025-03-04
4195391340,3054505054,591063170.6,272.56,3.85,22827.34,432.51,2025-03-04
5213587138,6878701653,602004120.8,67.53,29.48,664.45,65.01,2025-03-04
5213587138,3094106768,431085430.05,96.47,22.71,2207.88,92.87,2025-03-04
5213587138,7271226030,202345650.58,455.34,1.54,3386.81,438.35,2025-03-04
5213587138,4574769288,807432338.09,484.28,76.01,3468.25,466.21,2025-03-04
5213587138,3912305227,484581470.91,185.22,30.45,28157.22,7163.06,2025-03-04
5213587138,6979046350,3342283487.3,1267.62,376.0,22844.59,1408.84,2025-03-04
5213587138,9484573276,1172793152.87,1042.84,168.89,6048.59,1003.92,2025-03-04
7383324448,8781520077,51279253.16,74.6,5.42,1089.09,80.41,2025-03-04
4482504627,9026805222,446149298.65,750.37,4.54,14282.77,913.53,2025-03-04
9407111886,5687828130,723321138.96,73.83,12.31,228.83,70.31,2025-03-04
1591927154,2384028528,452282029.55,727.05,121.51,7702.94,723.93,2025-03-04
4073978577,9974179771,350083519.18,56.84,39.43,294.16,61.8,2025-03-04
9079538262,4404421686,998014975.66,1479.28,2872.21,52768.17,1640.37,2025-03-04
6487975423,1796798028,88048165.11,206.34,0.84,17549.94,317.44,2025-03-04
3600040380,2642690147,151558492.96,152.92,8.61,681.04,138.81,2025-03-04
3600040380,4392194616,951884155.22,502.62,30.43,24899.99,4405.04,2025-03-04
6877471451,2268083493,98503130.81,149.48,7.13,2627.61,167.44,2025-03-04
7869137619,1491766291,492499909.79,963.69,16.52,42380.74,919.62,2025-03-04
7869137619,6302613035,417269803.18,511.41,10.21,12189.03,713.01,2025-03-04
7869137619,3719568302,8731005.81,10.95,4.27,258.77,13.17,2025-03-04
7869137619,4772615072,240050671.16,260.63,7.2,9131.64,246.11,2025-03-04
7869137619,7856726646,162109314.7,91.99,4.4,3679.92,86.09,2025-03-04
7869137619,4222271602,201282396.29,213.54,2.34,502.81,197.5,2025-03-04
7869137619,4222927575,212141413.12,1954.75,330.68,24835.75,1807.85,2025-03-04
7869137619,5727693856,156619097.4,117.18,13.87,4532.67,365.62,2025-03-04
7869137619,2817949283,78781520.48,45.99,0.1,577.4,42.54,2025-03-04
2672329958,8403774764,1345603007.92,778.94,3.86,138651.47,1843.55,2025-03-04
2672329958,8097427418,2417684285.5,1206.86,25.43,4677.67,1319.59,2025-03-04
2672329958,8161042002,113010596.06,562.02,1.66,25436.3,3550.18,2025-03-04
2672329958,7367371014,4153630433.23,2044.96,61.99,6420.01,2235.98,2025-03-04
2672329958,1618711485,211363512.76,82.82,1.17,775.01,90.56,2025-03-04
2672329958,2204466416,523837817.93,402.29,4.37,2351.69,439.86,2025-03-04
2672329958,2629081163,510739473.57,115.36,1.33,29516.05,8549.33,2025-03-04
8347115882,8732743901,233301145.58,552.08,98.44,18224.85,597.15,2025-03-04
8347115882,8267302135,248300331.19,52.67,4.22,1671.21,56.47,2025-03-04
8347115882,6386224481,398997755.81,7256.0,35.6,315011.86,18514.84,2025-03-04
2656837900,3594508629,227844.51,5.19,0.67,165.52,5.09,2025-03-04
2156171975,9475566114,5029457038.1,5.89,1.67,6.05,6.45,2025-03-04
2672329958,8045212593,15929285.35,7.89,0.79,929.25,8.62,2025-03-04
8000140564,5867922526,20700408.25,8.61,0.53,71.64,8.15,2025-03-04
8000140564,2989830516,21315740.62,9.57,3.12,50.78,9.06,2025-03-04
2656837900,2945663229,1913928.59,12.45,0.92,181.59,12.22,2025-03-04
3610097806,9859745335,228767.23,12.47,1.99,91.87,11.29,2025-03-04
4073978577,5925339599,4338881.27,6.32,3.29,61.62,11.77,2025-03-04
8000140564,6880254442,63247216.67,20.1,4.73,52.59,19.02,2025-03-04
8000140564,1130813901,23834881.11,21.06,14.32,38.09,19.93,2025-03-04
1035543794,1297958966,6204564.89,24.28,0.1,1172.63,22.54,2025-03-04
4195391340,9399969880,15040186.24,24.49,0.02,2579.14,24.26,2025-03-04
1544027227,9985101441,7881926.39,27.56,2.16,126.13,30.47,2025-03-04
8000140564,9010567738,38738323.97,30.63,7.88,94.31,28.98,2025-03-04
6004804812,4020173896,128201966.26,202.33,0.0,16548.78,185.28,2025-03-04
3618949692,1207477902,38515674.35,26.54,0.0,505.14,28.11,2025-03-04
3618949692,3201800528,78105719.86,29.49,0.0,547.99,31.24,2025-03-04
3618949692,1446058529,26785688.37,16.71,0.0,370.19,17.7,2025-03-04
2212125296,1460119466,97106468.26,116.07,0.0,5993.94,1053.83,2025-03-04
5982728792,9769488780,52912442.62,14.96,0.0,15103.3,5370.67,2025-03-04
5128952228,1401587033,2771043091.63,88.94,0.0,174744.27,86.77,2025-03-04
2009975355,2260404453,80344799751.03,13688.85,0.0,435838.19,14684.47,2025-03-04
7187956485,9048960050,53243775.93,81.47,0.0,1116.18,88.15,2025-03-04
6727254708,8010624384,371507663.97,269.24,0.0,9764.68,268.41,2025-03-04
4765961919,7607483967,363528269.44,100.87,0.0,137130.61,25427.87,2025-03-04
4338917831,3733608963,128040226.39,102.44,0.0,14519.44,12254.98,2025-03-04
5660113447,1595196350,77624898.75,2749.49,0.0,119641.12,2638.94,2025-03-04
7949948303,7070000057,125223794.75,284.24,0.0,13817.28,297.48,2025-03-04
1430064570,3358517575,190516344.97,4691.69,0.0,94888.32,13506.88,2025-03-04
1430064570,9803838523,238087101.65,4705.97,0.0,117466.51,8101.96,2025-03-04
5509067989,3750866415,119063527.48,32.79,0.0,192.61,35.63,2025-03-04
6991056822,3193959638,62303062.12,103.56,0.0,363.77,102.28,2025-03-04
7526521017,4659816900,225854207.23,50.71,0.0,492.28,53.54,2025-03-04
3878840424,5052774494,208488441.13,519.63,0.0,3575.75,513.54,2025-03-04
3878840424,6496433162,89538076.3,265.55,0.0,1598.03,262.43,2025-03-04
3878840424,2214681584,254936125.05,649.54,0.0,4727.47,641.92,2025-03-04
3878840424,7979007863,20678874.13,37.25,0.0,356.41,36.82,2025-03-04
4969504105,7569841580,155773744.72,3706.03,0.0,80830.28,3457.37,2025-03-04
3551284065,4799988809,208856555.33,105.76,0.0,2531.29,129.15,2025-03-04
2415874979,2683557521,102487603.58,146.16,0.0,380332.45,167.36,2025-03-04
9421916553,6822793673,26872393.63,2.07,0.0,12581.51,1625.24,2025-03-04
9421916553,2370579869,78375234.04,3.1,0.0,28950.23,27260.46,2025-03-04
9421916553,8607650678,507732982.26,49.64,0.0,163205.06,50.56,2025-03-04
2756827689,4179526056,105045314.72,25.3,0.0,65154.59,9369.11,2025-03-04
1035543794,5195913239,7539168.46,26.39,0.0,2035.84,24.5,2025-03-04
1035543794,3949890881,62522059.26,149.92,0.0,10762.83,139.15,2025-03-04
2656837900,8206394479,4736250.28,16.6,0.0,479.52,16.29,2025-03-04
7302109982,8357437880,1659590.23,36.43,0.0,491.45,35.33,2025-03-04
5928471422,3779138848,35512342.08,16.49,0.0,507.37,15.14,2025-03-04
9999862340,4619177011,432466810.49,6.41,0.0,222712.0,30630.72,2025-03-04
4748463484,1207151971,31009386.24,499.28,0.0,18524.52,466.52,2025-03-04
4748463484,8080084390,30264159.24,134.34,0.0,12699.79,125.53,2025-03-04
5966024179,7578418153,2675181929.69,42210.51,0.0,2407712.13,47148.04,2025-03-04
8458175737,6820096218,21803799.67,0.0,0.0,6818.28,4422.57,2025-03-04
8458175737,1847381887,79601098.85,1345.93,0.0,51789.62,1211.98,2025-03-04
5048405933,5128992073,87778263.56,51.89,0.0,3671.37,66.82,2025-03-04
4260952526,3606935181,54797787.48,59.09,0.0,303.88,50.03,2025-03-04
1544027227,1056934154,26383209.55,19.0,0.0,1017.46,49.38,2025-03-04
8698180854,1711188315,228854420.34,799.6,0.0,11774.41,827.68,2025-03-04
7886265417,2000767667,41315834.34,32.28,0.0,870.96,32.73,2025-03-04
1967633865,1936722188,29872610.03,72.4,0.0,2638.63,241.33,2025-03-04
1967633865,3359896630,49693613.65,81.21,0.0,1443.45,89.82,2025-03-04
7730435073,2229250178,10890273.04,32.5,0.0,1949.38,54.03,2025-03-04
7730435073,3052377824,1755137.44,6.5,0.0,161.61,12.77,2025-03-04
9347899940,6014387531,141734930.36,10.99,0.0,79294.32,82523.69,2025-03-04
8906508432,4146412929,48898963.77,182.75,0.0,5111.47,161.48,2025-03-04
8906508432,7105944179,72141959.02,128.34,0.0,6289.12,267.62,2025-03-04
1684414765,2260433912,68945273.27,104.56,0.0,1127.59,101.34,2025-03-04
1672862023,5220749541,71566398.66,138.27,0.0,45657.0,14365.47,2025-03-04
1672862023,9908296825,118828262.1,170.69,0.0,87928.77,24713.69,2025-03-04
8564269730,4801292308,34344950.4,37.6,0.0,2498.55,38.47,2025-03-04
3457456980,3324523413,50271296.75,416.49,0.0,12639.87,419.61,2025-03-04
7676611041,3361600377,157670045.11,2933.88,0.0,121208.17,3113.0,2025-03-04
7676611041,4929983684,356180649.49,11.2,0.0,69751.03,61704.87,2025-03-04
9421829897,2163215242,185311177.96,53.34,0.0,54869.37,33676.34,2025-03-04
4688974689,9624884188,1822690833.79,682.11,0.0,9112.39,656.72,2025-03-04
4205409850,8876697013,59145145.15,55.93,0.0,3615.74,58.62,2025-03-04
4205409850,4976416214,76645930.03,7.58,0.0,19037.89,15950.26,2025-03-04
4205409850,8777745102,75810456.84,11.37,0.0,44386.41,13353.98,2025-03-04
4205409850,7819636247,78613938.19,5.69,0.0,22596.08,18845.61,2025-03-04
7722700863,9166150971,265104510.32,117.26,0.0,1537.35,107.22,2025-03-04
4195391340,7743042960,292699132.74,51.11,0.0,74271.7,28530.83,2025-03-04
7383324448,9179715962,31019741.52,28.11,0.0,113.47,27.15,2025-03-04
7383324448,5921669220,124327313.66,32.44,0.0,569.27,31.33,2025-03-04
7383324448,3436184307,253384281.0,111.36,0.0,445.14,107.56,2025-03-04
7383324448,7572556619,274106087.13,81.09,0.0,150221.05,15115.2,2025-03-04
7545204145,3527570307,620843093.54,2379.98,0.0,62528.14,3690.0,2025-03-04
7545204145,7860889410,87929232.74,17.56,0.0,38137.15,7443.55,2025-03-04
4096109405,4372533818,64631543.96,102.93,0.0,7841.19,267.01,2025-03-04
4096109405,1186630050,30279905.78,613.3,0.0,21564.34,596.6,2025-03-04
4096109405,3565494725,30801126.54,594.0,0.0,19943.57,607.03,2025-03-04
4096109405,8019519192,60630943.3,1.07,0.0,15161.34,6805.57,2025-03-04
4096109405,8161626560,65808891.46,39.67,0.0,2084.15,57.36,2025-03-04
4096109405,2020872908,18219412.29,0.0,0.0,6236.44,2312.33,2025-03-04
4096109405,7221627157,81642251.89,27.88,0.0,1376.27,27.12,2025-03-04
4096109405,1762636076,60351925.85,7.51,0.0,16384.92,5426.73,2025-03-04
4096109405,8294062097,74840173.9,1391.72,0.0,49099.25,1438.3,2025-03-04
4096109405,4128300452,12114764.57,2.14,0.0,3440.13,1075.33,2025-03-04
4096109405,4098800879,10110734.23,0.0,0.0,3920.59,1122.27,2025-03-04
4096109405,1244904572,9902241.4,211.22,0.0,7442.94,207.56,2025-03-04
4096109405,1919082683,12076488.79,0.0,0.0,4429.89,1457.07,2025-03-04
3600040380,8419382377,138080813.59,40.64,0.0,831.64,36.89,2025-03-04
7180277247,9604138681,49924777.7,15.51,0.0,48.68,17.47,2025-03-04
2672329958,7076139057,78745760.37,176.49,0.0,2538.3,192.98,2025-03-04
2672329958,1847005861,41104430.16,37.47,0.0,199.94,40.97,2025-03-04
2672329958,2236835106,29307081.78,52.26,0.0,676.94,57.14,2025-03-04
2672329958,5326493874,10390309.77,137.05,0.0,5579.31,156.32,2025-03-04
2672329958,9211984685,5010831.39,54.23,0.0,3091.47,161.71,2025-03-04
2672329958,1211818461,18462246.7,56.2,0.0,30526.23,19995.52,2025-03-04
4695215334,2759023118,0.0,0.0,0.0,6.14,0.0,2025-03-04
6991056822,9106102873,2595.55,0.0,0.0,1.84,0.0,2025-03-04
9058771111,7872450852,0.0,0.0,0.0,19.42,0.0,2025-03-04
5928471422,8856054012,0.0,0.0,0.0,27.15,0.0,2025-03-04
3610097806,6926601518,0.0,0.0,0.0,1.8,0.0,2025-03-04
4195391340,6908734197,0.0,0.0,0.0,4.62,0.0,2025-03-04
4073978577,7943008578,0.0,0.0,0.0,4.97,0.0,2025-03-04
4073978577,4715606158,0.0,0.0,0.0,10.93,0.0,2025-03-04
2672329958,9495937813,0.0,0.0,0.0,99.97,0.0,2025-03-04
2672329958,8622137770,3296.53,0.0,0.0,2.86,0.0,2025-03-04
2902900350,1895816152,10087.0,0.92,0.0,28.28,1.05,2025-03-04
4073978577,5976972031,448757.96,0.9,0.0,14.91,0.98,2025-03-04
4073978577,2655981455,1106840.0,0.9,0.0,4.97,0.98,2025-03-04
2672329958,1133297879,5149225.57,0.99,0.0,839.75,1.08,2025-03-04
2672329958,4892717709,1494321.0,0.99,0.0,763.58,1.08,2025-03-04
2672329958,2876168610,3439947.0,0.99,0.0,9.52,1.08,2025-03-04
2656837900,6335643178,420264.0,2.08,0.0,93.63,2.04,2025-03-04
4195391340,9934713171,999915.0,2.13,0.0,168.0,2.11,2025-03-04
4195391340,5909505277,1447496.0,2.13,0.0,22.15,2.11,2025-03-04
9786526874,5422071886,602881.33,3.09,0.0,275.13,3.12,2025-03-04
3618949692,2134255170,1271424.0,2.95,0.0,21.88,3.12,2025-03-04
2212125296,6652402212,68987248.0,3.05,0.0,25.35,2.85,2025-03-04
3155375047,8290166887,7720101.27,3.15,0.0,27.33,2.81,2025-03-04
2212125296,7225739428,42346304.0,4.07,0.0,91.66,3.8,2025-03-04
2656837900,2697824028,1896576.0,4.15,0.0,377.37,4.07,2025-03-04
4096109405,5740880111,21072128.0,4.29,0.0,71.54,4.17,2025-03-04
8201637580,2413006068,1299111995.73,5.41,0.0,12.14,4.81,2025-03-04
2672329958,4695594436,6911500.39,4.93,0.0,188.52,5.39,2025-03-04
2672329958,6350769054,10841349.0,4.93,0.0,89.5,5.39,2025-03-04
3618949692,5988888032,5453217.0,5.9,0.0,25.53,6.25,2025-03-04
3618949692,9171967339,5204892.0,5.9,0.0,20.06,6.25,2025-03-04
2672329958,3767303805,27644227.44,5.92,0.0,109.49,6.47,2025-03-04
4786168179,5719045659,8626464.0,6.93,0.0,33.61,6.62,2025-03-04
6111885933,9323706607,15233671.73,7.27,0.0,149.39,6.58,2025-03-04
1020002691,7126495582,79751938.57,8.07,0.0,284.84,7.44,2025-03-04
3600040380,4290682481,10511536.0,8.56,0.0,663.99,7.77,2025-03-04
2672329958,1796779381,4492992.0,7.89,0.0,172.33,8.62,2025-03-04
3144474603,2433395297,80432963.0,9.85,0.0,143.45,9.62,2025-03-04
3144474603,9362553815,43672062.41,10.95,0.0,98.96,10.69,2025-03-04
7869137619,1753880817,20354145.1,10.95,0.0,1140.07,10.13,2025-03-04
2672329958,2994202305,23796448.15,9.86,0.0,177.09,10.78,2025-03-04
6853780578,7255015719,70970803.69,10.04,0.0,31.76,11.61,2025-03-04
2656837900,1851622828,830844.69,11.41,0.0,395.34,11.2,2025-03-04
7383324448,6456606566,59077525.5,11.89,0.0,161.96,11.49,2025-03-04
4096109405,1082572444,35097216.0,11.79,0.0,245.57,11.47,2025-03-04
3618949692,9615206344,20416514.67,11.8,0.0,70.21,12.49,2025-03-04
4096109405,6998739586,29300925.07,7.51,0.0,459.11,12.52,2025-03-04
5928471422,8676621957,28547320.56,18.55,0.0,1435.04,17.04,2025-03-04
9347899940,7836364429,88337.74,16.49,0.0,119.2,19.79,2025-03-04
6111885933,9680600093,19064703.31,18.7,0.0,620.91,16.91,2025-03-04
7383324448,5083219386,17285880.41,21.62,0.0,214.33,20.89,2025-03-04
6487975423,8594247048,41097855.94,20.0,0.0,156.75,22.9,2025-03-04
1035543794,4088242496,2280249.51,24.28,0.0,285.96,22.54,2025-03-04
8324519661,9279903724,13310381.84,20.58,0.0,841.4,21.26,2025-03-04
7383324448,3877900334,17567579.47,31.35,0.0,413.13,30.28,2025-03-04
8000140564,2243928739,196715617.64,39.24,9.46,385.39,37.13,2025-03-04
4969504105,3535519842,17689149.72,44.17,8.8,1164.48,69.67,2025-03-04
6096057999,7919313136,2816608787.2,804.38,9.67,4586.11,801.59,2025-03-04
2344918624,1365052247,164890809.73,19.72,9.81,42.06,19.03,2025-03-04
7757875170,5182651175,62491209619.33,7.33,4.2,93471.78,1497.95,2025-03-04
3979990204,8065536728,230510491.44,324.01,4.21,41609.52,3156.54,2025-03-04
6727254708,6271169187,588704979.51,665.57,3.92,9293.56,663.52,2025-03-04
1430064570,3978815628,353569423.23,132.92,3.7,795.24,119.23,2025-03-04
8000140564,1081854423,21681477.89,23.93,4.2,122.42,22.64,2025-03-04
3144474603,5869584462,50822298.0,17.51,4.4,69.91,17.1,2025-03-04
7486359225,1278475866,65261469.24,6.37,4.23,20656.4,10316.49,2025-03-04
3550535444,8777719213,140923702.76,42.77,3.61,3290.5,94.44,2025-03-04
8000140564,9909230565,12474090.64,9.57,4.2,76.17,9.06,2025-03-04
4073978577,2412713281,11929528.09,19.85,4.38,450.19,21.58,2025-03-04
6727254708,4261307984,679798592.86,628.86,12.76,54268.64,626.92,2025-03-04
1430064570,4765257026,556907087.11,174.66,12.02,910.96,156.68,2025-03-04
2344918624,6354029885,84926618.74,10.95,14.17,33.46,10.57,2025-03-04
6991056822,3737602943,172217311.48,658.07,7.71,1915.28,649.89,2025-03-04
7886265417,2603513256,413664419.84,503.94,8.02,95263.07,12098.5,2025-03-04
1885813372,8339248153,13916517.33,79.7,7.35,742.15,212.19,2025-03-04
3600040380,3941514721,1167868571.37,163.62,7.69,514428.11,344843.12,2025-03-04
7869137619,1505830418,161908596.61,159.88,8.53,71866.12,14771.69,2025-03-04
3144474603,5914937715,79417847.23,19.7,8.8,257.84,19.23,2025-03-04
6727254708,9169888177,230597403.74,232.53,2.94,9703.86,231.81,2025-03-04
8000140564,8427882277,57699180.73,13.4,3.15,68.01,12.68,2025-03-04
8367057304,1905604235,192295167.28,210.91,3.16,3795.75,237.71,2025-03-04
3878840424,8446737134,190422118.06,361.07,2.74,2472.67,356.83,2025-03-04
4925883884,5421534199,35925646.27,58.73,3.23,4161.58,53.39,2025-03-04
3144474603,5331169744,70392704.09,15.32,3.3,84.43,14.96,2025-03-04
9061489677,4046852002,556356070.09,36.72,3.2,1072.54,32.81,2025-03-04
7383324448,7300413707,283133271.61,107.04,2.71,11175.98,119.05,2025-03-04
4096109405,7924053205,104812159.51,2000.73,2.75,69542.5,2189.26,2025-03-04
2338105289,6141094342,2482055.54,7.64,3.16,130.34,7.48,2025-03-04
8000140564,9095205024,9596448.42,8.61,3.15,29.92,8.15,2025-03-04
8000140564,6861586485,11663988.0,11.49,3.15,20.86,10.87,2025-03-04
2830511829,2775846739,124292153.76,29.84,11.56,324.66,27.23,2025-03-04
2587290667,4387486637,705628647.63,1585.08,12.03,145996.07,7064.03,2025-03-04
4096109405,2314013669,105836643.4,1933.18,11.0,59949.22,2201.77,2025-03-04
8000140564,5705819064,37405239.05,22.01,12.61,125.14,20.83,2025-03-04
8000140564,9995879331,135597004.48,34.46,7.35,301.06,32.61,2025-03-04
6991056822,5766394111,6956553.78,14.02,6.75,374.79,18.11,2025-03-04
6991056822,6756838545,8001565.41,22.65,6.75,801.02,37.29,2025-03-04
3144474603,7281889257,44236527.31,95.23,7.7,542.92,92.97,2025-03-04
8180638008,9795088560,642060335.84,76.62,7.07,198805.38,69997.15,2025-03-04
8474378044,7893937195,268443578.84,282.28,6.58,2678.73,243.48,2025-03-04
4073978577,2416918210,10532526.23,3.61,7.67,80.5,4.91,2025-03-04
8000140564,2486172590,50025640.47,18.18,7.35,48.06,17.21,2025-03-04
6287055608,5277858595,4112505347.29,19.12,7.54,912.2,18.97,2025-03-04
1430064570,8671464923,322628004.45,103.26,1.85,686.44,92.63,2025-03-04
8367057304,3540231905,349798126.13,94.91,2.1,2161.29,106.97,2025-03-04
3878840424,6369992508,229291262.83,177.67,1.82,1933.29,175.58,2025-03-04
4969504105,7628745790,14514932.52,23.09,1.95,228.35,33.44,2025-03-04
2211847590,9635957471,1336886.5,122.28,2.09,568.54,111.53,2025-03-04
5928471422,2461177762,83943036.25,148.38,2.08,4854.61,136.3,2025-03-04
8698180854,9241913745,89290069.94,87.32,2.01,712.25,90.15,2025-03-04
4688974689,6144169622,1365990621.29,282.98,2.0,4361.16,272.45,2025-03-04
9061489677,9535527754,160864404.2,52.92,2.13,544.27,47.28,2025-03-04
9061489677,3538890159,342138910.53,297.03,2.13,1334.67,265.35,2025-03-04
7545204145,4540409545,444680790.52,59.5,1.89,220611.17,28891.67,2025-03-04
7761714523,1913265391,113969747.14,130.38,2.14,15509.69,149.77,2025-03-04
4096109405,6316191193,58623566.85,80.41,1.83,6048.52,156.45,2025-03-04
1021909544,6379778729,333175996.34,226.07,1.87,17356.12,334.72,2025-03-04
3610097806,1384906553,186220.99,4.16,1.99,15.31,3.76,2025-03-04
4695215334,5812173363,9560638.54,4.86,2.06,15.36,5.17,2025-03-04
8000140564,9419219203,23543872.75,6.7,2.1,52.59,6.34,2025-03-04
4073978577,9423560261,4071132.93,7.22,2.19,41.74,7.85,2025-03-04
4073978577,3151841334,6611373.87,10.83,2.19,162.98,11.77,2025-03-04
4073978577,7202218083,14648499.31,10.83,2.19,107.33,11.77,2025-03-04
3144474603,9479639228,138105828.5,76.62,17.59,353.17,74.8,2025-03-04
3144474603,9306888902,131160689.33,43.78,17.59,306.87,42.74,2025-03-04
7954325167,9322215373,2415571989.67,551.44,17.07,8689.6,571.13,2025-03-04
8347115882,6700896402,430571536.74,201.91,16.94,43092.21,6972.35,2025-03-04
1430064570,7072942745,214874072.81,97.77,10.17,699.29,87.7,2025-03-04
3144474603,8178969364,289804006.19,103.99,12.1,295.98,101.52,2025-03-04
4295580695,1097016398,48275609.11,188.58,11.15,14504.18,988.29,2025-03-04
8000140564,6566061150,62043751.63,27.76,11.56,184.99,26.27,2025-03-04
7757875170,6253365721,132632615964.96,16.48,6.3,204525.43,2902.9,2025-03-04
8000140564,1445280414,41945522.71,122.51,6.3,5252.19,148.53,2025-03-04
3144474603,5465163503,149626406.61,26.27,6.6,207.91,25.65,2025-03-04
8180638008,8941829163,902403757.44,116.28,6.06,314358.32,60528.04,2025-03-04
8000140564,3581339861,8884485.1,11.49,6.3,89.77,10.87,2025-03-04
6991056822,7862626830,7050355.54,17.26,5.79,730.29,20.24,2025-03-04
3086145695,8528996441,137308436.09,165.59,0.97,1136.03,148.36,2025-03-04
6287055608,8535308378,5668953789.69,23.67,1.08,498.29,23.49,2025-03-04
3878840424,2278151700,456135975.31,882.6,0.91,5592.59,872.26,2025-03-04
4969504105,5812038589,148692679.52,3024.45,0.98,128476.26,2798.78,2025-03-04
3551284065,8079664411,148150749.94,96.48,0.96,1277.89,97.33,2025-03-04
1035543794,1662528995,23556362.23,123.53,0.95,7092.35,118.57,2025-03-04
1035543794,4474940371,11919477.78,74.96,0.95,3209.54,72.51,2025-03-04
2656837900,1418642586,12918167.51,61.22,0.92,1476.39,60.08,2025-03-04
4126844175,6623566140,20668177.24,109.31,1.01,2492.22,117.07,2025-03-04
2393892303,8459507628,40121934.0,64.76,0.93,669.27,84.37,2025-03-04
9686881868,3506343281,278104634.49,383.59,1.09,3137.32,435.11,2025-03-04
8399250647,3678641816,23448507.79,6.91,1.01,1683.87,119.78,2025-03-04
7192602240,9376668521,44223464.32,6.32,1.07,18213.89,6648.8,2025-03-04
6096057999,7227711162,574081332.42,60.48,1.07,440.58,60.27,2025-03-04
4096109405,8585961524,71916970.05,77.2,0.92,5128.16,111.6,2025-03-04
4096109405,1988555657,34817413.03,663.69,0.92,24091.58,720.71,2025-03-04
4096109405,4648698388,92327055.74,106.15,0.92,7371.4,179.4,2025-03-04
3592936300,9502266016,48168186.62,17.16,1.01,253.7,16.55,2025-03-04
7869137619,2743306836,11818722.9,9.86,1.07,487.16,80.01,2025-03-04
7869137619,1082736794,95508643.46,1936.14,1.07,59453.3,1801.77,2025-03-04
2672329958,6951255603,428519134.06,123.25,0.93,24288.07,147.7,2025-03-04
2672329958,7275036610,30000833.84,377.64,0.93,14998.43,1509.34,2025-03-04
2672329958,3062327137,137709941.04,156.77,0.93,797.86,171.42,2025-03-04
2672329958,7181270913,30083140.84,39.44,0.93,766.44,43.12,2025-03-04
1021909544,9058740817,423338246.2,227.91,0.93,4613.01,270.39,2025-03-04
3610097806,5986851063,10880.0,1.04,0.99,1.8,0.94,2025-03-04
8000140564,6802903185,11704700.0,3.83,1.05,13.6,3.62,2025-03-04
3610097806,8081929504,119680.0,4.16,0.99,8.11,3.76,2025-03-04
4073978577,4668608526,4321681.17,3.61,1.1,15.9,3.92,2025-03-04
4073978577,4564121272,1875982.18,2.71,1.1,14.91,4.91,2025-03-04
5982728792,6718585329,9772046.35,6.41,1.05,20.35,6.32,2025-03-04
6111885933,5614632723,42981697.62,7.27,0.97,311.86,6.58,2025-03-04
1035543794,6376026786,1955194.82,8.45,0.95,1041.39,7.84,2025-03-04
3144474603,5710490696,28806148.84,9.85,1.1,49.03,9.62,2025-03-04
7383324448,4571070616,13405191.28,9.73,0.9,35.88,9.4,2025-03-04
3970113188,2409760802,114771440.51,19.11,0.95,1576.21,21.19,2025-03-04
3618949692,5102900176,40634602.77,21.63,1.07,76.59,22.91,2025-03-04
9061489677,9205970254,136921937.09,24.84,1.07,733.37,22.19,2025-03-04
6877471451,9963426365,68619253.81,30.08,1.1,628.13,33.7,2025-03-04
6287055608,8883449194,15324794617.63,49.17,10.76,3047.28,51.49,2025-03-04
4969504105,9005967162,31149205.21,35.13,9.77,560.92,70.6,2025-03-04
4434935446,4950338471,405359.12,9.18,9.61,182.98,9.95,2025-03-04
1430064570,8094586695,270082403.61,112.05,4.62,727.98,100.51,2025-03-04
8000140564,8132759941,27036923.68,13.4,5.25,155.97,12.68,2025-03-04
3878840424,6183282759,516929347.33,845.35,4.56,6865.94,835.44,2025-03-04
3020795441,9090566929,43168344.23,41.38,5.39,1117.73,42.41,2025-03-04
8000140564,5736100848,32413176.35,19.14,5.25,55.31,18.11,2025-03-04
8000140564,1176623886,38809880.4,21.06,5.25,335.52,19.93,2025-03-04
3144474603,8861322422,118865782.64,35.03,5.5,232.42,34.2,2025-03-04
8181642239,3782873703,78337473.0,163.04,4.44,6319.26,195.9,2024-04-11
8181642239,4513918041,3471528054.0,3279.81,141.5,133429.49,3940.65,2024-04-11
8181642239,6320590762,10144174415.33,6670.42,290.12,188708.4,8014.43,2024-04-11
8181642239,6545065489,484658901.0,536.88,33.04,19196.29,645.05,2024-04-11
8181642239,2667915214,64001874.0,94.58,8.41,3530.13,113.64,2024-04-11
8181642239,4957786229,2254515466.2,1785.39,130.07,32768.75,2145.12,2024-04-11
4590233378,7770677599,184978786.64,180.14,14.34,363.52,171.25,2024-04-11
4590233378,4956991400,443507048.39,355.95,6.75,2931.45,338.36,2024-04-11
9565398844,4338791803,107226071.65,611.12,6.87,3992.51,788.42,2024-04-11
9782017208,9418779677,109880168690.94,119646.16,32746.09,9378277.33,2953264.89,2024-04-11
9782017208,5954978087,20590623720.58,21815.18,4457.49,2750564.38,2282250.01,2024-04-11
9782017208,5949531052,4681047220.95,11556.9,1423.16,731631.56,368535.86,2024-04-11
5158673107,9127538030,13256068405.04,105425.12,445043.51,1584828.74,510390.01,2024-04-11
5158673107,7001080336,5242470104.92,6619.42,2386.23,542597.33,246723.69,2024-04-11
2338105289,6846572130,231736452.88,1266.86,369.85,5099.85,1240.47,2024-04-11
2338105289,5118711289,348164745.29,977.37,307.19,2818.42,968.24,2024-04-11
7220654458,7631119810,45089750.0,304.27,10.58,1363.74,286.81,2024-04-11
4168681528,7108888266,553322463.24,241.2,172.96,42961.12,28425.19,2024-04-11
4168681528,1208018887,14559091195.11,23269.52,9442.68,967374.9,80473.42,2024-04-11
3356181707,5242907807,8297496589.96,6634.46,780.09,803226.74,197055.86,2024-04-11
1035543794,9730564285,22293845115.62,59263.11,1060.52,3426740.92,55134.07,2024-04-11
1035543794,3155687170,174506922.25,468.78,20.78,24407.63,436.06,2024-04-11
1035543794,9810953116,10422870954.24,29785.17,716.76,2174277.12,27643.96,2024-04-11
1035543794,6048210138,1294545.51,32.73,0.95,237.94,30.38,2024-04-11
1035543794,4007318043,26021356667.87,78993.9,1356.22,5467374.15,73359.23,2024-04-11
1035543794,3916994297,440295863.43,1208.89,25.94,73173.79,1131.78,2024-04-11
1035543794,5258388057,2742977910.77,6534.35,94.22,294281.8,7497.21,2024-04-11
1035543794,1807732047,3020552795.94,10395.41,160.36,674510.45,9648.1,2024-04-11
1035543794,3750657699,737851653.51,2614.16,42.02,172024.94,2426.23,2024-04-11
1035543794,4602525320,855194086.06,3091.38,64.62,222995.53,2888.75,2024-04-11
1035543794,5218888928,449798590.68,1901.5,19.16,107654.96,1771.66,2024-04-11
1035543794,6993590041,1110978382.4,3972.98,59.54,233013.59,3723.62,2024-04-11
2656837900,3610702558,4928913205.66,73938.34,3134.61,92305.35,72563.04,2024-04-11
2656837900,6541769165,1733616432.46,4661.94,88.32,88583.63,4575.22,2024-04-11
2656837900,2048221727,341836272.0,845.64,27.92,13349.97,829.91,2024-04-11
2656837900,1133120806,119624376.0,361.08,7.21,12354.04,354.37,2024-04-11
2656837900,1167799422,578175504.0,945.25,5.09,27348.75,927.67,2024-04-11
2656837900,5465389887,61951224.0,191.96,10.02,4722.38,188.39,2024-04-11
2656837900,2697824028,150767016.0,212.71,2.74,8890.52,208.75,2024-04-11
2656837900,2455323576,185174784.0,510.5,9.93,7929.59,501.0,2024-04-11
2656837900,8763695616,132803424.0,163.94,18.33,8094.16,160.89,2024-04-11
2656837900,3578828435,129344328.0,195.07,4.65,14849.06,191.44,2024-04-11
2656837900,1252682934,50000640.0,164.98,1.63,4270.29,161.91,2024-04-11
2656837900,1851622828,5905248.0,24.9,1.22,939.18,24.44,2024-04-11
2656837900,9764154719,723468312.0,2173.77,46.45,53644.83,2133.34,2024-04-11
8220654331,2749266527,2763186339.38,13800.35,2372.68,230425.34,17291.27,2024-04-11
8842840036,1210173408,8718442734.06,36657.55,866.79,2497483.81,33097.36,2024-04-11
8842840036,7145950917,487290848.47,1016.72,29.52,37254.41,917.92,2024-04-11
4126844175,7977352067,304893589.0,6213.1,240.5,9459.14,6653.99,2024-04-11
4126844175,1379051870,463180198.0,828.72,31.62,3565.53,887.53,2024-04-11
4126844175,5691510087,106167737.0,560.58,8.85,4537.61,600.36,2024-04-11
4126844175,4214494369,47506823.0,254.13,2.02,6058.66,272.16,2024-04-11
4126844175,4708428367,38010895.0,139.21,5.87,462.33,149.09,2024-04-11
7658197888,9068616129,84743111.72,522.02,3.6,3060.8,567.12,2024-04-11
9677358744,8417110618,11930814.0,109.17,1.8,2449.7,114.27,2024-04-11
3886905599,5291960637,759278275.56,1526.17,23.13,5426.71,1387.7,2024-04-11
3886905599,3438720752,584689036.86,1352.02,39.25,94229.4,1247.15,2024-04-11
9218342578,4697041972,6055040.0,77.94,1.88,648.71,82.39,2024-04-11
3487944451,8480228235,338626680.0,429.18,2.99,7527.96,455.31,2024-04-11
1757896755,3355555497,270683207.47,948.27,32.23,5321.86,869.51,2024-04-11
1757896755,2188364055,34482340.0,59.33,0.0,261.1,54.41,2024-04-11
4748463484,2272945487,2457354834.0,285.61,12.59,41373.73,266.87,2024-04-11
4748463484,3762944201,5027909130.0,1403.7,7.9,17113.78,1311.61,2024-04-11
6591765169,2150059713,57812750.0,50.3,0.0,731.78,51.33,2024-04-11
6747103943,5852721707,672094625.01,242.15,124.12,35035.96,19276.61,2024-04-11
5928471422,9182090287,61361196.0,80.37,0.69,2153.03,73.83,2024-04-11
5928471422,4037418470,91045994.0,137.04,6.25,3903.54,125.88,2024-04-11
5928471422,3779138848,372717982.0,598.66,15.23,14415.94,549.92,2024-04-11
5928471422,4731411438,1216270120.0,2215.36,41.34,49982.12,2034.97,2024-04-11
5966024179,5815010571,266653480.35,3790.3,53.26,148771.31,4233.67,2024-04-11
3818150017,2735179057,483129480.67,288.57,0.43,37509.28,439.54,2024-04-11
3818150017,4888798053,1210393350.0,972.57,0.0,20010.4,1078.38,2024-04-11
3851958960,7952748403,64222180.46,1401.03,54.94,1905.67,1260.63,2024-04-11
5604802559,3385426367,2655758169.49,1554.91,130.57,15741.86,1561.9,2024-04-11
3144474603,1637317450,183651743.5,77.72,3.3,790.78,75.87,2024-04-11
3144474603,7477917966,219619392.2,109.46,11.18,977.81,106.86,2024-04-11
3144474603,8178969364,371697938.0,110.55,12.1,310.5,107.93,2024-04-11
3144474603,7333934532,1000935410.52,221.11,31.39,1836.68,215.86,2024-04-11
3144474603,2568290212,2255647985.75,1079.28,39.97,54805.38,1061.12,2024-04-11
3144474603,6125812716,4574648979.0,1164.65,169.66,3227.58,1136.99,2024-04-11
9999862340,9029570766,2877203777.88,6811.46,177.67,15032.0,5790.51,2024-04-11
4925883884,3653212800,462171272.43,767.75,9.83,48304.58,1595.2,2024-04-11
4925883884,8015908839,1227157076.14,1455.41,46.0,86850.44,1280.47,2024-04-11
4925883884,4755186391,7990709501.76,7765.04,216.41,375758.74,8031.27,2024-04-11
4925883884,3869558152,7378809860.23,9823.76,290.44,738577.36,8975.46,2024-04-11
4925883884,7785752953,9945504731.65,11121.14,301.48,1018766.01,9755.73,2024-04-11
4925883884,4675211549,13048947607.36,12724.97,300.79,1171948.22,14408.32,2024-04-11
4695215334,9369397988,3652425792.0,530.07,35.18,5062.13,563.26,2024-04-11
4695215334,6209641996,852452352.0,140.05,10.86,2602.24,148.82,2024-04-11
4695215334,7231652811,328160321.22,129.36,26.55,249.88,137.46,2024-04-11
4695215334,5812173363,85092480.0,8.75,7.73,12.29,9.3,2024-04-11
4695215334,4476928840,9077184.0,33.07,0.0,269.34,35.14,2024-04-11
3618949692,8901620453,4781124630.61,2733.72,112.08,13387.05,2895.58,2024-04-11
3618949692,6414179844,399892647.0,303.75,5.16,1500.82,321.73,2024-04-11
3618949692,7453680893,168672273.0,57.01,1.07,1333.96,60.39,2024-04-11
3618949692,6013351162,62587833.0,56.03,2.13,224.3,59.35,2024-04-11
3618949692,8423532216,1266705825.0,440.38,30.1,5181.76,466.46,2024-04-11
3618949692,9761106737,4243651.75,16.71,0.0,1833.63,17.7,2024-04-11
3539058667,7210705544,506451936.57,187.44,72.02,832.24,190.09,2024-04-11
2344918624,1365052247,187251900.0,169.77,32.69,316.4,163.83,2024-04-11
2344918624,1107847069,239800427.01,39.43,16.35,319.27,38.05,2024-04-11
5460111518,8115677831,170906623.64,1433.37,15.96,28662.91,4174.36,2024-04-11
5788584904,5219624006,139930335.0,130.34,0.0,655.67,149.79,2024-04-11
5788584904,5867056489,143580975.0,143.56,27.25,1501.79,164.98,2024-04-11
5788584904,8051284328,202512735.0,251.24,48.86,1057.38,288.72,2024-04-11
5788584904,2907435678,182999195.0,104.84,27.25,426.89,120.48,2024-04-11
1638662180,3726449042,1828661072.0,264.3,55.07,663.05,236.36,2024-04-11
1638662180,8451021978,1795004400.0,244.96,43.12,623.45,219.06,2024-04-11
1638662180,3458806793,73777424.0,34.38,2.73,116.95,30.75,2024-04-11
1638662180,7330099080,414809248.0,135.37,20.06,500.97,121.06,2024-04-11
1638662180,2539069172,217730587.66,1127.05,19.69,14846.75,1250.0,2024-04-11
1638662180,5734928185,398004017.56,278.27,17.12,18930.94,249.81,2024-04-11
1638662180,3365119614,195389040.0,104.22,10.93,279.95,93.2,2024-04-11
1638662180,5990972532,3174699808.0,561.91,170.95,3235.12,502.5,2024-04-11
1638662180,5877697454,409556174.82,238.52,43.76,1633.68,224.83,2024-04-11
1638662180,4218448992,99079731.06,1251.68,38.99,56433.67,1134.7,2024-04-11
6718405214,4262487866,325932700.0,164.86,90.96,962.83,177.51,2024-04-11
6718405214,9503495499,92493175.0,50.45,14.49,256.82,54.32,2024-04-11
6718405214,8693835331,52701200.0,31.53,15.99,148.36,33.95,2024-04-11
1295015522,1349937246,2719160843.0,719.69,4.33,548622.03,570613.61,2024-04-11
1295015522,2283690896,6491951053.63,3984.55,8.61,2560830.74,94783.66,2024-04-11
5982728792,7341917791,266230104.35,242.5,15.71,2149.77,239.24,2024-04-11
5594503139,4230973796,6921054466.0,6341.44,330.66,26316.44,5526.11,2024-04-11
3963576121,9525301571,4147191150.28,3781.97,52.56,14864.03,3358.97,2024-04-11
3963576121,6654568382,1915817470.11,918.4,34.14,4417.12,815.68,2024-04-11
3963576121,3837806828,1524778889.45,1153.37,15.74,4545.09,1024.37,2024-04-11
3963576121,4049338638,10266165.0,25.75,0.0,139.97,22.87,2024-04-11
3963576121,6515712055,1190979790.0,777.85,10.65,2227.55,690.85,2024-04-11
3963576121,7243149849,44109975.0,33.26,1.93,162.97,29.54,2024-04-11
3963576121,4168418729,553284550.0,493.53,6.77,3087.38,438.33,2024-04-11
3963576121,7131081197,809771235.0,551.47,12.27,3027.39,489.79,2024-04-11
3963576121,5268390668,214427850.0,230.67,10.47,1471.71,204.87,2024-04-11
3963576121,7420259622,25147395.0,36.48,0.95,176.96,32.4,2024-04-11
3963576121,8081867096,229863725.0,331.53,10.03,2185.56,294.45,2024-04-11
7963919960,6232421926,658639038.89,3052.54,0.0,51199.76,3448.35,2024-04-11
3059796702,3746782976,3010194316.35,3958.14,3089.93,3962662.92,4217.62,2024-04-11
3059796702,8864383469,740456058.9,943.04,538.99,883336.38,1902.48,2024-04-11
3059796702,4917032890,1741934282.73,1602.18,1220.02,1059261.49,75434.75,2024-04-11
3059796702,2959313438,1315112271.28,9402.08,182.66,685636.27,8033.73,2024-04-11
3059796702,5926641707,11301085665.55,73662.31,47696.42,11482035.83,544207.38,2024-04-11
3059796702,6612674929,617370612.61,164.24,0.97,45037.7,10251.28,2024-04-11
2902900350,4009336267,9642752015.65,15832.08,218.63,704851.73,18068.04,2024-04-11
2902900350,6572625767,35607789293.88,112039.39,2492.2,9540565.04,127721.02,2024-04-11
2902900350,9693458382,1865488608.9,6259.67,258.1,341801.17,7135.81,2024-04-11
2902900350,9510736433,20298212438.67,23379.53,364.44,1545711.07,26658.17,2024-04-11
2902900350,2551761952,2243518697.36,4047.17,123.22,290944.64,4616.79,2024-04-11
2902900350,3188246310,3533955849.82,8465.7,115.21,548209.82,10776.37,2024-04-11
2902900350,9584067267,47187364814.26,124741.64,2372.52,10638375.45,142201.15,2024-04-11
2902900350,2814288177,33991162382.88,36331.21,572.14,2362200.12,41420.53,2024-04-11
2902900350,5140501841,15594291931.16,38805.14,492.49,3467603.71,44417.65,2024-04-11
2902900350,6843997094,14183158344.44,15325.84,219.42,1084385.49,17651.01,2024-04-11
2902900350,5480463907,8436578380.89,9752.56,148.31,353278.81,11119.68,2024-04-11
2902900350,1872899935,18108403641.2,29697.4,516.22,1579724.84,33854.01,2024-04-11
2902900350,1047791873,18979539852.63,56248.33,1031.78,4703908.35,64121.15,2024-04-11
2902900350,4525605017,51654280230.66,125010.46,1296.86,8119898.03,148452.35,2024-04-11
2902900350,9322287599,9713084909.24,13752.61,228.42,1298935.75,15677.5,2024-04-11
2902900350,2933732887,12154554444.22,36537.21,1168.28,3510163.09,41651.16,2024-04-11
2902900350,7246008752,9124462904.33,20815.06,376.22,1491572.04,35788.55,2024-04-11
2902900350,7477098630,151413309639.62,139884.57,1848.22,6585982.75,159463.56,2024-04-11
2902900350,9437400903,9436245529.89,18394.71,325.15,928478.86,21045.15,2024-04-11
2902900350,9204333885,9643662143.47,8348.38,120.72,648583.62,9516.86,2024-04-11
2902900350,3952787861,25934439014.35,35171.84,487.23,3331809.21,42902.24,2024-04-11
2902900350,9025480362,27648477087.0,23545.81,482.12,1222078.79,26841.41,2024-04-11
2902900350,3947466968,2210529895.17,4873.05,224.58,331345.65,5555.1,2024-04-11
2902900350,2436689105,4900946440.85,7637.05,287.11,690753.14,8733.36,2024-04-11
2902900350,2396538950,7741548737.05,20953.63,397.06,1796374.89,23925.38,2024-04-11
2902900350,7632661460,3320594543.49,7715.58,124.96,773008.55,8795.49,2024-04-11
2902900350,2910535188,19666950988.12,17928.19,416.71,947502.21,21433.74,2024-04-11
2902900350,6798126682,15208084083.84,29122.8,882.39,1621616.61,33273.75,2024-04-11
2902900350,2194391181,7560362382.48,5685.99,114.18,294168.56,6481.83,2024-04-11
2902900350,7628870465,21921876155.86,39831.48,1367.96,2548947.1,50496.14,2024-04-11
2902900350,1918116277,1894125153.03,3794.97,73.84,264717.97,4342.98,2024-04-11
2902900350,2739892076,2946704854.82,13777.55,387.52,1100143.51,15803.87,2024-04-11
5568905640,3795086457,3174639366.06,3080.82,114.74,93810.55,3192.79,2024-04-11
5568905640,4737139784,47248404.0,114.56,9.4,4905.92,118.73,2024-04-11
5568905640,1363631853,4727357292.24,5381.64,176.18,177095.53,5577.25,2024-04-11
5568905640,4094561929,2234654024.0,3800.66,99.63,133038.32,3938.8,2024-04-11
5568905640,4639177609,4563362248.0,3332.86,116.57,89634.05,3454.0,2024-04-11
5568905640,1243846004,405475033.0,347.51,4.32,9827.53,360.14,2024-04-11
5568905640,7094348132,486647496.0,365.65,18.09,11437.35,378.94,2024-04-11
5568905640,8246121203,35261104.0,65.87,2.04,2452.96,68.27,2024-04-11
2062913176,5994436383,0.0,0.0,0.0,14.31,0.0,2024-04-11
1035543794,4158584440,0.0,0.0,0.0,185.66,0.0,2024-04-11
2656837900,2945663229,0.0,0.0,0.0,0.95,0.0,2024-04-11
3144474603,5689524346,0.0,0.0,0.0,6.36,0.0,2024-04-11
3144474603,9031959160,0.0,0.0,0.0,12.71,0.0,2024-04-11
3144474603,6938393655,0.0,0.0,0.0,14.53,0.0,2024-04-11
3144474603,2924289979,0.0,0.0,0.0,18.16,0.0,2024-04-11
3144474603,9733453076,0.0,0.0,0.0,27.24,0.0,2024-04-11
2656837900,8590978411,10776.0,1.04,0.0,88.91,1.02,2024-04-11
3144474603,9689305727,4515499.0,1.09,0.0,36.32,1.07,2024-04-11
3144474603,7957351487,7114714.0,2.19,1.1,15.43,2.14,2024-04-11
3144474603,7735661983,9642578.0,2.19,1.11,21.79,2.14,2024-04-11
3144474603,4100708632,7196258.0,2.19,0.0,55.38,2.14,2024-04-11
3144474603,7764263763,4260674.0,2.19,0.0,20.88,2.14,2024-04-11
3144474603,6686202636,3934498.0,2.19,1.1,27.24,2.14,2024-04-11
3144474603,7801735246,5779431.0,2.19,0.0,23.61,2.14,2024-04-11
1035543794,3985488676,273225.0,3.17,0.0,114.17,2.94,2024-04-11
2656837900,4152900031,334056.0,3.11,0.0,207.13,3.05,2024-04-11
3144474603,7253524132,2497285.0,3.28,0.58,55.38,3.21,2024-04-11
3144474603,6534139585,7777259.0,3.28,0.0,24.51,3.21,2024-04-11
3144474603,5032004553,30803246.0,3.28,0.0,22.7,3.21,2024-04-11
2344918624,1958916885,2932020.0,3.29,1.09,33.46,3.17,2024-04-11
1638662180,1701959138,353041.98,3.22,0.91,45.12,3.84,2024-04-11
3144474603,6488651268,9000419.0,4.38,1.1,27.24,4.27,2024-04-11
3539058667,4902344444,6719547.0,3.99,1.07,85.85,4.04,2024-04-11
3963576121,6563165754,6519695.0,4.29,1.8,25.99,3.81,2024-04-11
3144474603,8914469811,20732562.0,5.47,0.0,98.96,5.34,2024-04-11
3144474603,1553963546,6136186.0,5.47,0.0,57.2,5.34,2024-04-11
3144474603,7539668706,10916703.0,5.47,0.0,43.58,5.34,2024-04-11
2830511829,2775846739,7565445.0,4.97,0.0,19.74,4.54,2024-04-11
3144474603,5331169744,22567302.0,6.57,2.2,39.95,6.41,2024-04-11
3144474603,5465163503,11385581.0,6.57,1.1,49.93,6.41,2024-04-11
3144474603,2433395297,16930573.0,6.57,0.0,49.93,6.41,2024-04-11
4695215334,2528213058,36788544.0,5.84,0.0,41.99,6.2,2024-04-11
3144474603,5032524995,12690285.0,7.66,0.0,24.51,7.48,2024-04-11
3144474603,5828492849,38713014.0,8.76,1.1,70.82,8.55,2024-04-11
3144474603,3617942643,11334616.0,8.76,0.0,82.62,8.55,2024-04-11
3144474603,9748939997,21293177.0,8.76,0.0,47.21,8.55,2024-04-11
3618949692,5988888032,10697841.0,7.86,1.07,35.56,8.33,2024-04-11
1638662180,9621229956,145186496.0,11.82,0.0,132.61,10.57,2024-04-11
3618949692,6077202362,15684207.0,11.8,2.13,67.47,12.49,2024-04-11
4695215334,9958204117,66311424.0,12.64,0.0,259.1,13.44,2024-04-11
3144474603,3883882510,63624706.0,15.32,1.09,146.17,14.96,2024-04-11
3618949692,9040172038,3158694.0,13.76,4.27,29.18,14.58,2024-04-11
5788584904,7833455508,36245640.0,14.17,0.0,230.96,16.28,2024-04-11
5788584904,1027266035,21860380.0,14.17,0.0,292.26,16.28,2024-04-11
2656837900,6335643178,11282472.0,16.6,0.0,458.71,16.29,2024-04-11
3886905599,5986397860,11857216.0,20.61,0.08,224.36,18.74,2024-04-11
1638662180,9691945395,147956816.0,21.49,1.82,254.17,19.22,2024-04-11
1638662180,7341293068,93658544.0,21.49,10.03,260.61,19.22,2024-04-11
9767077580,2409268224,57632842.57,23.87,25.57,24354.13,11692.19,2024-04-11
2344918624,2569335345,11900814.64,24.1,7.63,121.4,23.25,2024-04-11
1638662180,3445524039,151943904.0,23.64,2.73,110.51,21.14,2024-04-11
3963576121,6776326615,15247505.0,24.68,0.0,75.98,21.92,2024-04-11
5568905640,9425145730,31554262.0,21.96,0.0,633.34,22.76,2024-04-11
2656837900,4322763207,19450680.0,25.94,0.0,1840.53,25.46,2024-04-11
3618949692,9615206344,22249920.0,24.57,0.0,102.12,26.03,2024-04-11
3144474603,5914937715,104345741.0,28.46,1.1,151.62,27.78,2024-04-11
3618949692,3201800528,65597532.0,27.52,0.0,354.69,29.15,2024-04-11
1638662180,9513416000,176735552.0,35.46,3.65,147.34,31.71,2024-04-11
3144474603,3407772730,65767989.13,43.78,5.5,289.62,42.74,2024-04-11
4925883884,7501348991,17990246.92,48.05,0.0,2530.39,42.15,2024-04-11
2344918624,7705066015,56685720.0,50.38,9.81,134.78,48.62,2024-04-11
5788584904,3012394987,171156345.0,43.45,0.0,113.84,49.93,2024-04-11
3618949692,1069554114,81917451.0,47.18,1.96,1537.29,49.98,2024-04-11
3066661500,6001398777,313411060.1,50.29,28.18,145.56,53.13,2024-04-11
3144474603,9230618341,249565412.0,59.11,4.34,294.16,57.7,2024-04-11
1638662180,6006492963,349603520.0,58.02,38.73,212.73,51.88,2024-04-11
8413258295,7882511121,18781893.0,66.36,4.57,392.66,58.67,2024-04-11
2344918624,8848571191,368194372.2,70.1,45.77,676.78,67.65,2024-04-11
3963576121,4649654302,73903830.0,71.88,5.03,489.9,63.84,2024-04-11
5007176908,9655669412,344915868.74,84.78,35.75,303.77,75.08,2024-04-11
3963576121,9942113440,87142055.0,100.85,7.75,512.9,89.57,2024-04-11
5007176908,8973749094,658494166.01,152.82,54.13,334.46,135.33,2024-04-11
7658197888,8092448106,148384823.35,230.3,93.64,2893.1,250.2,2024-04-11
4695215334,7462260664,88178999.67,233.42,0.0,5618.21,254.24,2024-04-11
5928471422,8676621957,311904476.0,313.24,10.88,7221.08,287.74,2024-04-11
5788584904,9039091288,644102746.87,287.13,0.0,7279.09,1382.8,2024-04-11
7192602240,3506484865,1155993506.57,805.03,9.86,56360.83,3806.4,2024-04-11
2009937203,1226427383,197719683.64,227.59,2.6,12032.93,324.7,2024-04-11
2009937203,1100917590,2352991706.82,4639.03,97.24,263787.79,5548.22,2024-04-11
9061489677,3538890159,424992464.0,33.48,1.6,544.27,29.91,2024-04-11
6096057999,5336250406,3416041658.64,375.98,15.05,10157.88,374.68,2024-04-11
7954325167,6024835393,562507578.56,6374.24,321.55,119185.65,8559.99,2024-04-11
7954325167,8585424144,1180827101.04,1442.01,75.1,2363.09,1493.49,2024-04-11
7954325167,3677693126,1474732996.19,2282.62,19.2,53861.96,2465.61,2024-04-11
7954325167,4215430353,551877511.96,2619.83,1155.88,66095.67,2838.74,2024-04-11
3242008195,2082026989,866253118.08,276.96,33.38,1552.61,286.33,2024-04-11
5220099305,6369925877,196909530.0,90.0,3.56,389.04,83.42,2024-04-11
2908459842,2136298600,305303177.25,243.58,28.73,15036.84,1008.58,2024-04-11
6617865151,4023104015,306037837.06,499.42,89.58,28354.46,1488.91,2024-04-11
4434935446,3510772354,316988943.02,160.72,214.28,5490.45,177.16,2024-04-11
4434935446,2989226273,184595213.5,64.29,49.01,2701.14,118.44,2024-04-11
4434935446,3000449979,100030952.28,89.08,31.71,3671.04,207.02,2024-04-11
4434935446,4358276183,54208572.6,36.74,15.37,383.03,39.81,2024-04-11
4434935446,5197853315,509097669.69,542.77,9.22,31538.55,1175.45,2024-04-11
4434935446,6901439819,54707585.21,116.64,16.34,6259.36,534.48,2024-04-11
4434935446,5286511252,594074921.19,1107.59,94.17,39036.12,3270.56,2024-04-11
1885813372,1600547761,109688183.07,2210.79,2284.33,56951.0,2392.24,2024-04-11
1885813372,6125367750,72992876.21,2165.96,1870.05,40772.73,2342.69,2024-04-11
1885813372,4407946687,75732591.92,1397.81,1053.5,26760.91,1511.17,2024-04-11
3841673253,8869552614,2303459486.0,3253.28,3328.7,26711.63,3291.36,2024-04-11
7903592262,4426424720,745099488.0,367.87,15.99,2035.82,376.68,2024-04-11
8474378044,3486293439,3041380980.0,2224.14,381.31,23941.82,1918.45,2024-04-11
8474378044,4448119828,1916872210.0,1815.1,538.75,20542.73,1565.64,2024-04-11
2977761935,3116608419,572586609.72,422.62,100.08,51235.45,33369.56,2024-04-11
6835683414,5612343482,2985182006.17,52397.46,227.2,2790362.46,51617.87,2024-04-11
9634558898,5474739075,607678202.46,366.06,97.09,72292.83,52687.23,2024-04-11
3086145695,7048810931,400051713.48,578.52,3.91,11329.66,518.29,2024-04-11
3086145695,5339572796,137845486.0,157.1,0.23,3943.8,140.75,2024-04-11
3086145695,5320558629,11503437366.17,9312.54,58.39,946300.57,99265.38,2024-04-11
3086145695,1584062098,8623427315.74,11753.99,81.36,1119538.56,16762.33,2024-04-11
3086145695,9932223162,1900437361.59,3349.03,11.45,255920.85,3000.4,2024-04-11
3086145695,3025673853,431483678.98,726.07,1.95,15132.14,650.48,2024-04-11
3086145695,2019965934,206135720.0,354.54,0.51,6277.21,317.63,2024-04-11
3086145695,8138649143,16631876.0,29.72,4.81,50.39,26.63,2024-04-11
3086145695,6059177986,8646750725.31,9340.14,38.29,849572.3,18867.84,2024-04-11
3086145695,1679211363,316029729.11,2892.59,872.72,54512.08,2591.47,2024-04-11
5082057286,5897492062,275786532.0,292.96,3.99,1784.86,303.86,2024-04-11
5082057286,8222004527,50684257.98,46.15,0.01,288.2,47.87,2024-04-11
5082057286,6490168587,2934613572.62,2679.81,18.38,254022.24,2792.97,2024-04-11
7017462971,5111421035,240585854.88,493.11,1.5,29632.05,468.79,2024-04-11
7757875170,6571986238,6876402858.0,197.79,237.06,3276.3,213.71,2024-04-11
7757875170,1507696332,250756161259.96,3310.26,13.61,110471.77,4305.87,2024-04-11
7757875170,8297878953,90363012330.11,1162.94,2.1,65466.94,1449.47,2024-04-11
7757875170,6286832197,42096730453.71,47.62,86.65,99293.3,71532.63,2024-04-11
2009975355,7135294008,19714934615.47,82.56,12.69,1459.96,83.69,2024-04-11
5171899165,3249635971,1624160418.0,1097.57,248.74,1916.43,955.61,2024-04-11
3777659666,2778732095,75905880.0,116.62,109.02,2341.32,106.93,2024-04-11
3777659666,8001474655,77103325.29,84.91,159.33,1404.97,77.85,2024-04-11
3777659666,5429479141,649033465.32,365.21,524.28,8698.38,334.87,2024-04-11
3777659666,5381755917,480861807.11,542.19,812.8,14741.83,497.14,2024-04-11
3777659666,8068215226,2941352866.89,3612.21,3175.84,111290.99,3312.08,2024-04-11
3777659666,3728619530,500368311.87,709.96,1223.11,8641.61,650.97,2024-04-11
3777659666,1280366028,150320509.78,187.21,355.55,3099.23,171.65,2024-04-11
3777659666,5848432009,699709275.36,548.33,1100.77,7771.95,502.77,2024-04-11
3777659666,9510720848,132864894.04,80.82,106.98,2058.34,74.1,2024-04-11
3777659666,6817760699,257056114.78,340.66,747.85,2907.27,312.35,2024-04-11
3777659666,9421800308,433798877.64,510.48,891.9,7974.72,468.06,2024-04-11
3777659666,1726168785,3519611797.63,3814.77,7834.11,35766.83,3497.8,2024-04-11
3777659666,4730021845,2269777508.13,1952.91,3110.29,74078.64,1790.64,2024-04-11
3777659666,7064250372,1130427442.28,1308.42,253.84,827225.0,1206.27,2024-04-11
3155375047,1588591084,3355483613.61,1195.18,435.42,16682.07,1073.46,2024-04-11
3155375047,5530379259,865280557.76,453.96,46.95,4726.97,405.59,2024-04-11
1138743890,8130349978,3653727011.55,7295.94,248.04,375866.79,8582.92,2024-04-11
1138743890,8843712267,759225158.0,1131.8,68.9,7763.38,1329.15,2024-04-11
7187956485,1006203719,5917565538.53,15782.41,1756.11,29372.12,17075.49,2024-04-11
7187956485,5560525804,2070405139.18,3979.24,208.29,49278.88,4305.27,2024-04-11
7187956485,5091515675,6563082686.16,1936.99,213.64,155902.57,21239.13,2024-04-11
3979990204,2938322847,724177105.24,590.78,22.22,2600.06,609.41,2024-04-11
6727254708,9001638496,1262496360.0,28508.42,486.25,40026.75,28420.6,2024-04-11
6727254708,6363425590,72043860.0,34.83,1.67,316.49,34.72,2024-04-11
6727254708,1426222378,757956810.0,1043.07,92.42,2847.35,1039.86,2024-04-11
6727254708,9957036490,5930739660.7,8898.11,177.57,391301.81,8870.7,2024-04-11
6727254708,6776982950,4935580148.21,4107.33,114.99,126979.05,4094.68,2024-04-11
6727254708,2300290420,4262082001.2,4389.75,161.9,628466.54,61373.21,2024-04-11
6727254708,4176490104,6346193859.88,9341.51,239.43,417195.95,9312.74,2024-04-11
6727254708,2533514542,3888260109.7,5759.49,186.19,229310.3,5741.74,2024-04-11
6727254708,8179299134,968901960.0,2651.92,68.61,142840.47,2643.75,2024-04-11
6727254708,6664358677,5444740304.88,6636.87,130.71,275220.4,6616.43,2024-04-11
6727254708,6863770246,1565551948.73,1324.55,77.51,94457.24,26710.65,2024-04-11
6727254708,6271169187,245228160.0,393.51,2.5,3148.37,392.29,2024-04-11
6727254708,5562598844,3537988720.11,4771.02,111.66,200224.49,4815.44,2024-04-11
4489463942,4340148194,345208060.42,1553.43,380.92,218652.83,9034.06,2024-04-11
8569046102,4104440111,1231618743.77,3153.49,15.74,284835.22,2768.22,2024-04-11
8569046102,6925819083,248967138.0,440.41,13.41,17037.92,386.09,2024-04-11
8569046102,2026749620,2297373540.14,1845.77,10.97,143622.0,1622.69,2024-04-11
8569046102,6868685894,6242507075.55,4997.19,18.12,297176.21,4632.22,2024-04-11
8569046102,5429744666,221323632.0,1329.54,8.75,64330.68,1165.57,2024-04-11
8569046102,2205127325,4558560227.48,2545.85,14.27,165075.03,2231.88,2024-04-11
8569046102,6194265650,1227233299.62,2462.76,32.11,104159.84,2159.94,2024-04-11
4765961919,5839318961,976610850.02,10649.46,229.3,17255.76,9829.94,2024-04-11
4765961919,2023984345,75314275.72,1220.3,25.62,1851.06,1126.4,2024-04-11
4765961919,5728753172,129563027.34,2576.08,36.05,3858.37,2377.84,2024-04-11
4765961919,5734689577,22455090.0,457.86,9.02,642.26,422.63,2024-04-11
4765961919,1575571566,27212940.0,499.39,8.51,753.46,460.96,2024-04-11
4765961919,4904411585,4130010.0,190.86,1.97,319.21,176.17,2024-04-11
4765961919,8958234428,36327673.91,693.22,11.82,1098.56,639.87,2024-04-11
4765961919,2264434474,2403724680.0,4308.64,64.91,103358.17,3977.07,2024-04-11
4765961919,5249567097,428736240.0,1594.11,9.28,58935.69,1471.43,2024-04-11
4765961919,8642879381,845092260.0,1678.16,27.29,71853.78,1549.02,2024-04-11
4765961919,9059403974,2741078304.75,5696.06,88.97,288813.72,5265.94,2024-04-11
4765961919,6178687279,5288528964.15,9775.28,157.66,694834.5,9023.03,2024-04-11
4765961919,8666345199,5387228627.87,8618.26,99.76,353167.41,7956.88,2024-04-11
4765961919,7987426138,740022711.16,2159.76,49.71,121004.08,2001.77,2024-04-11
4765961919,6171542340,13829463360.41,10854.17,187.93,516245.4,10018.89,2024-04-11
4765961919,6799882775,961444985.36,1815.62,43.52,122626.03,1685.94,2024-04-11
4765961919,7356903700,2859668296.75,3497.74,1865.09,191624.14,3246.83,2024-04-11
4765961919,4407903355,311642012.05,956.27,15.36,44582.57,882.68,2024-04-11
4765961919,9013939677,1374263791.1,2584.98,36.43,138136.18,2386.06,2024-04-11
4765961919,3211480416,479741431.86,471.71,138.3,17301.77,3321.68,2024-04-11
4765961919,7955584308,926734333.0,2021.31,21.07,118601.83,1867.59,2024-04-11
4765961919,3875433853,685336410.0,980.99,17.54,52875.42,905.5,2024-04-11
4765961919,6713679875,110044009.52,997.8,161.29,49736.0,921.02,2024-04-11
5660113447,3468528899,1547559607.03,1517.66,19.58,8115.59,1456.64,2024-04-11
5660113447,9536128267,1034613953.24,1409.84,23.32,91103.64,5606.89,2024-04-11
4969504105,7694448759,332388610.75,122.46,9.29,2708.9,179.28,2024-04-11
8000140564,5239603617,6923424469.27,4003.55,651.5,28523.39,3788.54,2024-04-11
8000140564,9927481046,449219702.11,139.74,13.31,1711.13,132.23,2024-04-11
8000140564,3611884080,127808581.07,102.41,8.54,471.54,96.91,2024-04-11
8000140564,1081854423,159051388.19,69.87,7.82,626.6,66.12,2024-04-11
8000140564,4010991219,405662130.76,247.89,26.87,2608.86,234.58,2024-04-11
8000140564,1359798990,965139080.93,641.26,60.86,5972.18,606.82,2024-04-11
8000140564,1735350712,610352454.66,439.31,42.32,3260.85,415.72,2024-04-11
8000140564,6721458095,386489194.0,188.55,29.94,1480.8,178.42,2024-04-11
8000140564,5428471916,304742759.03,115.81,15.24,1143.47,109.59,2024-04-11
8000140564,2342519279,1095592815.3,751.32,57.91,5797.17,710.97,2024-04-11
8000140564,8498327917,371832874.0,180.89,22.32,1881.61,171.18,2024-04-11
8000140564,9452923654,278632928.0,131.12,21.79,925.84,124.08,2024-04-11
8000140564,2536940292,262093678.0,171.32,19.96,1412.79,162.12,2024-04-11
8000140564,2309220827,28549290.0,27.76,2.33,101.56,26.27,2024-04-11
8000140564,1138639491,153351926.0,44.98,15.94,120.6,42.57,2024-04-11
8000140564,6929001598,930637020.71,623.07,33.62,4451.48,589.61,2024-04-11
8000140564,7566066340,92562555.87,80.4,7.88,235.77,76.08,2024-04-11
8000140564,8822076937,88555670.66,117.72,24.17,246.65,111.4,2024-04-11
8000140564,9564366225,216719383.53,177.06,17.92,1068.21,167.55,2024-04-11
8000140564,2466488669,421265121.81,183.76,32.71,593.05,173.89,2024-04-11
8000140564,1425089400,294721915.49,192.38,15.1,516.88,182.05,2024-04-11
8000140564,8850063753,84141526.0,20.1,3.84,92.49,19.02,2024-04-11
8000140564,2253031672,142365837.58,65.08,3.94,143.27,61.59,2024-04-11
8000140564,8213009323,22729469.91,53.6,10.16,112.44,50.72,2024-04-11
8000140564,1594190434,83688079.82,26.8,2.45,105.19,25.36,2024-04-11
8000140564,8915708680,184323580.0,186.63,27.65,532.29,176.61,2024-04-11
8000140564,4414317584,111398210.0,92.84,16.64,200.4,87.85,2024-04-11
8000140564,9250987791,63142092.18,55.51,2.24,305.59,52.53,2024-04-11
8000140564,4470137380,445185720.0,141.65,22.59,465.19,134.04,2024-04-11
8000140564,3763543737,230666817.02,201.95,28.35,4545.79,198.35,2024-04-11
8000140564,2337543367,187728750.0,77.53,16.79,2128.26,76.98,2024-04-11
8000140564,2785842466,382925504.7,287.13,16.84,10312.13,300.69,2024-04-11
8000140564,7162156694,608605894.59,306.27,4.4,19539.73,1626.64,2024-04-11
8000140564,2434912117,919395942.86,1008.78,47.29,26950.1,966.38,2024-04-11
8000140564,7369273684,217652550.4,135.91,5.26,5635.76,404.85,2024-04-11
8000140564,1849538785,99064357.95,142.61,4.2,7543.67,136.76,2024-04-11
8000140564,3500455885,268263035.04,214.39,6.15,5758.18,461.0,2024-04-11
8000140564,7897054373,224637800.35,382.84,10.39,25784.86,422.96,2024-04-11
8000140564,9604791651,284485984.35,257.46,19.26,6427.4,279.86,2024-04-11
8000140564,4322279418,1094969596.0,409.64,4.21,4356.27,387.64,2024-04-11
1430064570,5145163011,117822695.0,46.14,1.83,195.84,41.39,2024-04-11
9421916553,8096740886,952661504.3,449.83,69.61,92700.22,31524.22,2024-04-11
9421916553,2731531360,587662235.39,311.26,5.26,24560.72,7321.49,2024-04-11
9421916553,6301349980,532618456.21,500.5,11.97,36029.12,5659.38,2024-04-11
3941929869,6645625717,4995318480.0,135.46,66.46,369.15,143.61,2024-04-11
3941929869,3162512464,5973166933.25,105.25,23.62,218.18,111.59,2024-04-11
5954988949,9642733482,86371868538.93,1515.44,1045.29,292172.8,145191.56,2024-04-11
3313050187,6236961914,3536755373.75,4538.5,2204.16,798033.57,397116.57,2024-04-11
8201637580,9958704136,6466843800.0,96.29,48.56,167.96,85.54,2024-04-11
8201637580,2326143061,22078779000.0,138.48,59.14,273.19,123.02,2024-04-11
8308372271,3095974941,8074939381.37,3852.09,2209.57,498354.27,174987.0,2024-04-11
8308372271,2966777807,565860248.0,91.76,24.95,2225.89,86.72,2024-04-11
8308372271,6372356361,455728128.0,157.31,57.88,408.51,148.67,2024-04-11
9792369345,3652839122,31156773.54,439.17,133.04,36688.85,14772.93,2024-04-11
6287055608,4976565394,13341511975.91,61.0,30.14,1879.98,61.43,2024-04-11
3017575657,3453547109,2040339997.91,1933.84,148.33,68233.96,5890.82,2024-04-11
3017575657,4843243076,241854351.7,215.84,92.48,4996.87,255.38,2024-04-11
3017575657,4001716387,237460187.03,228.92,40.29,8742.76,528.79,2024-04-11
3017575657,5796469431,236398759.97,190.77,32.05,8090.65,355.53,2024-04-11
3017575657,4539876013,238707834.25,198.4,63.18,9881.2,194.29,2024-04-11
3017575657,5158372184,240414351.61,178.78,33.88,8867.36,398.6,2024-04-11
3017575657,7233604955,230541045.49,202.76,57.68,8271.51,351.53,2024-04-11
7949948303,4305518779,36976295.57,96.27,37.71,666.06,100.76,2024-04-11
7949948303,6892208816,121231797.0,209.97,30.63,7476.31,219.75,2024-04-11
7949948303,2199960913,36503583.0,107.28,124.7,659.59,112.27,2024-04-11
3878840424,3989998889,3244863130.57,7290.09,107.5,14794.77,7204.61,2024-04-11
3878840424,2141041580,8031433556.41,2670.74,34.84,34972.72,2639.42,2024-04-11
3878840424,9638623258,3116865566.6,1030.66,48.2,17629.13,1018.58,2024-04-11
3878840424,5827362456,7147549743.24,2473.01,30.88,10293.62,2444.02,2024-04-11
1366387738,4211213242,291797672.84,295.58,38.26,25425.05,297.94,2024-04-11
7526521017,1141378532,2442484246.84,1164.39,23.98,15430.7,1245.82,2024-04-11
4195391340,1396728285,2599855184.0,1660.93,42.03,5272.75,1645.64,2024-04-11
4195391340,9934713171,329905289.0,95.82,1.23,2513.6,94.94,2024-04-11
4195391340,4129200346,1936159222.0,292.79,5.31,6581.7,290.1,2024-04-11
4195391340,1520705806,94049148.0,61.75,1.07,1585.89,61.18,2024-04-11
4195391340,5909505277,693036325.0,277.89,1.07,6088.77,275.33,2024-04-11
4195391340,3745897630,343168165.37,217.2,1.51,22647.34,737.38,2024-04-11
4195391340,4978576353,6332259638.84,1950.53,69.87,192496.81,2378.8,2024-04-11
4195391340,7947044794,430840136.43,348.16,2.16,59107.94,485.25,2024-04-11
4195391340,1489150798,317641904.81,272.56,3.52,21284.84,358.67,2024-04-11
5213587138,6878701653,1189736268.0,185.22,55.89,1906.94,178.31,2024-04-11
5213587138,3237766774,350632296.0,160.14,37.47,1130.26,154.16,2024-04-11
5213587138,4574769288,673285746.32,503.57,152.83,5182.52,484.78,2024-04-11
5213587138,6460754568,279863988.86,490.07,131.92,8798.76,471.78,2024-04-11
5213587138,7132317463,682108910.88,1306.2,368.32,29689.73,1266.75,2024-04-11
5213587138,1995188662,808438218.0,149.53,44.5,4762.39,143.95,2024-04-11
5213587138,3110143732,489029686.94,246.0,27.04,25243.17,236.82,2024-04-11
5213587138,3912305227,221040590.89,81.03,9.16,17005.57,1964.2,2024-04-11
5213587138,8591150150,4115914110.0,846.04,201.8,2340.97,814.47,2024-04-11
4328703191,4353812705,115212296.65,280.58,1347.96,47659.39,244.24,2024-04-11
8458175737,3867256799,108433631.21,194.02,1.51,2724.76,175.62,2024-04-11
5048405933,7911621902,68789721.25,812.65,423.39,34034.36,10101.17,2024-04-11
5048405933,9017871690,339536864.1,217.36,3.47,21375.17,232.9,2024-04-11
4260952526,6742553630,330081302.67,478.11,3.11,23882.92,537.57,2024-04-11
4260952526,5963537745,314176292.42,354.55,1.31,19016.27,1004.2,2024-04-11
4260952526,5137978167,938751970.07,889.6,10.4,55387.55,1421.7,2024-04-11
4260952526,8920824529,256622442.2,756.38,0.12,17206.72,3071.72,2024-04-11
8698180854,1670431570,533761399.67,594.44,3.12,47490.08,826.6,2024-04-11
8698180854,9090750630,215300060.32,226.2,0.79,14950.82,313.91,2024-04-11
4243137714,4892510642,72671263.11,820.29,0.71,9170.4,1042.05,2024-04-11
4243137714,7368152030,535659214.65,451.7,4.24,30920.69,1400.13,2024-04-11
4243137714,3771177059,299632372.65,322.64,4.33,23981.66,452.52,2024-04-11
4243137714,6729387006,759387993.34,815.4,9.69,58468.77,1495.61,2024-04-11
6912959742,2048648353,310632775.0,960.74,19.84,1521.26,914.72,2024-04-11
6912959742,2879752140,2322630796.15,1807.93,27.94,103741.93,2132.15,2024-04-11
6912959742,5619950522,3318491826.91,3136.97,81.11,139714.06,3059.09,2024-04-11
6912959742,6568151555,1528182165.13,1587.74,22.29,77389.45,2595.62,2024-04-11
6912959742,1324013040,268594516.47,7689.87,2.01,100666.47,7323.38,2024-04-11
6912959742,3079869777,126956705.0,53.32,0.92,2307.84,50.77,2024-04-11
6912959742,3873048974,172786850.0,317.94,1.19,8503.67,302.71,2024-04-11
6912959742,8068272184,176874985.0,77.02,1.19,1226.79,73.33,2024-04-11
6912959742,7944967537,243735170.0,184.64,2.4,6141.92,175.8,2024-04-11
6912959742,8440546443,555135316.0,746.47,1.16,34032.63,847.03,2024-04-11
6912959742,3626331029,914240109.52,1188.83,13.79,26322.53,4155.24,2024-04-11
4295580695,2960047847,917687358.0,12950.64,363.17,17407.12,11383.77,2024-04-11
4295580695,5732310624,327066886.61,84.04,29.18,18512.46,8708.1,2024-04-11
8651798558,8328468619,185431719.71,156.67,127.51,2136.46,172.92,2024-04-11
8651798558,6807538284,1140626885.23,1835.13,1609.01,18869.22,2006.31,2024-04-11
7886265417,4880365383,6935601589.04,7096.82,103.66,54797.34,7197.01,2024-04-11
7886265417,2391458328,3124317709.16,9214.62,124.82,536242.27,9621.36,2024-04-11
7886265417,3609786103,3187365899.61,8629.47,99.47,520084.94,11363.6,2024-04-11
7886265417,4983585281,1248168600.0,10704.58,200.02,25208.33,10855.71,2024-04-11
7886265417,6922823699,477563629.57,792.35,14.24,88684.28,1288.2,2024-04-11
7886265417,7599638977,359901432.16,1423.32,341.02,73602.73,1520.5,2024-04-11
6135802989,8959948793,138361287.0,142.61,89.01,412.36,161.97,2024-04-11
6135802989,6274026841,459464777.43,426.88,5345.97,33676.78,9102.36,2024-04-11
6135802989,8522679787,1338686147.13,4740.72,155.43,286662.26,5449.48,2024-04-11
6135802989,7623710722,358497182.5,638.91,15.53,7105.1,788.54,2024-04-11
2899793385,2717881924,254228569.14,664.06,7.05,54668.25,873.4,2024-04-11
2899793385,2424527313,31465066.28,29.37,542.88,3226.75,428.24,2024-04-11
2899793385,3034380795,169944647.99,341.03,5.52,25852.44,525.84,2024-04-11
2899793385,1193481141,43472596.8,46.42,82.16,7663.65,146.4,2024-04-11
8493138820,6852723615,277624802.06,323.24,10.53,28582.69,591.89,2024-04-11
8493138820,7433037170,269731896.33,437.56,8.26,49869.26,598.0,2024-04-11
8493138820,5285550488,171515283.75,288.75,6.72,18372.71,621.39,2024-04-11
7730435073,4441681451,95289508.89,72.59,0.6,481.82,80.55,2024-04-11
7486359225,6280579402,32656006.77,2.12,3.91,5899.05,4731.41,2024-04-11
9347899940,6014387531,56646401.19,3.66,22.61,9413.49,6497.03,2024-04-11
8452065073,9893624496,1455598769.0,5222.33,147.12,270388.0,100302.86,2024-04-11
8452065073,6283220453,1910433749.13,1489.72,13.59,101178.41,4048.75,2024-04-11
8906508432,8115142452,109435455.33,120.12,3.19,3501.31,106.14,2024-04-11
8906508432,2145286589,95987793.39,231.01,1.07,3203.06,344.74,2024-04-11
2826827076,8749274022,432291501.01,1177.46,17.79,48574.24,1384.74,2024-04-11
2826827076,7625816281,1681344060.47,4683.65,60.29,265534.93,5160.67,2024-04-11
1684414765,3878041365,918000450.0,6508.09,43.22,11973.64,6308.01,2024-04-11
1684414765,3075231399,486951932.81,2321.57,16.91,134361.02,2255.37,2024-04-11
1672862023,9278357968,311446009.66,1522.9,20.13,59758.22,1716.33,2024-04-11
1672862023,3486787600,1232370880.77,4335.07,54.03,226738.03,4989.76,2024-04-11
1672862023,9706649561,522853713.23,2241.91,39.2,71057.91,2512.51,2024-04-11
1672862023,9225294647,218301615.22,657.03,20.13,41322.33,798.32,2024-04-11
2395255119,7750854142,809695992.0,517.83,99.53,6921.88,563.48,2024-04-11
8564269730,5835984744,221353600.0,1288.6,30.28,4067.67,1286.27,2024-04-11
8564269730,2949671968,1807679809.34,2190.91,40.25,192952.55,2212.28,2024-04-11
9421829897,1872053224,196774656.0,82.73,41.22,1538.06,70.0,2024-04-11
9421829897,8735863082,290174976.0,247.09,122.16,4539.42,209.09,2024-04-11
3610097806,5506472974,397163489.54,1986.1,345.71,25552.86,1892.75,2024-04-11
3610097806,9219961697,56947049.34,107.05,24.99,1039.41,105.41,2024-04-11
3610097806,3640276264,84361572.48,371.03,52.98,4123.4,350.13,2024-04-11
3274209063,1649291633,1792498485.79,2475.73,40.92,92675.45,7391.18,2024-04-11
3274209063,3729190315,47209680.0,90.2,0.09,495.67,79.55,2024-04-11
2236384250,9999704340,1316701465.72,1367.19,13.13,12000.28,1605.16,2024-04-11
7579730738,9566874645,2274608000.0,2034.68,44.14,10091.68,2370.51,2024-04-11
7579730738,1400855285,2014585474.4,1975.26,39.12,79782.36,10016.99,2024-04-11
6598325001,3740945209,987089674.45,563.17,106.87,42204.3,5181.62,2024-04-11
1323839440,3304164725,70565457.51,344.86,0.87,31642.14,314.07,2024-04-11
8145530460,5099059219,636003370.11,1115.21,10.53,39628.98,2424.19,2024-04-11
6278335695,3562027590,1119766759.0,3293.81,85.86,5567.27,3610.94,2024-04-11
6278335695,2952239687,187548974.0,330.66,7.53,578.19,362.49,2024-04-11
4161132680,2720085185,1775312495.45,1619.85,44.21,8522.87,1768.35,2024-04-11
8198936230,2074444156,1551432056.62,1589.99,5.95,11465.5,1561.9,2024-04-11
6699715634,7458774535,333446336.76,343.29,8.68,1215.84,364.23,2024-04-11
6699715634,4980716259,506931515.46,422.87,8.58,1446.98,448.67,2024-04-11
4045471774,5359815081,5674192757.77,4892.97,65.83,25863.54,4641.9,2024-04-11
4045471774,2796688175,2390026755.58,2265.1,40.46,13808.3,2148.87,2024-04-11
4045471774,4967547877,11511206073.13,11517.31,186.64,588744.18,72304.4,2024-04-11
2274795399,5367867115,5446335099.34,9336.47,15.72,420138.88,18192.06,2024-04-11
2274795399,1214129606,4860887794.5,3809.19,13.39,22500.03,3408.85,2024-04-11
3000721614,2912481878,191025648.47,323.18,4.69,11503.94,1439.45,2024-04-11
4139303472,6972972483,242874575.55,236.93,6.63,1341.41,249.34,2024-04-11
4139303472,7546874441,818481835.13,697.83,14.91,6305.12,734.4,2024-04-11
4139303472,3265100668,249942937.98,376.68,6.24,2964.16,396.42,2024-04-11
1467415627,3572240056,19520487539.65,10151.14,162.67,60341.65,11563.77,2024-04-11
3566905478,1591535805,32697130467.83,22277.61,105.92,124716.6,22940.7,2024-04-11
3566905478,5109703433,6445724934.75,9762.52,28.3,521446.39,39732.89,2024-04-11
3566905478,1890293086,6282575455.49,3551.84,11.55,21436.47,3657.56,2024-04-11
2587290667,7156700864,2391957784.15,2483.23,53.14,215169.41,23163.6,2024-04-11
2587290667,2594658989,1623864496.25,1647.7,23.06,123955.54,13730.8,2024-04-11
2587290667,1597047940,3431291481.02,2824.36,206.56,145642.12,51430.52,2024-04-11
7630373697,9780335687,533153365.38,226.34,23.23,17014.46,203.26,2024-04-11
6629749215,9721059687,768360260.64,428.03,38.65,46626.38,781.06,2024-04-11
6629749215,7874087136,673851005.33,681.95,2.86,61694.94,4038.86,2024-04-11
6629749215,7552979656,78020178.2,69.44,18.56,373.26,65.33,2024-04-11
6629749215,6829243539,140846781.84,87.06,17.71,1871.07,87.76,2024-04-11
6849650164,3338912691,1712070746.26,2052.75,89.98,1042926.45,2107.46,2024-04-11
6849650164,2080299368,787767593.88,486.07,105.77,3492.38,508.1,2024-04-11
8399250647,2776638908,966137562.5,632.6,256.25,5070.85,634.53,2024-04-11
8399250647,4744810989,384667000.0,198.37,73.8,1892.48,198.97,2024-04-11
8399250647,4707910745,334930843.31,345.42,97.2,192077.24,346.47,2024-04-11
4688974689,3648580833,973156291.24,816.21,172.32,3992.34,785.83,2024-04-11
4688974689,6632427409,4404559555.6,2114.97,21.51,173022.43,11749.86,2024-04-11
4688974689,7434182143,254646422.54,217.52,44.43,1670.32,209.42,2024-04-11
4688974689,4517008391,1561455336.0,565.96,19.22,5662.66,544.9,2024-04-11
4688974689,9966067773,783673863.13,332.61,11.32,2640.64,320.23,2024-04-11
4688974689,8258195211,9304171717.2,2080.12,100.52,25965.19,2002.7,2024-04-11
4688974689,2331131090,1279405440.0,580.74,66.9,2201.34,559.13,2024-04-11
7192602240,3121158589,121502442.84,93.78,0.0,7559.11,444.26,2024-04-11
2009937203,1620578998,37305650.78,344.47,0.0,12575.57,353.07,2024-04-11
2009937203,3322867880,47679960.0,58.44,0.0,642.96,59.9,2024-04-11
8016849046,6587432666,48850480.0,52.05,0.0,407.19,50.79,2024-04-11
8016849046,4713037012,24609394.12,16.26,0.0,442.59,15.87,2024-04-11
6096057999,6695688148,95288379.07,8.06,0.0,18941.78,8.04,2024-04-11
6096057999,5824140938,142426424.25,40.32,0.0,14495.02,9406.14,2024-04-11
7954325167,4107157191,222801440.42,44.19,0.0,44696.67,8440.58,2024-04-11
3242008195,1135855874,182043584.0,23.4,0.0,316.35,24.2,2024-04-11
6617865151,1906723872,2378096.95,46.69,0.0,3167.88,41.17,2024-04-11
6617865151,2062435859,134253857.14,1055.3,0.0,20943.19,6075.34,2024-04-11
3020795441,3364254216,377822369.0,873.86,0.0,6699.27,895.56,2024-04-11
3086145695,1905463635,1074287585.22,1724.94,0.0,1555386.52,1545.38,2024-04-11
5082057286,6387857551,147002040.0,135.45,0.0,1083.24,140.48,2024-04-11
5128952228,2077968745,5094216806.26,285.44,0.0,12641.88,278.48,2024-04-11
4338917831,8385844712,343040036.0,1680.02,0.0,17669.17,1568.33,2024-04-11
4338917831,2367072086,102689016.67,8.2,0.0,1079.69,875.97,2024-04-11
4969504105,7818808195,51840274.9,16.06,0.0,891.6,35.3,2024-04-11
4969504105,4092462183,162151951.9,193.73,0.0,34609.33,179.28,2024-04-11
8000140564,5685229982,12345914.0,5.74,0.0,37.18,5.43,2024-04-11
8000140564,6885490146,38147144.0,10.53,0.0,55.31,9.96,2024-04-11
8000140564,3358981893,93329615.76,139.74,0.0,6981.45,176.61,2024-04-11
1430064570,9035077179,147200860.0,86.78,0.0,1284.84,77.85,2024-04-11
1430064570,3907186854,120340555.0,41.74,0.0,565.77,37.45,2024-04-11
1430064570,9158083279,124329237.95,121.93,0.0,2470.77,109.38,2024-04-11
1430064570,6705694970,149201995.0,71.4,0.0,1431.23,64.05,2024-04-11
1430064570,7762759321,11373477.08,12.08,0.0,377.84,61.09,2024-04-11
1430064570,4230682381,168612065.0,94.47,0.0,740.84,84.74,2024-04-11
9421916553,6798221224,96232683.34,111.68,0.0,65513.03,2295.14,2024-04-11
6991056822,3193959638,11328492.0,611.68,0.0,1445.88,604.08,2024-04-11
3017575657,3244083729,153618550.0,777.24,0.0,2492.91,714.07,2024-04-11
3970113188,2409760802,79370550.0,31.53,0.0,1237.76,34.96,2024-04-11
7949948303,7070000057,74565816.0,210.89,0.0,11367.36,220.71,2024-04-11
2415874979,2683557521,190088327.1,127.89,0.0,435246.64,146.44,2024-04-11
3878840424,5360352728,316308824.59,3029.89,0.0,102118.68,2994.37,2024-04-11
1366387738,5276031120,64739036.0,19.64,0.0,99.33,18.68,2024-04-11
1366387738,6312414152,305889395.36,201.53,0.0,917592.96,191.74,2024-04-11
7526521017,2555969233,99442133.57,98.5,0.0,136977.64,103.99,2024-04-11
8367057304,7687930056,102233839.32,156.27,0.0,122808.44,176.12,2024-04-11
8367057304,1905604235,54094040.0,19.17,0.0,298.33,21.61,2024-04-11
6118790924,9457669388,39808365.84,131.63,0.0,3558.67,130.13,2024-04-11
4195391340,6908734197,30197433.0,21.29,0.0,741.25,21.1,2024-04-11
4195391340,7143541578,242941253.0,94.76,0.0,3205.93,93.89,2024-04-11
4195391340,9373530146,155402203.02,425.88,0.0,211408.36,421.96,2024-04-11
4195391340,9446748642,196333135.98,53.23,0.0,50920.97,619.23,2024-04-11
7383324448,8063595091,103473639.0,17.3,0.0,149.35,16.71,2024-04-11
7383324448,2232359166,19492375.37,10.81,0.0,259.91,10.44,2024-04-11
7383324448,2484793823,139646646.0,65.95,0.0,330.7,63.7,2024-04-11
5048405933,2009557613,20020835.93,96.93,0.0,19649.95,107.11,2024-04-11
1544027227,8345657541,26811789.11,202.39,0.0,3256.31,257.42,2024-04-11
4243137714,1602511292,480714300.0,282.56,0.0,7128.12,299.95,2024-04-11
6912959742,5756705575,293188498.08,25.67,0.0,32627.17,25016.06,2024-04-11
6912959742,5637321282,126900575.0,80.97,0.0,2259.92,77.09,2024-04-11
7886265417,7790984113,22960631.59,35.4,0.0,2142.24,97.14,2024-04-11
1967633865,1708818240,71841160.0,277.87,0.0,509.06,307.34,2024-04-11
6135802989,8511946771,53937276.0,69.43,0.0,493.54,78.85,2024-04-11
6128140551,1645932763,310184346.0,105.56,0.0,260.12,105.21,2024-04-11
6128140551,3366862475,165708630.0,162.86,0.0,5148.41,162.32,2024-04-11
6128140551,2965763478,64400116.46,143.76,0.0,6854.59,143.29,2024-04-11
9347899940,7052227560,246632225.7,405.88,0.0,49900.22,2011.35,2024-04-11
2826827076,6567830680,167585659.31,104.75,0.0,40269.26,22046.65,2024-04-11
1672862023,8563080309,52403140.69,161.16,0.0,6976.72,183.82,2024-04-11
7676611041,9159060721,648134816.0,1313.22,0.0,159547.24,1382.36,2024-04-11
7676611041,2260645096,224439581.25,2037.02,0.0,36065.09,2144.27,2024-04-11
7676611041,5270434822,231413677.01,2254.87,0.0,34511.62,2373.59,2024-04-11
7676611041,2857263913,650385437.3,13864.14,0.0,734845.64,14604.84,2024-04-11
4396365888,1734060858,99969674.07,578.7,0.0,48453.95,662.39,2024-04-11
4396365888,1919340309,254143264.12,3999.01,0.0,161856.83,4598.22,2024-04-11
4396365888,8572622288,109883940.81,1111.9,0.0,29896.11,1272.71,2024-04-11
4434935446,8535840933,31749318.94,23.88,8.65,275.9,25.88,2024-04-11
2009937203,9345487133,50215926.0,29.73,3.87,207.02,30.47,2024-04-11
4434935446,4222581182,22515543.69,12.86,3.84,642.81,42.8,2024-04-11
5171899165,8187989883,312197296.68,374.78,4.04,28981.13,326.31,2024-04-11
4969504105,7951503660,317029861.98,188.71,3.91,2039.97,202.5,2024-04-11
8000140564,6932659090,49741167.41,58.38,4.2,191.33,55.25,2024-04-11
9061489677,9535527754,220373868.0,124.21,8.53,1552.78,110.96,2024-04-11
4205409850,8876697013,137623915.27,110.9,7.94,3183.58,116.25,2024-04-11
8000140564,9324747258,268536352.0,150.26,8.41,1195.16,142.19,2024-04-11
7930903559,9917804571,332354464.37,232.54,7.21,8567.26,196.8,2024-04-11
7670223529,8610503394,616264082.32,440.14,7.7,40212.66,4255.6,2024-04-11
2901644731,3377938243,2239356874.83,2686.55,7.45,242821.78,13986.9,2024-04-11
6727254708,2588552650,87289740.0,76.25,2.94,865.96,76.02,2024-04-11
4969504105,7657601693,121345191.7,173.66,2.93,3397.74,168.13,2024-04-11
6128140551,9621975740,277636146.0,248.31,3.21,580.93,247.49,2024-04-11
7486359225,4103724426,49129805.15,2.12,3.17,9607.85,7586.07,2024-04-11
1672862023,1098387923,36150107.0,79.15,3.18,3791.37,88.7,2024-04-11
6096057999,9998306906,4693064885.12,442.51,12.9,7975.49,440.98,2024-04-11
4434935446,4660790053,56429879.38,95.51,11.53,9941.78,648.94,2024-04-11
4969504105,2151528150,967160532.01,329.25,11.73,60867.4,8733.52,2024-04-11
4688974689,3271936873,1054414128.73,320.99,11.98,4260.75,309.05,2024-04-11
8000140564,6917650996,424014663.72,106.24,7.35,953.95,100.53,2024-04-11
8000140564,9492833167,204902953.51,82.31,7.35,498.74,77.89,2024-04-11
2990144704,4920939478,26581697200.0,117.22,7.39,2659.56,116.93,2024-04-11
2826827076,9211652825,148793197.0,357.89,6.92,4890.54,373.24,2024-04-11
1672862023,5684676954,138512097.0,555.95,7.42,5357.46,623.05,2024-04-11
7192602240,6452891241,52213500.27,42.15,2.14,463.67,43.13,2024-04-11
6835683414,9888709061,4412539737.17,1314.51,1.95,1419014.4,250753.42,2024-04-11
3551284065,8079664411,1482660405.0,578.88,1.92,6884.77,584.0,2024-04-11
8000140564,1149141877,19602828.0,14.36,2.1,48.06,13.59,2024-04-11
8000140564,6986423266,20030895.34,24.88,2.1,560.4,104.16,2024-04-11
1366387738,8266932082,1269134088.13,262.51,2.01,4594.97,249.76,2024-04-11
1366387738,8064448672,1272903577.62,323.49,2.01,5503.92,307.77,2024-04-11
4195391340,3629968085,536259176.0,189.52,2.13,6157.08,187.77,2024-04-11
1544027227,9985101441,150368904.0,100.72,2.11,298.51,111.37,2024-04-11
2826827076,9804129007,51330538.0,168.76,1.98,1785.95,176.0,2024-04-11
1684414765,4208562937,73675875.0,312.6,1.88,3369.36,302.99,2024-04-11
1684414765,2260433912,48139350.0,105.62,1.88,855.48,102.38,2024-04-11
6629749215,7327201403,191005347.0,54.93,1.9,422.78,51.68,2024-04-11
8399250647,7302564879,332077856.12,103.62,2.02,11815.94,809.74,2024-04-11
4688974689,1480789699,260278344.0,123.54,2.0,1265.77,118.94,2024-04-11
5509067989,6291704666,215179104.0,263.28,10.9,2527.33,286.12,2024-04-11
7886265417,5285426123,85094212.64,45.81,11.03,6554.99,742.3,2024-04-11
3086145695,7746993730,88835993.78,721.82,5.82,133897.49,646.68,2024-04-11
2009975355,2260404453,20107154104.03,243.76,5.44,7858.19,1425.71,2024-04-11
4765961919,9846984747,17559900.0,605.21,6.01,869.45,558.63,2024-04-11
8000140564,5794855495,308727156.98,171.32,6.3,1481.71,162.12,2024-04-11
8000140564,5705819064,477728844.99,160.79,6.3,1994.96,152.16,2024-04-11
2826827076,4660261064,295274030.88,526.66,5.93,49371.72,560.37,2024-04-11
1684414765,5701592681,233606321.9,745.76,5.64,33387.47,799.36,2024-04-11
6096057999,7665822603,222212235.99,245.95,1.07,22716.41,2715.16,2024-04-11
7757875170,9729384781,110773350584.0,1424.83,1.05,19480.44,1539.51,2024-04-11
8018066855,8153507690,16384644558.42,194.73,1.06,7633.65,1496.69,2024-04-11
5660113447,6019366399,54196511.81,135.29,1.02,14532.46,129.85,2024-04-11
8000140564,6581304792,10760493.05,7.66,1.05,58.94,7.25,2024-04-11
8000140564,8957190537,201829740.0,66.04,1.05,250.28,62.49,2024-04-11
8000140564,7746577361,53578549.23,44.98,1.05,515.06,52.53,2024-04-11
1430064570,6119089379,309196104.48,274.63,0.92,3936.62,348.83,2024-04-11
4195391340,5056705383,275599684.42,251.27,1.06,11253.51,410.36,2024-04-11
7383324448,9466691561,18399066.0,25.95,0.9,438.35,25.06,2024-04-11
7383324448,6456606566,202096782.0,35.68,0.9,237.6,34.46,2024-04-11
4295580695,3476279915,442901579.2,265.45,1.01,58396.05,1763.06,2024-04-11
6135802989,6114973672,74588527.06,137.92,0.97,29070.74,156.64,2024-04-11
6850670091,9511860235,1261734.0,5.46,1.01,128.43,5.2,2024-04-11
6278335695,8518365905,1188540226.0,432.68,0.99,1375.11,474.34,2024-04-11
7479515012,6064540105,103224312.0,193.34,1.07,781.4,197.83,2024-04-11
9059053692,1055261245,887481659.21,404.5,0.98,4392.75,442.22,2024-04-11
3777659666,8202308913,38321422.32,108.44,14.42,22533.6,99.43,2024-04-11
2587290667,4387486637,639758260.74,586.93,15.04,46597.71,6477.98,2024-04-11
7757875170,3644920461,3765367750.54,73.26,10.5,12536.48,106.86,2024-04-11
4765961919,5312514284,12210314.72,466.76,10.02,659.52,430.84,2024-04-11
8000140564,8042770435,159153386.0,111.98,10.51,1033.75,105.97,2024-04-11
8000140564,5434935750,229228511.93,111.02,10.51,476.98,105.06,2024-04-11
9347899940,4013113338,69064224.5,60.47,4.92,31259.8,72.58,2024-04-11
6128140551,8544551464,243785.06,0.0,0.0,67.44,2.0,2024-04-11
7486359225,7488640370,130651285.97,0.0,0.0,19194.07,15118.5,2024-04-11
4765961919,3008969424,1461690.0,0.99,0.0,94.9,0.91,2024-04-11
7486359225,2729662618,20799107.44,1.06,0.0,3583.34,1466.39,2024-04-11
4434935446,5052353209,13078890.0,2.76,0.0,31.29,2.99,2024-04-11
8000140564,9106088315,12366270.0,2.87,0.0,2.72,2.72,2024-04-11
9347899940,4836392234,165960.0,2.75,0.0,30.06,3.3,2024-04-11
4786168179,5408092787,11931408.0,2.97,0.0,9.76,2.84,2024-04-11
3878840424,6926940570,66919731.61,6.69,0.69,29.61,6.61,2024-04-11
4434935446,4220794442,24666138.0,6.43,0.0,44.56,6.97,2024-04-11
1848619060,6399790292,18727243.0,7.12,0.0,244.59,7.44,2024-04-11
7383324448,7145751907,24707214.0,7.57,0.0,69.83,7.31,2024-04-11
1544027227,3197281385,5390448.0,6.65,0.0,75.68,7.35,2024-04-11
4786168179,3433689330,11156387.43,6.93,0.0,54.2,6.62,2024-04-11
1430064570,8458473325,50648445.0,9.89,0.0,28.68,8.87,2024-04-11
1366387738,5649338610,411323.3,9.3,0.0,157.01,8.85,2024-04-11
8000140564,4985872008,12854814.0,8.61,2.1,56.22,8.15,2024-04-11
4434935446,8201401774,25282434.75,11.02,3.84,299.6,16.92,2024-04-11
1466862570,7439063710,96436382.0,18.35,0.0,131.66,18.62,2024-04-11
1848619060,4623790803,24660534.72,17.3,0.0,2333.94,77.58,2024-04-11
7886265417,2603513256,7732232.21,17.7,0.0,1827.78,526.89,2024-04-11
9061489677,5086670297,148575414.0,19.44,1.07,547.27,17.37,2024-04-11
9347899940,7731419913,553200.0,16.49,0.0,40.42,19.79,2024-04-11
7383324448,5277806011,21731232.24,19.46,0.9,302.58,18.8,2024-04-11
8000140564,3390660189,53984112.0,21.06,7.71,45.34,19.93,2024-04-11
8399250647,8469970870,65120286.09,21.71,12.81,54.56,21.78,2024-04-11
7930903559,3998095774,21140993.84,24.13,0.0,796.89,20.04,2024-04-11
8180638008,8134131141,133803772.01,19.83,0.0,52123.17,20.43,2024-04-11
8000140564,6802903185,32213370.0,30.63,4.73,117.88,28.98,2024-04-11
8000140564,3878135540,107023722.9,30.63,2.1,637.48,29.89,2024-04-11
8698180854,5259786139,75067788.41,41.03,0.0,4203.06,284.58,2024-04-11
9061489677,9205970254,795446294.5,42.12,1.07,2684.34,37.63,2024-04-11
9566447651,5676327830,209735697.07,42.93,5.42,913.48,42.04,2024-04-11
8000140564,3559894019,57648192.0,43.07,7.88,130.58,40.76,2024-04-11
3979990204,5409356300,59962257.0,41.54,0.0,1740.05,42.85,2024-04-11
8000140564,8073694413,215346124.0,52.64,6.0,231.23,49.81,2024-04-11
7722700863,5098683393,44279864.0,59.71,0.0,565.65,54.6,2024-04-11
4195391340,1940636587,19646367.06,58.56,0.0,1632.04,64.35,2024-04-11
3610097806,5753894409,79430795.65,57.16,11.94,778.2,51.77,2024-04-11
8000140564,1130813901,51561748.0,57.43,3.15,106.1,54.34,2024-04-11
2395255119,3421846392,52810989.15,56.49,3.28,5342.39,61.47,2024-04-11
8000140564,2033805706,92485648.87,61.25,2.1,641.11,57.96,2024-04-11
8000140564,7159278524,65295196.17,61.25,6.3,535.01,60.68,2024-04-11
3610097806,5861596447,53135692.86,98.73,34.75,974.56,93.18,2024-04-11
1430064570,3322958939,93584678.24,104.36,0.0,1813.02,93.61,2024-04-11
6128140551,2809191200,236415256.97,96.51,0.0,8815.11,304.61,2024-04-11
5213587138,8993837157,170610234.93,124.45,28.89,976.32,119.8,2024-04-11
7730435073,6622504921,124395876.78,139.77,0.03,15213.59,134.58,2024-04-11
7722700863,1572066946,83069856.0,140.06,0.0,1122.61,128.07,2024-04-11
4243137714,5857688676,52402056.0,126.12,0.0,2235.16,133.89,2024-04-11
1350574641,1740321088,4993708860.0,4045.87,523.43,64945.42,4070.42,2024-04-11
1350574641,3462872272,537897796.42,3659.65,11.71,308261.99,3681.86,2024-04-11
8513664892,7720992381,526339010.53,1102.54,127.14,910479.07,41505.01,2024-04-11
8513664892,9755315283,553303922.51,1144.24,3705.17,16289.61,3615.27,2024-04-11
4482504627,2446577130,2960055112.0,1043.43,17.25,3780.27,1114.98,2024-04-11
4482504627,9026805222,1342148436.5,1331.82,11.76,46663.68,1451.07,2024-04-11
4482504627,1966692247,684064696.0,137.2,0.18,13722.26,146.6,2024-04-11
9407111886,2038181159,261521049.37,73.83,2.51,3877.62,1015.2,2024-04-11
9407111886,9875480375,8073135338.96,1086.78,113.15,28798.49,3639.92,2024-04-11
9407111886,7809137213,249017592.54,74.81,0.91,5509.76,1302.05,2024-04-11
7545204145,3099384657,19013974827.68,1807.42,0.0,2236188.63,1557575.65,2024-04-11
7761714523,1323231114,283211718.57,625.27,3.24,39583.2,794.76,2024-04-11
7761714523,5016836169,1181674422.79,3943.84,10.59,170124.83,4663.59,2024-04-11
1591927154,8406369357,158799492.0,203.33,17.2,567.76,202.45,2024-04-11
1591927154,4390044742,122058489.0,122.2,268.0,291.72,121.68,2024-04-11
1591927154,2495827244,144415488.29,36.97,17.99,6380.25,2222.91,2024-04-11
1591927154,2895792806,1971558247.77,784.55,22.77,12916.3,781.19,2024-04-11
4096109405,7433912772,287952896.0,38.6,4.58,1354.91,37.55,2024-04-11
4096109405,6003399573,787803373.77,10020.78,0.92,288600.38,9747.88,2024-04-11
4096109405,8161626560,17399904.61,34.31,0.0,1928.27,42.76,2024-04-11
4096109405,6213047467,102737011.24,13.94,0.0,12086.36,9195.09,2024-04-11
4096109405,7923331247,305513897.92,30.02,0.0,34358.59,26915.66,2024-04-11
4073978577,6978103756,29358651.48,113.69,14.98,1898.16,123.61,2024-04-11
4073978577,6236433672,358469591.87,3700.33,180.61,71941.18,13295.49,2024-04-11
4073978577,5495057295,70937411.24,364.53,78.64,7743.69,751.45,2024-04-11
4073978577,6589862949,318144065.76,387.09,1.11,250137.47,420.85,2024-04-11
4073978577,2746589876,235831960.0,32.48,8.77,345.84,35.32,2024-04-11
3907684477,6481910523,174081159.37,71.18,0.0,2422.32,63.13,2024-04-11
4299868633,8779908416,813505792.0,230.22,0.0,3399.2,233.9,2024-04-11
4299868633,3952967421,1914644412.86,202.38,0.0,180972.18,179358.81,2024-04-11
6487975423,1692422830,239894388.0,74.54,0.0,290.97,85.35,2024-04-11
6487975423,2208680737,232234776.0,103.63,0.0,369.81,118.65,2024-04-11
6487975423,1796798028,188783329.05,232.7,2.67,15436.22,400.71,2024-04-11
6487975423,2389182735,161852741.95,199.07,0.0,11558.86,655.7,2024-04-11
6487975423,6842186245,91837564.47,0.0,0.0,10008.29,9332.85,2024-04-11
3501640769,1666070295,169843399.96,369.92,5.49,5217.78,724.08,2024-04-11
3501640769,4165720224,212055918.92,292.69,19.31,7594.41,735.29,2024-04-11
3600040380,9362326592,1833711536.4,6988.53,1744.71,132521.8,6343.52,2024-04-11
3600040380,6274973494,4203558395.16,703.67,0.0,778725.32,346409.83,2024-04-11
3600040380,6643767972,7376418558.68,6655.95,1.92,1655129.7,738976.44,2024-04-11
3600040380,8669313064,578779508.61,587.1,9.19,61726.18,2531.59,2024-04-11
6877471451,6605087850,108554600.0,186.14,0.0,944.67,208.51,2024-04-11
6877471451,9963426365,53089040.0,118.45,0.0,1286.02,132.69,2024-04-11
7180277247,1658840432,45180137.23,39.75,0.0,834.7,199.84,2024-04-11
7180277247,7698427991,36556801.62,78.53,0.0,2720.43,102.65,2024-04-11
6111885933,9680600093,305734158.0,219.19,0.0,1945.83,198.21,2024-04-11
3550535444,8777719213,83815833.07,240.45,0.0,5104.17,441.06,2024-04-11
7869137619,6411872079,577592912.0,231.07,14.14,2192.66,213.7,2024-04-11
7869137619,2352084330,294791614.0,323.05,32.92,570.04,298.78,2024-04-11
7869137619,6248036038,235275326.0,252.97,5.5,9846.26,233.96,2024-04-11
7869137619,8167835101,234813630.57,446.8,55.42,10455.9,635.03,2024-04-11
7869137619,8383129108,14452502.66,47.09,6.4,1012.07,43.55,2024-04-11
7869137619,9424293868,8328416.11,9.86,1.06,430.06,13.17,2024-04-11
7869137619,7795240176,17658108.69,63.52,1.07,6882.81,60.77,2024-04-11
7869137619,2774120119,15450081.12,53.66,4.27,1005.62,49.63,2024-04-11
7869137619,2527358973,138854010.75,77.75,0.0,7596.5,1642.76,2024-04-11
7869137619,8094977084,101592493.2,56.95,0.0,3620.06,90.14,2024-04-11
7869137619,4618669070,35987136.91,47.09,0.0,2798.62,43.55,2024-04-11
7869137619,8554618991,19991400.44,65.71,2.62,605.95,60.77,2024-04-11
7869137619,2605260874,46704853.0,25.19,0.0,159.32,23.29,2024-04-11
7869137619,9329556723,66451281.0,119.37,4.27,980.76,110.4,2024-04-11
7869137619,5196804880,110138769.0,331.82,7.11,2390.66,306.88,2024-04-11
7869137619,1049099244,19988783.75,180.69,97.07,6927.93,2177.52,2024-04-11
7869137619,6998135940,28990481.83,64.61,0.0,3322.61,61.78,2024-04-11
7869137619,1538489493,102118138.96,2477.12,14.93,73553.2,2290.95,2024-04-11
7869137619,9923277745,103406242.18,67.9,2.19,3182.63,83.05,2024-04-11
7869137619,6892555521,3859321.63,10.95,1.07,202.6,10.13,2024-04-11
7869137619,3826709581,58652811.13,592.45,296.54,24591.71,6200.36,2024-04-11
2672329958,9571940280,3500121.0,0.99,0.0,102.83,1.08,2024-04-11
2672329958,5026756656,0.0,0.0,0.0,24.75,0.0,2024-04-11
2672329958,2721676161,206743889.59,33.52,0.0,11787.95,8757.41,2024-04-11
2672329958,8403774764,142243033.99,115.36,0.0,6487.61,233.95,2024-04-11
2672329958,3588650281,731455086.0,592.59,2.79,3501.82,647.94,2024-04-11
2672329958,2994202305,155589906.0,102.54,0.08,1307.23,112.12,2024-04-11
2672329958,1678744082,590223754.46,109.45,3.72,63699.3,1967.53,2024-04-11
2672329958,5033663938,120385045.12,23.66,0.0,17490.08,25.87,2024-04-11
2672329958,9880426255,120314010.72,124.24,0.0,26714.02,135.84,2024-04-11
2672329958,6024813197,120275271.7,50.29,0.0,16650.32,54.98,2024-04-11
2672329958,1133297879,51610379.31,42.4,0.0,9169.68,46.36,2024-04-11
2672329958,7037973900,6187893.0,9.86,0.0,245.64,10.78,2024-04-11
2672329958,9462248616,1083132.0,10.85,0.0,517.94,11.86,2024-04-11
2672329958,8230955924,4653456.0,6.9,0.0,32.37,7.55,2024-04-11
2672329958,8113559516,10700943.0,24.65,0.0,1396.73,26.95,2024-04-11
2672329958,3733440890,11563437.0,38.45,0.0,600.78,42.05,2024-04-11
2672329958,3499886219,128941919.3,449.62,1.86,2500.21,491.61,2024-04-11
2672329958,2151981927,25072500.0,9.86,0.0,1276.77,10.78,2024-04-11
2672329958,8512080594,180644244.48,366.79,0.0,16584.63,405.37,2024-04-11
2672329958,2826105161,6729459.0,8.87,0.0,18.09,9.7,2024-04-11
2672329958,7621903361,14341470.0,7.89,0.0,3034.34,8.62,2024-04-11
2672329958,8045212593,5345457.0,4.93,0.0,422.73,5.39,2024-04-11
2672329958,6322104419,7401402.0,4.93,0.0,1516.7,5.39,2024-04-11
2672329958,7076139057,11703843.0,63.1,0.0,374.18,69.0,2024-04-11
2672329958,9875049019,0.0,0.0,0.0,494.14,0.0,2024-04-11
2672329958,1796779381,55420254.0,226.78,0.0,2311.7,247.96,2024-04-11
2672329958,6577302930,206266443.0,279.04,0.47,711.22,305.1,2024-04-11
2672329958,4695594436,441276.0,0.99,0.0,144.72,1.08,2024-04-11
2672329958,7184540443,104791634.99,94.66,0.0,51235.36,103.5,2024-04-11
8347115882,8677429552,8050196.0,16.58,1.06,36.9,17.78,2024-04-11
8347115882,6700896402,621417275.05,648.64,13.76,104597.0,20282.25,2024-04-11
8181642239,2824471977,48108666.0,345.01,1.04,57567.67,414.52,2024-07-09
8181642239,4167772456,22888458.0,56.75,3.13,6193.1,68.18,2024-07-09
8181642239,7574904206,4994855750.38,4130.17,151.37,131051.68,4962.35,2024-07-09
8181642239,2667915214,96814260.0,106.29,8.33,5004.73,127.71,2024-07-09
8181642239,1658361479,783617232.0,535.08,23.42,21018.6,642.89,2024-07-09
8181642239,6862247394,5337725512.5,10082.65,475.66,731806.11,12114.18,2024-07-09
8181642239,4957786229,1206258554.93,970.16,42.85,20075.11,1165.64,2024-07-09
8181642239,3045194241,2522543957.96,8349.52,137.85,1116269.4,10031.84,2024-07-09
8181642239,5471548278,699525.0,67.56,0.0,607.44,81.17,2024-07-09
4590233378,4956991400,638418692.74,501.36,31.32,4766.76,476.6,2024-07-09
9782017208,9418779677,45517488119.75,50543.16,12223.56,2873779.54,723163.38,2024-07-09
9782017208,5954978087,33878974996.13,23388.44,7307.96,4752167.16,4069882.13,2024-07-09
8451662418,1820275089,3032649055.27,1200.77,11.77,87668.73,1228.8,2024-07-09
7861628118,9265482416,101126961.44,46.02,6.94,987.65,48.42,2024-07-09
3223263586,4519967341,1652434782.64,19641.42,43158.33,254853.08,49729.97,2024-07-09
1035543794,9730564285,27365967070.17,57630.84,768.2,3893308.01,54455.98,2024-07-09
1035543794,9171905185,10776316450.31,32530.25,437.43,2148722.47,30200.52,2024-07-09
1035543794,6048210138,528769582.93,1795.92,11.61,102324.23,1669.75,2024-07-09
1035543794,7963325298,11285726214.66,24183.1,175.26,1510239.27,22444.61,2024-07-09
1035543794,1029398724,12322410295.5,37934.89,477.55,2236094.83,35228.38,2024-07-09
1035543794,5430885258,3522400748.03,9756.65,164.71,623072.52,9055.26,2024-07-09
1035543794,2414841495,3281682469.45,10943.37,178.42,769967.47,10156.66,2024-07-09
1035543794,3572750171,6457236968.56,13276.68,277.28,695637.05,12334.0,2024-07-09
1035543794,3750657699,5738630458.91,12447.88,128.88,876290.82,11789.18,2024-07-09
1035543794,6376026786,239413706.8,626.09,7.61,68946.34,679.07,2024-07-09
1035543794,5195913239,26168423.83,96.08,2.86,9418.41,89.17,2024-07-09
1035543794,7967809540,26188484140.25,70627.74,959.09,4561608.52,65552.37,2024-07-09
1035543794,2169782023,29019230196.46,102008.23,1577.51,6525375.08,94712.23,2024-07-09
1035543794,4602525320,1699298491.79,4483.98,59.48,327798.4,4687.84,2024-07-09
1035543794,2069071835,846519154.06,2750.36,46.22,142819.02,2553.62,2024-07-09
1035543794,6993590041,8315822397.08,14907.9,262.73,515031.3,14029.23,2024-07-09
1035543794,7825458724,506690298.0,856.25,9.11,112181.18,794.7,2024-07-09
2656837900,3610702558,5492203033.14,84573.74,3190.79,112796.11,83000.61,2024-07-09
2656837900,5146812398,2837616396.46,8286.27,685.45,16690.53,8132.14,2024-07-09
2656837900,6913745275,856624224.35,1922.67,46.25,30800.92,1886.91,2024-07-09
2656837900,1382432916,195002496.0,418.15,6.23,13005.7,410.37,2024-07-09
2656837900,4832074778,361764867.6,794.8,23.67,21062.97,780.02,2024-07-09
2656837900,9764154719,2148387329.82,5181.77,97.83,127901.48,5085.39,2024-07-09
2656837900,2794687991,126823641.64,232.42,1.86,2513.94,228.1,2024-07-09
8220654331,6307575789,1354785845.42,1549.79,1152.82,46533.09,1953.83,2024-07-09
8842840036,6480913538,2083626083.05,9571.59,218.85,577598.59,8647.1,2024-07-09
8842840036,1210173408,2688054642.68,11931.2,282.22,685482.8,10771.83,2024-07-09
8842840036,8273252362,532848965.45,1567.91,51.77,90511.19,1442.58,2024-07-09
8842840036,7299125535,903550220.8,4484.91,77.1,264212.31,4049.11,2024-07-09
8842840036,5833357753,625830996.43,3668.44,74.24,228890.4,3324.09,2024-07-09
9058771111,1014702892,505361765.53,1740.17,25.47,91653.19,1562.77,2024-07-09
2595365035,1075751872,61559805.0,369.22,3.45,1877.24,326.99,2024-07-09
9677358744,8417110618,159312226.7,367.01,2.57,15319.13,386.35,2024-07-09
3886905599,5986397860,7878808.0,31.95,2.01,185.34,29.05,2024-07-09
3886905599,7083342211,73034990.0,257.63,9.54,600.91,234.25,2024-07-09
3886905599,3438720752,64333902.6,379.22,9.72,19859.23,354.19,2024-07-09
9218342578,8783617718,471224576.68,1356.24,47.11,52435.0,1434.56,2024-07-09
9218342578,5102935462,229018555.56,628.14,12.0,3026.21,663.97,2024-07-09
7302109982,8357437880,101594462.71,460.7,9.46,2457.23,446.86,2024-07-09
7302109982,7888950621,66435648.0,313.92,6.52,8992.55,304.49,2024-07-09
3972900593,5922565396,246223232.29,23.66,0.0,102911.54,18007.35,2024-07-09
4695215334,9515395501,7687228858.91,2136.8,88.97,16494.15,2270.6,2024-07-09
4695215334,3340990657,2100436316.7,784.89,18.49,128026.84,1251.57,2024-07-09
4695215334,7462260664,184007244.38,142.0,0.0,3832.18,150.89,2024-07-09
3618949692,5302634021,532974981.0,479.7,7.26,2958.79,508.11,2024-07-09
3618949692,3238401785,1623053617.44,1078.35,25.95,167101.94,1554.51,2024-07-09
3539058667,7210705544,559238456.0,254.23,77.4,1017.07,257.83,2024-07-09
3066661500,4188212043,37507672.0,17.41,12.52,84.55,18.39,2024-07-09
2830511829,4777687174,2066526760.75,477.46,314.04,4846.17,435.6,2024-07-09
2344918624,4756340523,156664380.0,87.62,28.33,191.18,84.56,2024-07-09
1638662180,7590800778,239822800.0,163.31,5.47,674.1,146.04,2024-07-09
1638662180,6882682666,1036273504.0,196.62,7.29,2403.55,175.83,2024-07-09
1638662180,6680596439,163351104.0,40.83,1.82,430.98,36.51,2024-07-09
1638662180,6213426389,661901305.76,1576.14,75.66,16405.83,1502.69,2024-07-09
1638662180,3469060944,464620688.0,206.28,6.41,729.35,184.47,2024-07-09
1638662180,8040844184,737882880.0,98.84,0.91,955.89,88.39,2024-07-09
6718405214,8693835331,92933575.0,65.77,14.16,263.99,70.81,2024-07-09
6718405214,8745426400,349851925.0,145.95,31.65,1222.72,157.14,2024-07-09
6718405214,4124433870,111126422.85,95.5,6.75,4533.8,102.82,2024-07-09
5594503139,8702562741,10280320033.13,38629.59,2783.82,70588.02,33662.93,2024-07-09
5594503139,6933386075,8447824746.18,124419.47,3620.49,168293.3,108422.68,2024-07-09
3963576121,4364102555,580029600.97,778.93,58.08,3470.31,691.81,2024-07-09
3963576121,6505395551,171374840.0,209.22,7.57,1230.75,185.82,2024-07-09
3963576121,9107766864,66473680.0,81.54,4.88,446.91,72.42,2024-07-09
3963576121,2290337261,178438715.0,186.68,4.75,767.85,165.8,2024-07-09
3963576121,4649654302,83259540.0,95.49,0.95,541.89,84.81,2024-07-09
3963576121,8081867096,488882940.0,694.17,4.79,4406.12,616.53,2024-07-09
3963576121,1718619365,386224487.06,436.67,5.63,1380.72,387.83,2024-07-09
3059796702,3746782976,3732879295.61,8067.47,3496.6,3612483.01,407971.28,2024-07-09
3059796702,8864383469,1075152754.71,3535.02,568.17,1195598.88,69052.56,2024-07-09
3059796702,2000353642,2655059839.07,1188.86,950.6,155948.16,72192.07,2024-07-09
3059796702,4917032890,3163087154.03,7668.28,964.14,3309908.15,69150.15,2024-07-09
2902900350,3851777118,12571207977.45,35543.21,2235.47,2447900.64,40518.02,2024-07-09
2902900350,6611122365,11268279517.93,25226.21,456.27,2279324.57,28757.0,2024-07-09
2902900350,1951412659,154801687587.45,124181.82,1910.07,8220100.13,141590.35,2024-07-09
2902900350,2814288177,22328948996.99,38379.27,555.38,2063325.97,43751.04,2024-07-09
2902900350,5511395090,16105671012.73,50110.61,633.31,3318111.59,57125.41,2024-07-09
2902900350,6676788718,8880736555.64,53808.58,1388.02,3302107.13,61340.97,2024-07-09
2902900350,6843997094,17875395430.04,8262.47,138.08,591140.88,9418.93,2024-07-09
2902900350,1872899935,18963919995.95,50485.67,619.98,2446680.56,57554.02,2024-07-09
2902900350,1356812463,13919304894.24,39877.67,551.01,1968825.32,45459.17,2024-07-09
2902900350,1047791873,14686267339.82,48183.56,880.07,3786377.89,54927.59,2024-07-09
2902900350,4218531755,28847970595.92,29418.41,573.88,1182718.08,33868.75,2024-07-09
2902900350,9322287599,17572940487.4,25144.91,503.0,1824667.01,28675.91,2024-07-09
2902900350,2933732887,8005102907.98,22668.2,449.7,2260782.99,25840.97,2024-07-09
2902900350,1234043534,29979593687.01,97702.01,1905.99,5993184.46,111377.96,2024-07-09
2902900350,9406781051,18567548869.72,72915.53,432.27,4631597.4,83122.24,2024-07-09
2902900350,2690840127,14683906938.45,65146.38,733.23,3611490.33,74265.67,2024-07-09
2902900350,7246008752,5881316584.9,17250.12,218.8,1140942.46,19762.47,2024-07-09
2902900350,8143670517,9499490786.88,35886.86,659.04,2440042.84,40912.93,2024-07-09
2902900350,9437400903,28600083779.34,43908.21,849.97,1786145.61,50067.53,2024-07-09
2902900350,5274518868,72649617279.17,104249.91,4219.95,6161877.69,118841.28,2024-07-09
2902900350,7102604883,4932290385.21,10322.54,232.02,862079.44,12585.6,2024-07-09
2902900350,7950858710,922417396.75,2822.21,61.66,196627.81,3217.22,2024-07-09
2902900350,2396538950,8849496579.0,23083.91,366.29,1850324.04,26314.86,2024-07-09
2902900350,9900733606,6759295908.93,10472.2,144.65,589076.44,11937.94,2024-07-09
2902900350,1995181786,2978865939.99,3045.77,38.63,168541.73,3472.07,2024-07-09
2902900350,9970248092,34559909203.06,45968.29,685.68,1887423.36,52486.5,2024-07-09
2902900350,3582593512,26112281635.34,36170.47,436.76,2197638.8,41233.08,2024-07-09
2902900350,6214450665,4745208950.79,5143.72,123.32,447789.56,5882.62,2024-07-09
2902900350,8021983594,49266760426.11,150212.65,2448.18,11573956.63,171251.96,2024-07-09
2902900350,8924124912,27526626643.45,82150.76,1100.08,5252221.19,93649.02,2024-07-09
2902900350,7570747071,44557097735.49,152815.0,2300.68,11538034.97,174210.12,2024-07-09
2902900350,4222861796,8343758139.76,30084.47,774.33,2090293.98,34301.57,2024-07-09
2902900350,1487098158,12622026833.19,22938.88,529.2,1566906.93,26149.53,2024-07-09
5568905640,5151825186,102619327.79,181.39,6.14,12983.44,187.99,2024-07-09
5568905640,1872370317,1649129745.0,1953.32,54.33,57008.3,2024.31,2024-07-09
5568905640,7400537566,731612582.0,1058.76,9.18,50106.28,1097.24,2024-07-09
5568905640,4859266669,176277857.0,253.95,12.35,10928.52,263.18,2024-07-09
5568905640,3795086457,2950090836.42,2859.33,59.22,84093.81,2963.25,2024-07-09
5568905640,9444128794,592716659.0,831.54,20.57,34637.53,861.77,2024-07-09
5568905640,1593605248,826442268.1,1319.4,69.28,48328.82,1367.35,2024-07-09
5568905640,4639177609,1686930312.4,1762.38,47.32,42887.6,1826.43,2024-07-09
5568905640,2459074719,3776359119.0,3527.62,75.09,93688.98,3655.83,2024-07-09
5460111518,8955838712,45950888.14,164.38,20.75,2242.04,193.86,2024-07-09
4126844175,2449611726,91035867.0,269.08,9.1,3353.97,288.17,2024-07-09
1638662180,5480325824,458604048.36,284.72,15.5,3610.85,343.01,2024-07-09
8181642239,9801992902,0.0,0.0,0.0,2.12,0.0,2024-07-09
1035543794,7804995364,0.0,0.0,0.0,5.33,0.0,2024-07-09
1035543794,6006600124,0.0,0.0,0.0,36.28,0.0,2024-07-09
2656837900,7483745038,0.0,0.0,0.0,17.02,0.0,2024-07-09
2656837900,2945663229,0.0,0.0,0.0,3.78,0.0,2024-07-09
2656837900,8206394479,21552.0,1.04,0.0,64.31,1.02,2024-07-09
3618949692,2469494668,6843837.0,0.98,0.0,105.77,1.04,2024-07-09
2902900350,1895816152,10087.0,0.92,0.0,134.33,1.05,2024-07-09
8181642239,4150002374,1828092.0,1.8,0.0,21.2,2.16,2024-07-09
2338105289,6141094342,18596.0,1.91,0.0,22.94,1.87,2024-07-09
2212125296,6652402212,22907616.0,2.04,0.0,10.73,1.9,2024-07-09
3618949692,3201800528,3138828.0,3.93,0.0,224.3,4.16,2024-07-09
5073206805,8803997058,9497446.0,5.95,0.97,42.45,5.57,2024-07-09
5073206805,6545003352,9924924.0,5.95,0.97,24.25,5.57,2024-07-09
5073206805,5773681103,6328533.0,6.94,0.0,139.46,6.5,2024-07-09
3618949692,3097436182,6893502.0,6.88,1.07,61.09,7.29,2024-07-09
3618949692,1207477902,10677975.0,6.88,1.07,238.89,7.29,2024-07-09
5073206805,8815706911,7406521.0,7.93,0.97,104.09,7.43,2024-07-09
5982728792,9769488780,42113249.2,9.61,0.0,7984.56,2953.03,2024-07-09
5073206805,3040097677,10928568.0,11.9,1.94,75.8,11.14,2024-07-09
7861628118,6246467046,21286496.0,12.46,0.0,165.1,13.11,2024-07-09
2656837900,2757176174,2532360.0,13.49,0.0,488.03,13.24,2024-07-09
3618949692,9040172038,3834138.0,12.78,3.2,20.06,13.54,2024-07-09
5007176908,2099106863,33921004.0,13.61,3.06,80.8,12.05,2024-07-09
3963576121,6776326615,6268535.0,13.95,0.95,53.99,12.39,2024-07-09
2656837900,1999681134,2306064.0,15.56,0.0,593.02,15.27,2024-07-09
1035543794,9931275961,7179089.61,16.89,0.0,888.81,112.69,2024-07-09
6718405214,7204879074,42991249.79,14.41,5.0,144.27,15.52,2024-07-09
3618949692,9615206344,28299117.0,16.71,1.07,67.47,17.7,2024-07-09
2997065377,3597257053,39939438.0,17.71,6.56,58.13,16.73,2024-07-09
3618949692,6624348198,25378815.0,21.63,1.07,91.18,22.91,2024-07-09
2656837900,7531249950,7435440.0,25.94,0.92,490.87,25.46,2024-07-09
1638662180,5962677442,179701424.0,26.86,3.65,285.48,24.02,2024-07-09
4590233378,1343337661,50505008.29,28.22,0.0,10221.41,26.82,2024-07-09
9823895920,6672559351,90428825.02,27.5,16.97,308.59,28.26,2024-07-09
5073206805,5464138204,48565218.0,27.76,2.9,180.9,26.0,2024-07-09
2656837900,7217956739,2780208.0,29.05,0.92,725.43,28.51,2024-07-09
5568905640,2991650555,46630597.0,32.46,2.05,804.91,33.64,2024-07-09
4695215334,6209641996,317721024.0,39.88,5.15,1059.94,42.37,2024-07-09
3618949692,3622151857,67216611.0,41.29,0.0,215.18,43.73,2024-07-09
6718405214,6011521900,37961595.53,37.84,4.33,868.7,40.74,2024-07-09
5007176908,8561532843,556532648.0,46.05,24.51,359.0,40.78,2024-07-09
5568905640,5816261901,37759995.0,44.87,1.02,1357.85,46.5,2024-07-09
2830511829,8805696106,188255969.06,49.73,40.46,361.17,55.36,2024-07-09
2212125296,1158013787,141952193.06,53.96,0.0,3450.88,273.43,2024-07-09
9823895920,8898743150,128408532.0,55.0,20.15,320.63,56.52,2024-07-09
1638662180,5490046014,243234096.0,58.02,4.56,184.18,51.88,2024-07-09
3618949692,2761618346,311389617.0,54.06,4.27,283.57,57.27,2024-07-09
2656837900,5453948382,48341136.0,63.29,2.09,1368.57,62.12,2024-07-09
5007176908,9655669412,108809200.0,64.9,15.32,299.68,57.47,2024-07-09
2997065377,3683032015,105354216.0,66.69,22.96,158.55,63.0,2024-07-09
1638662180,4322043999,396449088.0,75.21,11.4,758.82,67.26,2024-07-09
3066661500,6568645403,87891112.0,82.2,18.78,291.12,86.85,2024-07-09
2344918624,1365052247,176071560.0,93.1,25.06,193.09,89.84,2024-07-09
3618949692,1069554114,277845876.0,88.47,4.29,1885.6,93.71,2024-07-09
1638662180,7919885028,654556000.0,96.7,3.65,1086.66,86.47,2024-07-09
2656837900,1252682934,28599504.0,99.61,0.0,2049.55,97.76,2024-07-09
3963576121,9942113440,84954870.0,110.51,1.92,645.87,98.15,2024-07-09
3066661500,2728101765,147314378.73,106.38,46.96,764.19,112.4,2024-07-09
2344918624,2569335345,170766000.0,164.29,46.86,1515.1,158.55,2024-07-09
1638662180,9077048263,1001986720.0,161.16,4.56,482.55,144.12,2024-07-09
2830511829,3860904482,405776090.0,169.1,62.61,803.26,154.28,2024-07-09
1638662180,4540395099,574683872.0,211.66,5.93,633.58,189.28,2024-07-09
8181642239,6311186256,169137300.99,233.31,6.33,7677.24,280.32,2024-07-09
1638662180,9043239951,1279605376.0,392.16,14.77,1305.84,350.69,2024-07-09
7220654458,4411942258,100004625.0,371.45,199.89,1530.63,350.13,2024-07-09
1638662180,7964728188,1415850800.0,403.97,24.61,980.76,361.26,2024-07-09
3487944451,8480228235,422598293.34,480.43,7.33,2036.59,509.67,2024-07-09
7192602240,5686559060,760651760.0,560.57,11.88,1010.59,573.66,2024-07-09
7192602240,3506484865,325367389.4,363.53,3.06,17034.86,384.95,2024-07-09
7192602240,4008705708,24396355.8,583.75,484.17,30568.47,597.38,2024-07-09
7192602240,6444498425,13642834.35,255.0,206.28,2943.69,989.88,2024-07-09
7192602240,5532889818,11343014.61,128.55,99.4,2435.49,733.24,2024-07-09
7192602240,9111403695,311353194.78,278.18,1.71,18229.38,355.84,2024-07-09
2009937203,4006206650,401338557.98,1165.65,89.49,1374.38,1194.76,2024-07-09
2009937203,1226427383,377794849.09,255.27,8.83,10705.97,581.09,2024-07-09
2009937203,3983529456,759265272.22,1054.93,46.24,59649.36,1083.37,2024-07-09
9061489677,7076658116,521145393.46,132.85,1.6,447.22,118.68,2024-07-09
6096057999,5336250406,5686794048.0,522.14,11.11,11935.57,520.33,2024-07-09
6096057999,7227711162,1291546024.0,313.49,8.59,1805.35,312.4,2024-07-09
6096057999,5662612239,3466637480.0,346.75,6.99,10978.59,345.55,2024-07-09
6096057999,4071969044,132812804.0,36.29,0.0,508.2,36.16,2024-07-09
6096057999,9619923528,3867608.0,2.02,0.0,48.16,2.01,2024-07-09
7954325167,3348231639,1012075064.0,213.28,21.34,1690.55,220.89,2024-07-09
7954325167,6024835393,171563124.1,1263.32,106.56,18423.87,2309.39,2024-07-09
7954325167,6997996953,999877760.0,182.53,16.39,1364.54,189.05,2024-07-09
7954325167,8234445409,481008320.0,503.41,46.94,3231.43,521.38,2024-07-09
7954325167,4495433974,1326795624.0,171.97,21.17,362.92,178.1,2024-07-09
7954325167,1818867866,1078773020.0,889.61,123.75,6039.45,921.37,2024-07-09
7954325167,4215430353,431825193.47,4781.4,649.9,102472.84,6727.19,2024-07-09
7954325167,2027030020,279537684.0,26.9,2.13,270.65,27.86,2024-07-09
7954325167,9112595358,2295177704.6,949.17,29.23,19556.72,2159.15,2024-07-09
7954325167,8964027578,54077774.48,3.84,2.13,6418.78,5137.19,2024-07-09
5220099305,4568658460,55872342.0,19.06,2.93,83.37,17.67,2024-07-09
5220099305,6369925877,40078836.0,16.94,0.98,68.4,15.7,2024-07-09
2908459842,6849057357,404461515.16,200.15,16.82,1400.28,227.71,2024-07-09
6617865151,8057753435,343157569.34,381.08,47.2,5686.33,336.08,2024-07-09
6617865151,6528345021,84760918.75,262.74,1965.31,74615.97,231.72,2024-07-09
6617865151,8317646362,51738385.02,81.43,893.32,34433.94,72.77,2024-07-09
4434935446,8535840933,108036711.63,59.7,25.94,757.53,64.69,2024-07-09
4434935446,7694252561,548472413.86,500.53,104.74,16855.32,2045.34,2024-07-09
4434935446,8201401774,34841541.44,15.61,6.73,275.9,17.92,2024-07-09
4434935446,4358276183,78041498.83,30.31,11.53,475.0,32.84,2024-07-09
4434935446,4660790053,741477733.02,641.04,236.38,18008.21,4436.05,2024-07-09
4434935446,3927753772,384426938.24,369.2,86.48,6121.88,849.99,2024-07-09
4434935446,5311227000,17912973.13,18.37,10.57,1266.66,21.9,2024-07-09
4434935446,4950338471,74761812.6,33.98,9.61,1810.87,53.75,2024-07-09
4434935446,8765422900,402945235.91,416.04,100.89,10077.35,1016.2,2024-07-09
4434935446,1031513478,9920875.27,16.53,33.63,3815.15,111.47,2024-07-09
1020002691,9598146429,143787700.0,39.33,3.64,459.02,36.27,2024-07-09
1885813372,7292055255,1043936635.38,889.7,59.73,15171.0,4203.92,2024-07-09
1885813372,1641686735,93586299.62,586.82,207.59,6668.7,635.49,2024-07-09
1885813372,9602515501,157830786.8,1487.48,255.49,27190.53,1631.81,2024-07-09
1885813372,9471693331,96459056.12,631.65,299.36,7800.79,686.11,2024-07-09
1885813372,6390010854,65264255.02,710.36,159.16,11572.5,767.97,2024-07-09
1885813372,1904128808,61540796.12,498.15,148.21,7808.53,538.55,2024-07-09
1885813372,8547905184,38125814.59,179.33,123.9,626.04,193.88,2024-07-09
9095094092,6413476554,79599690.19,205.22,0.97,7244.26,214.7,2024-07-09
9095094092,5229776415,100337809.91,124.46,0.97,4870.63,238.45,2024-07-09
9095094092,6332235627,1020861306.0,176.72,0.97,2355.28,176.7,2024-07-09
9095094092,4639728487,33019070.62,109.26,2.92,28153.2,109.25,2024-07-09
3841673253,8869552614,2044796802.0,2165.7,275.7,20612.38,2191.05,2024-07-09
8474378044,3486293439,2828193940.0,2770.59,1027.54,17453.15,2389.8,2024-07-09
8474378044,4448119828,1386077990.0,482.54,185.53,5068.66,416.22,2024-07-09
3020795441,7793684943,1391597539.0,371.49,13.58,3742.42,380.71,2024-07-09
3020795441,9722165231,539507436.53,249.26,5471.54,258480.67,104559.64,2024-07-09
3020795441,9312518490,1961742253.03,12781.63,12249.02,3074814.0,49679.93,2024-07-09
3020795441,3776621889,1560484769.69,2246.24,8900.15,1535156.25,174529.73,2024-07-09
3020795441,8742591265,775124478.82,4468.42,1433.07,1031306.13,14698.83,2024-07-09
6896348925,9064556136,1998360055.0,2011.57,7.37,23536.03,1923.29,2024-07-09
6896348925,7459342979,713874992.0,1578.28,9.21,24390.51,1509.02,2024-07-09
6896348925,2843321247,718891885.0,1629.59,0.0,20580.22,1558.08,2024-07-09
9566447651,5676327830,236662790.0,63.92,7.95,914.42,62.6,2024-07-09
9566447651,7569006169,470472711.89,209.9,2.96,11254.9,211.15,2024-07-09
2977761935,3116608419,181093624.41,101.34,24.32,70629.14,22707.36,2024-07-09
6835683414,4458422384,1367276386.62,26242.36,91.66,1482713.97,26353.44,2024-07-09
3086145695,1782033956,1089126559.5,1364.03,8.94,18505.19,1222.03,2024-07-09
3086145695,6335093711,532738482.0,617.79,2.61,11210.25,553.48,2024-07-09
3086145695,6974743624,300321475.94,567.9,1.97,2465.97,508.78,2024-07-09
3086145695,7048810931,479918796.0,400.19,1.94,8935.99,358.53,2024-07-09
3086145695,3460617103,959068506.68,2097.52,4.85,12989.34,1879.18,2024-07-09
3086145695,5339572796,210801770.0,158.16,0.02,4128.94,141.7,2024-07-09
3086145695,7088147105,712443621.0,698.47,1.31,20500.09,625.76,2024-07-09
3086145695,6995670919,404867974.0,385.32,0.07,6824.96,345.21,2024-07-09
3086145695,4747566098,1705981863.85,2670.73,34.02,6223.54,2392.72,2024-07-09
5082057286,6387857551,107339013.37,92.3,0.0,597.27,95.74,2024-07-09
5082057286,6490168587,5312009262.16,4217.87,26.84,454542.26,4833.59,2024-07-09
5082057286,6231057249,2037992066.3,1666.48,6.02,166620.51,1988.59,2024-07-09
5082057286,7983059613,1289155114.39,26892.45,9930.91,708167.97,27892.24,2024-07-09
5082057286,2753258339,418690239.24,9023.68,0.0,290124.01,9479.87,2024-07-09
5128952228,1551397543,1322751039.9,4.14,0.0,1468.57,1148.24,2024-07-09
5128952228,9930103271,1404867791.73,20.68,3.23,695.13,94.85,2024-07-09
5128952228,1236415031,13763770302.82,150.99,32.52,2586.19,149.33,2024-07-09
7757875170,5136913048,26140368409.82,591.54,764.43,27336.63,639.15,2024-07-09
7757875170,4365941222,11549344370.12,345.22,287.39,14707.23,373.0,2024-07-09
7757875170,6571986238,5205477498.0,155.67,211.7,2446.67,168.2,2024-07-09
7757875170,1507696332,734810121130.99,5627.89,19.46,400861.51,7398.73,2024-07-09
7757875170,1175050870,9137971366.13,179.48,508.7,4018.66,193.92,2024-07-09
7757875170,5341551241,237729246937.37,2194.02,1430.6,291536.58,21837.05,2024-07-09
7757875170,9649439618,1262913177695.01,11809.78,543.69,1660357.6,82707.9,2024-07-09
7757875170,3935678316,208544678992.5,78.75,771.29,247245.01,188067.13,2024-07-09
7757875170,4947098637,30810532634.05,39.38,4.2,139531.49,42.54,2024-07-09
4571331389,2661434672,77170206030.55,246.59,148.43,3569.28,752.35,2024-07-09
8018066855,6771028402,1880763755.16,26.47,0.0,994.57,30.8,2024-07-09
2009975355,9957291008,31703327197.59,55.04,10.45,202.69,55.79,2024-07-09
2009975355,3113344520,284955755.84,2.95,0.91,109.0,17.93,2024-07-09
5171899165,4224647241,1030363248.64,1130.76,132.62,57250.9,1073.08,2024-07-09
4539006085,5295510099,2138340596.42,2931.7,109.65,100748.32,21039.05,2024-07-09
4539006085,1852112676,234163896.89,536.12,9.8,5148.39,582.22,2024-07-09
4539006085,2269734252,374882646.57,1845.52,1280.44,33115.46,2004.23,2024-07-09
4539006085,6727961487,217562072.0,393.62,13.02,4854.41,427.47,2024-07-09
4539006085,7932418416,1051554923.25,1240.64,32.62,8330.77,1347.34,2024-07-09
4539006085,8378401490,356838887.51,542.1,21.95,17015.24,3253.09,2024-07-09
8009589948,4009560141,796904552.28,6733.63,1007.56,97084.87,15002.67,2024-07-09
8009589948,1290380023,49795425.42,76.16,25.91,1915.24,83.5,2024-07-09
3155375047,5530379259,205719845.11,123.71,12.0,1460.6,110.53,2024-07-09
3155375047,4196694573,52844475.34,13.63,6.18,1925.2,963.86,2024-07-09
1138743890,2210848868,11560139754.46,11419.77,566.39,727113.49,13815.99,2024-07-09
1138743890,9903728134,529327654.0,1873.73,57.28,97978.2,2200.45,2024-07-09
1138743890,4680974028,1861487966.27,4606.45,293.11,338551.71,5677.18,2024-07-09
1138743890,2133958043,269253812.54,542.94,6.79,13447.78,880.81,2024-07-09
7187956485,5560525804,757351589.9,1374.02,58.87,15289.05,1486.59,2024-07-09
7187956485,4194718592,1001013559.34,1616.6,8915.74,30913.66,1749.05,2024-07-09
7187956485,5311237190,544263309.27,309.41,688.26,17584.58,334.76,2024-07-09
7187956485,6596978266,424286231.78,308.49,11.74,3022.87,333.76,2024-07-09
7187956485,1179319468,807726348.16,883.36,19.26,6634.93,955.74,2024-07-09
7187956485,4948876257,166206784.0,237.09,848.65,3755.15,256.51,2024-07-09
7187956485,3214305264,837888303.24,867.8,2523.01,19181.39,938.9,2024-07-09
7187956485,4491703485,491672432.0,324.05,7.27,3554.81,350.6,2024-07-09
7187956485,3917037992,892935341.28,570.29,1393.36,15503.21,617.02,2024-07-09
7187956485,6356990607,733266115.36,1976.35,152.15,704395.93,2138.27,2024-07-09
7187956485,5349331482,1030011524.67,6443.5,68.24,1423165.07,6971.43,2024-07-09
7187956485,6783457530,740905015.93,2368.14,152.15,653104.76,2562.16,2024-07-09
7187956485,9011678976,72425536.0,65.91,104.65,1823.79,71.31,2024-07-09
7187956485,6363224390,367853184.0,255.4,973.6,4293.02,276.32,2024-07-09
7187956485,8386372359,36421728.0,16.48,0.0,99.68,17.83,2024-07-09
1848619060,8403334195,485271488.53,247.25,3.9,19766.82,3800.57,2024-07-09
1848619060,3428468128,83243552.13,94.63,0.0,9254.25,5827.33,2024-07-09
1848619060,7565701919,77790230.29,62.07,2.09,16188.3,83.96,2024-07-09
3979990204,6362239772,2008611796.51,1465.88,27.98,109386.65,3227.96,2024-07-09
3979990204,3056539348,12432493370.82,7586.96,91.6,629806.78,11715.87,2024-07-09
3979990204,7675619656,8131903895.89,3835.48,946.71,724887.39,18715.49,2024-07-09
3979990204,5720266692,10524640.0,5.54,0.0,262.49,5.71,2024-07-09
3979990204,9517574814,995162923.6,7034.95,0.0,213579.87,7256.72,2024-07-09
3979990204,8911219393,91498589.0,64.62,18.58,148.9,66.65,2024-07-09
6727254708,4417040446,1058314800.0,1427.16,27.57,44959.61,1422.77,2024-07-09
6727254708,6363425590,105366420.0,45.19,0.98,412.36,45.05,2024-07-09
6727254708,7941954794,8271998070.24,7615.93,96.21,526186.82,7595.28,2024-07-09
6727254708,4134927150,70730598.3,72.49,34.34,17842.82,2833.33,2024-07-09
6727254708,3147772559,1242872048.28,852.91,39.25,142602.34,15065.74,2024-07-09
6727254708,7735134005,559788192.72,2308.31,6774.24,55053.15,2301.2,2024-07-09
6727254708,9797989145,6153572626.9,6746.07,126.62,389978.13,6863.25,2024-07-09
6727254708,6591498006,2053879290.77,2595.44,74.92,123129.67,2719.77,2024-07-09
6727254708,8977029651,2184605338.55,14070.16,37410.69,598037.46,14026.82,2024-07-09
6727254708,3210729350,1035334298.87,1057.19,8.17,60755.06,1144.97,2024-07-09
6727254708,3094767413,653799741.12,753.12,4.2,72457.84,775.2,2024-07-09
6727254708,2221325639,2374844737.42,4145.93,37.88,188423.78,4289.88,2024-07-09
6727254708,7638427328,2313456456.5,3192.29,39.22,166618.18,3255.66,2024-07-09
6727254708,5428795490,892339720.6,1727.47,17.48,112939.22,1724.96,2024-07-09
6727254708,1848628479,2185896777.82,4332.32,41.51,277094.58,4333.05,2024-07-09
6727254708,6038097513,1994909448.22,3700.64,44.35,179552.88,3830.02,2024-07-09
4765961919,7822116306,2585190060.0,8291.93,57.86,205521.92,7653.83,2024-07-09
4765961919,2264434474,1467421661.23,3631.24,50.45,109512.38,3351.8,2024-07-09
4765961919,5270170941,6443027054.55,10891.74,206.79,472033.81,10054.49,2024-07-09
4765961919,9059403974,1082935444.15,4383.79,91.54,250314.42,4046.44,2024-07-09
4765961919,8666345199,1751184994.31,5075.03,140.9,293518.53,4928.21,2024-07-09
4765961919,7433118976,405346448.3,441.05,3.28,20262.89,440.88,2024-07-09
4765961919,9862964062,2344865491.29,6016.47,102.15,214105.23,5556.21,2024-07-09
4765961919,3504030680,448071750.0,1376.55,8.18,41875.48,1270.62,2024-07-09
4765961919,7566547729,133984980.0,162.18,0.28,6713.08,149.7,2024-07-09
4765961919,3875433853,1585188090.0,1807.71,35.62,68587.83,1668.6,2024-07-09
4765961919,6091608057,3009279542.36,8731.0,189.48,450472.98,8137.61,2024-07-09
4765961919,9639355386,5065728284.89,9112.71,198.91,536971.29,8486.3,2024-07-09
4765961919,5147959448,368684910.66,1372.59,381.89,210874.75,11490.33,2024-07-09
4765961919,7047568737,1839461417.27,34379.11,556.22,54451.36,31733.49,2024-07-09
4765961919,1587259008,2290822307.24,43035.94,28.98,1728961.64,39805.38,2024-07-09
4765961919,7124026015,2073432885.78,37372.51,14.69,1347686.15,34740.26,2024-07-09
5660113447,3468528899,2237822717.4,2033.38,33.16,9994.74,1951.62,2024-07-09
5660113447,9536128267,1208109336.61,1572.59,33.98,96236.07,4983.04,2024-07-09
2990144704,8914597988,1721370442.78,125.3,166.58,178.79,124.99,2024-07-09
2990144704,4807839726,96343690847.68,642.68,252.31,94025.09,44675.57,2024-07-09
7949948303,4305518779,30658245.45,59.6,29.26,388.92,62.37,2024-07-09
1430064570,7762759321,301664316.18,497.62,40.69,6940.51,447.37,2024-07-09
1430064570,1782332920,152836805.88,150.49,1.85,2426.26,151.75,2024-07-09
1430064570,2931608699,115874746.03,263.64,3.24,3773.42,239.45,2024-07-09
1430064570,5234067991,44569880.0,36.25,0.0,322.45,32.52,2024-07-09
1430064570,6705694970,53091145.0,30.76,0.0,289.81,27.59,2024-07-09
1430064570,5145879059,101343130.31,52.73,0.0,2523.19,275.91,2024-07-09
1430064570,8101993487,39130139.3,10.98,0.0,14915.63,2316.68,2024-07-09
1430064570,5299797230,14351464.72,12.08,0.0,9919.68,10.84,2024-07-09
1430064570,7481618439,28495035.0,19.77,0.92,152.32,17.74,2024-07-09
1430064570,7929233476,182463785.24,98.87,0.92,1161.2,106.42,2024-07-09
8000140564,1359798990,468441834.23,416.34,31.02,2857.33,393.98,2024-07-09
8000140564,2814787845,147908248.14,63.17,5.72,673.75,59.78,2024-07-09
8000140564,8148910068,352759302.0,158.88,29.82,1034.66,150.35,2024-07-09
8000140564,2630790802,295976240.0,146.44,22.41,1071.84,138.57,2024-07-09
8000140564,5428471916,230995888.05,106.24,21.36,554.05,100.53,2024-07-09
8000140564,4839082660,72017525.99,38.28,6.35,264.79,36.23,2024-07-09
8000140564,6450666241,166700398.44,105.28,9.11,827.91,99.63,2024-07-09
8000140564,8042770435,367198485.57,179.93,15.76,1384.68,170.27,2024-07-09
8000140564,7631788624,53546458.0,33.5,1.13,84.33,31.7,2024-07-09
8000140564,8822076937,85667226.52,88.05,17.44,234.86,83.32,2024-07-09
8000140564,1425089400,451741932.64,371.35,30.43,2268.81,351.41,2024-07-09
8000140564,6861586485,184364292.0,88.05,2.1,219.45,83.32,2024-07-09
8000140564,6566061150,366563494.39,156.01,7.71,1155.26,147.63,2024-07-09
8000140564,2032517554,219466360.59,166.54,22.53,1265.89,157.59,2024-07-09
8000140564,8850063753,125657588.0,40.2,1.84,109.72,38.04,2024-07-09
8000140564,2253031672,80011614.21,68.91,7.98,150.53,65.21,2024-07-09
8000140564,8915708680,279630372.0,253.63,17.28,596.67,240.01,2024-07-09
8000140564,6932659090,114303068.2,100.5,6.08,443.43,95.1,2024-07-09
8000140564,9250987791,320600423.99,188.55,16.81,2274.25,178.42,2024-07-09
8000140564,8697411426,445460526.0,119.64,29.94,466.1,113.21,2024-07-09
8000140564,7087997498,311266273.83,204.82,5.73,5273.95,195.63,2024-07-09
8000140564,7746577361,163812272.88,183.76,4.19,2754.86,175.71,2024-07-09
8000140564,3748755510,116506140.06,59.34,6.3,885.94,56.15,2024-07-09
8000140564,7162156694,550804875.85,183.76,15.24,5426.29,177.52,2024-07-09
8000140564,5116056585,119172721.1,65.08,3.15,2168.16,62.49,2024-07-09
8000140564,2434912117,710317329.48,592.44,36.3,7122.01,574.21,2024-07-09
8000140564,7369273684,77171533.89,56.47,2.09,710.02,57.06,2024-07-09
8000140564,1849538785,114002522.03,73.7,10.52,1091.79,75.17,2024-07-09
8000140564,4641876052,71365884.63,27.76,17.86,531.38,28.98,2024-07-09
8000140564,6211815059,1300288707.58,1000.17,66.09,9398.98,958.23,2024-07-09
8000140564,1844245506,344443876.0,220.13,31.0,1861.66,208.31,2024-07-09
8000140564,1642529296,478393751.33,336.9,9.49,24648.64,395.79,2024-07-09
8000140564,9075039806,43037926.43,22.01,3.51,184.08,21.74,2024-07-09
8000140564,4322279418,665376572.0,310.1,48.14,3353.35,293.45,2024-07-09
8000140564,1686256649,347619412.0,187.59,13.81,468.82,177.52,2024-07-09
8000140564,6342490239,595290864.0,303.4,33.17,839.7,287.11,2024-07-09
8000140564,7686334205,520553810.0,204.82,13.06,1425.49,193.82,2024-07-09
8000140564,5736100848,86899904.46,38.28,0.0,169.57,36.23,2024-07-09
8000140564,3514229651,80388221.58,29.67,0.0,451.59,32.61,2024-07-09
8000140564,3611884080,219488570.0,165.58,4.2,458.84,156.69,2024-07-09
8000140564,9452923654,127347136.0,72.74,4.2,505.99,68.83,2024-07-09
8000140564,7880576243,72461898.49,44.98,1.58,1634.96,44.38,2024-07-09
8000140564,1735350712,470720456.37,247.89,18.91,1794.56,234.58,2024-07-09
8000140564,9621784460,208353606.96,133.04,8.41,360.0,125.89,2024-07-09
8000140564,3559894019,223394865.03,73.7,5.78,460.65,69.74,2024-07-09
8000140564,1960848218,102593275.13,42.11,3.15,1138.03,45.29,2024-07-09
8000140564,8011185110,209880627.57,125.38,9.98,1465.39,123.18,2024-07-09
8000140564,6917650996,130059554.68,50.73,7.35,467.91,48.0,2024-07-09
8000140564,8498327917,32818852.1,34.46,2.1,304.68,32.61,2024-07-09
8000140564,2243928739,247122264.42,104.32,6.3,800.7,98.72,2024-07-09
8000140564,7566066340,201168170.0,120.59,1.05,340.05,114.12,2024-07-09
8000140564,3390660189,51724596.0,21.06,1.05,72.54,19.93,2024-07-09
8000140564,2538591429,46370968.0,13.4,1.05,83.43,12.68,2024-07-09
8000140564,7323287483,234423693.92,133.99,25.22,1044.63,126.8,2024-07-09
8000140564,2897337229,102469540.16,59.34,5.25,435.26,56.15,2024-07-09
8000140564,4470137380,250663784.0,107.2,5.25,270.23,101.44,2024-07-09
8000140564,9095205024,79581782.0,27.76,5.25,191.33,26.27,2024-07-09
8000140564,6835413833,108522592.18,43.07,5.25,1036.47,41.66,2024-07-09
8000140564,5383985748,123927328.0,55.51,5.65,382.67,52.53,2024-07-09
5509067989,4711826383,92187684.0,42.72,0.54,275.3,46.43,2024-07-09
5509067989,9673455954,47876712.0,20.86,0.0,66.15,22.67,2024-07-09
5509067989,2290075946,199344231.69,3863.72,0.0,100680.91,8997.14,2024-07-09
5509067989,6984569049,197169456.0,125.18,3.96,1581.77,136.04,2024-07-09
6991056822,8034712815,321192241.45,929.93,441.6,20853.14,929.03,2024-07-09
6991056822,5766394111,522704353.94,1744.42,969.02,26914.06,1729.14,2024-07-09
6991056822,3193959638,10060608.0,627.86,0.0,1403.62,620.06,2024-07-09
6991056822,3737602943,21172632.0,1240.62,0.0,2619.85,1225.21,2024-07-09
5984451547,1061321074,113403500.84,39.28,20.37,91.48,33.45,2024-07-09
5984451547,5976038556,3868841260.12,21042.7,664.98,1350590.1,17916.76,2024-07-09
5984451547,2398834670,75801813.0,41.47,3.83,59.66,35.31,2024-07-09
7526521017,7414501658,2141297888.0,622.18,18.01,1356.02,656.88,2024-07-09
7526521017,1636669033,350154976.0,61.44,0.0,578.85,64.86,2024-07-09
7526521017,6108661764,140727327.47,78.99,0.0,6058.32,706.31,2024-07-09
8367057304,1905604235,68478137.0,16.3,0.0,435.85,18.37,2024-07-09
6287055608,4976565394,19169290326.55,68.29,23.68,3242.82,77.69,2024-07-09
2156171975,8321544768,51825556.84,2.95,0.0,4.03,3.22,2024-07-09
3878840424,4126371401,3283834673.01,977.17,22.8,19290.62,965.71,2024-07-09
3878840424,2141041580,14228795671.45,3912.5,59.5,56360.56,3866.62,2024-07-09
3878840424,9638623258,4320856641.45,1179.67,17.7,23086.35,1165.84,2024-07-09
3878840424,7008561256,11547097521.5,4315.59,51.2,97129.98,4697.34,2024-07-09
3878840424,5827362456,8659503309.53,2277.2,51.18,9551.19,2250.5,2024-07-09
3878840424,5360352728,315990220.62,3383.32,0.0,95875.67,3343.65,2024-07-09
2775728868,7830880239,25374515.39,98.51,6.83,267.04,85.55,2024-07-09
3313050187,2870818332,2070289928.94,1623.31,978.21,39738.34,1603.5,2024-07-09
4969504105,8881982271,5087020443.91,3592.6,368.18,118721.75,3436.0,2024-07-09
4969504105,8721336193,179807720.14,103.39,14.63,816.75,96.61,2024-07-09
4969504105,6797586187,38719.03,2.01,0.0,10.42,2.79,2024-07-09
4969504105,2584498563,11304109.43,16.06,0.0,154.44,14.86,2024-07-09
4969504105,3826897244,99510956.6,125.48,0.0,2239.89,116.11,2024-07-09
4969504105,2377430029,82669612.26,49.19,3.91,491.75,67.81,2024-07-09
4969504105,6039544683,103040605.98,105.4,7.82,744.74,98.46,2024-07-09
4969504105,1137288043,118845912.5,64.24,1.95,1897.84,63.17,2024-07-09
4969504105,2231424269,79074373.14,44.17,1.95,531.55,43.66,2024-07-09
4969504105,3820203015,114676806.2,26.1,0.98,1203.33,91.96,2024-07-09
4969504105,1627501892,49706144.66,24.09,0.98,338.26,26.01,2024-07-09
4969504105,7657655870,238389687.18,136.52,0.98,5957.88,128.19,2024-07-09
5954988949,6567593597,28694259483.56,835.84,341.35,53345.85,709.0,2024-07-09
5954988949,5012601188,1418642427586.4,94202.88,16001.28,3293949.04,291321.97,2024-07-09
5954988949,6127894496,411391035594.97,5873.82,1822.0,704019.64,286589.73,2024-07-09
3551284065,1189084818,796442525.0,557.55,4.83,5357.33,562.48,2024-07-09
3551284065,8079664411,1606038475.0,720.82,7.57,7404.59,727.19,2024-07-09
3551284065,2669997652,256961930.0,121.53,1.69,701.57,122.6,2024-07-09
3551284065,1089674103,664084293.75,286.66,2.89,3091.6,289.19,2024-07-09
6853780578,7489097484,127881769.22,2456.18,0.93,5547.66,2846.71,2024-07-09
9792369345,8295493377,9126784.81,53.6,56.47,5231.23,3430.35,2024-07-09
3017575657,4843243076,1273942337.51,1058.49,376.31,31648.19,1340.01,2024-07-09
3017575657,7880712419,479410456.17,453.48,81.49,18781.72,920.38,2024-07-09
3017575657,1614985433,436860773.25,289.97,75.99,11977.22,546.82,2024-07-09
3017575657,5105416598,615859419.22,486.18,79.66,13421.11,1023.53,2024-07-09
3017575657,8346324433,1075564986.29,1193.66,210.59,40623.06,2780.16,2024-07-09
3017575657,7384271920,639185549.4,516.71,52.19,18519.47,1408.11,2024-07-09
3017575657,4152357966,132629868.32,89.39,20.14,4426.14,145.22,2024-07-09
3017575657,5208105534,206470640.24,118.82,22.89,3532.88,126.19,2024-07-09
1366387738,7335747442,1396853685.81,650.07,8.03,54443.19,2265.52,2024-07-09
1366387738,3061330228,129447754.0,44.44,3.02,165.56,42.28,2024-07-09
9421916553,6582784664,83601807.79,22.75,0.0,2170.93,878.45,2024-07-09
9421916553,2328432792,210038899.66,81.69,2.16,26179.86,3598.07,2024-07-09
7825259319,7022685107,7233823169.77,416.77,107.58,860.55,447.3,2024-07-09
7825259319,3213728812,248080242.43,21.25,11.52,37.55,22.81,2024-07-09
3941929869,6645625717,4986039743.52,87.7,60.2,160.71,92.99,2024-07-09
3941929869,9451042034,3982656767.38,443.4,285.28,834.72,470.11,2024-07-09
3941929869,5355702391,19647451588.98,362.51,187.12,910.69,384.35,2024-07-09
6591765169,4658508331,16529780.0,13.81,0.0,215.06,14.09,2024-07-09
6591765169,7816992429,25893890.0,20.71,0.0,346.38,21.14,2024-07-09
6747103943,8391479111,3287538217.02,995.5,0.0,1524744.96,19129.78,2024-07-09
5928471422,8674892554,22515038.0,18.55,0.0,335.12,17.04,2024-07-09
5928471422,9929581770,99858824.0,119.53,0.97,3922.26,109.79,2024-07-09
5928471422,4167948901,171426970.0,207.11,0.0,4962.27,190.25,2024-07-09
5928471422,5458642515,149131008.0,217.41,1.04,4056.12,199.71,2024-07-09
5928471422,3779138848,153861058.0,238.02,6.22,5821.61,218.64,2024-07-09
5928471422,8676621957,224712228.0,249.36,3.95,5412.53,229.05,2024-07-09
5928471422,7051951348,342913688.0,257.6,9.55,5381.64,236.63,2024-07-09
5928471422,9627551459,354962868.0,324.58,7.53,8052.33,298.15,2024-07-09
5928471422,4033758918,2108130376.15,2431.74,66.12,45297.88,2233.74,2024-07-09
5966024179,2299488514,958664881.97,16895.91,250.79,1016384.46,18872.29,2024-07-09
3818150017,8122939110,118281375.0,146.71,30.13,252.81,162.67,2024-07-09
3851958960,9921036229,1315239.0,10.94,0.0,47.05,9.84,2024-07-09
3851958960,2399471509,4261456.7,61.25,2.77,75.93,55.11,2024-07-09
3144474603,7430488812,5463448.0,2.19,0.0,15.43,2.14,2024-07-09
3144474603,7652696084,15207956.0,2.19,0.0,32.68,2.14,2024-07-09
3144474603,7040614133,5544992.0,2.19,1.1,12.71,2.14,2024-07-09
3144474603,6167511485,4352411.0,2.19,0.0,29.05,2.14,2024-07-09
3144474603,6938393655,11273458.0,3.28,0.0,29.96,3.21,2024-07-09
3144474603,7801735246,13057233.0,3.28,0.0,37.22,3.21,2024-07-09
3144474603,2924289979,13811515.0,4.38,0.0,33.59,4.27,2024-07-09
3144474603,5689524346,25268447.0,5.47,1.1,68.09,5.34,2024-07-09
3144474603,6894208979,16451502.0,5.47,3.39,48.12,5.34,2024-07-09
3144474603,7863264203,13842094.0,5.47,0.0,49.93,5.34,2024-07-09
3144474603,3252889817,20987387.0,6.57,1.1,62.65,6.41,2024-07-09
3144474603,4100708632,111063763.83,6.57,2.2,75.36,6.41,2024-07-09
3144474603,2519009019,20008859.0,6.57,0.0,56.29,6.41,2024-07-09
3144474603,7595575693,27633223.0,8.76,0.0,90.79,8.55,2024-07-09
3144474603,7957351487,52595880.0,9.85,0.0,62.65,9.62,2024-07-09
3144474603,1987218596,17725627.0,12.04,1.1,67.18,11.75,2024-07-09
3144474603,8861322422,65724464.0,17.51,0.55,128.01,17.1,2024-07-09
3144474603,6534139585,92216071.0,18.61,2.75,165.24,18.17,2024-07-09
3144474603,5331169744,129033187.0,19.7,1.1,157.97,19.23,2024-07-09
3144474603,2665363945,133558879.0,19.7,0.0,146.17,19.23,2024-07-09
3144474603,7968128790,60226720.63,19.7,1.56,185.21,19.23,2024-07-09
3144474603,4457717375,106516850.0,22.99,0.0,132.55,22.44,2024-07-09
3144474603,8914469811,137758395.0,22.99,1.1,287.8,22.44,2024-07-09
3144474603,7253524132,163556878.0,29.55,4.4,310.5,28.85,2024-07-09
3144474603,5465163503,134700495.0,36.12,3.16,190.66,35.26,2024-07-09
3144474603,7539668706,229607518.0,38.31,3.3,269.65,37.4,2024-07-09
3144474603,3617942643,74643898.6,39.41,2.2,153.44,38.47,2024-07-09
3144474603,6296949760,140204715.0,48.16,3.3,356.8,47.02,2024-07-09
3144474603,3030668221,493065989.0,63.49,5.5,382.23,61.98,2024-07-09
3144474603,5687911352,364705540.0,76.62,7.4,472.11,74.8,2024-07-09
3144474603,7477917966,226263592.23,101.8,14.45,985.98,99.38,2024-07-09
3144474603,2324348526,384102819.0,102.89,6.54,320.49,100.45,2024-07-09
3144474603,1637317450,365347699.0,121.5,8.25,775.35,118.61,2024-07-09
3144474603,5809263298,448705237.56,134.64,12.66,383.13,131.44,2024-07-09
3144474603,3407772730,347636653.09,183.89,21.99,772.62,179.52,2024-07-09
3144474603,8178969364,620886209.0,187.18,15.94,459.4,182.73,2024-07-09
3144474603,7822222889,1070869707.88,206.88,24.9,1411.78,201.97,2024-07-09
3144474603,7333934532,1313673840.0,298.83,30.93,2068.2,291.73,2024-07-09
3144474603,6021828990,667040113.0,534.16,30.92,52022.67,521.48,2024-07-09
4221243019,8390770365,3252778094.61,2134.26,1245.3,170415.19,13225.41,2024-07-09
4221243019,5582781761,3571999042.65,5906.45,95.64,459271.63,63969.55,2024-07-09
9999862340,9029570766,1541001165.21,3447.95,67.07,6211.0,2931.14,2024-07-09
4925883884,2739106312,4818480703.72,3771.47,122.49,280109.78,3339.34,2024-07-09
4925883884,3071680482,4233302956.57,5818.44,170.1,283715.01,5128.43,2024-07-09
4925883884,3869558152,4540569505.32,6084.32,120.74,495753.5,5337.32,2024-07-09
4925883884,9745155174,4729738265.84,5067.78,59.73,338647.4,5689.52,2024-07-09
4925883884,3653212800,5595958978.37,8511.43,66.09,643151.36,7589.14,2024-07-09
4925883884,4675211549,6963232718.68,9361.4,233.87,706728.73,8212.05,2024-07-09
4925883884,8225329822,16717304602.41,19077.31,586.9,1159667.52,19858.98,2024-07-09
4328703191,3380333754,117412795.5,715.75,943.01,2005.53,620.7,2024-07-09
4328703191,5207691164,82826438.63,874.57,2758.69,34758.9,1348.84,2024-07-09
4328703191,6261792295,97232896.35,1328.79,1851.92,21768.76,3065.87,2024-07-09
7401912762,6484512949,383795305.86,232.69,0.0,22866.84,9036.65,2024-07-09
7401912762,1922036317,199886029.71,350.1,0.0,49621.47,6864.85,2024-07-09
8458175737,7257871390,365014986.0,1468.85,113.5,3742.83,1322.66,2024-07-09
8458175737,9156515811,286973406.96,575.96,191.1,16565.37,745.48,2024-07-09
9061115726,6771023367,383496620.0,335.64,0.0,3552.02,382.86,2024-07-09
5048405933,1919148507,977255000.0,526.76,8.39,1791.28,528.69,2024-07-09
5048405933,4312981896,358979059.02,883.15,2.95,18349.27,886.4,2024-07-09
5048405933,2009557613,41957484.97,142.95,0.0,44680.25,4081.15,2024-07-09
5048405933,9017871690,294653250.64,178.2,3.48,13837.49,196.54,2024-07-09
4260952526,5007300728,1702081836.0,1912.43,60.7,4154.55,1619.09,2024-07-09
4260952526,5963537745,2167585046.33,1509.53,11.82,96229.15,4507.98,2024-07-09
4260952526,6344623864,3647554336.01,4727.36,44.2,222292.5,5422.13,2024-07-09
4260952526,7949461645,3180510412.34,1897.39,28.26,144890.16,9853.7,2024-07-09
7107398469,4466502603,664510714.0,1619.42,70.46,2959.55,1448.43,2024-07-09
7107398469,3953733993,3512680672.44,5380.33,83.95,279222.77,6192.73,2024-07-09
1544027227,9985101441,197755656.0,108.32,1.66,447.77,119.78,2024-07-09
1544027227,7112430573,1644225784.27,1218.16,12.57,90221.17,3119.53,2024-07-09
8698180854,4733744692,20852919.0,14.73,0.0,202.73,15.21,2024-07-09
8698180854,9241913745,66533879.0,79.96,0.0,453.15,82.55,2024-07-09
8698180854,1954636814,46633505.75,3.16,0.0,7809.86,3.26,2024-07-09
8698180854,3442015384,112917719.63,1.05,0.0,18511.01,15043.87,2024-07-09
8698180854,1145744380,2895561359.56,66550.59,0.0,3229639.06,68707.58,2024-07-09
8698180854,4180204349,909802010.04,809.06,9.27,46405.98,1067.73,2024-07-09
8698180854,4620856285,816898763.93,1129.96,12.71,65725.73,1245.87,2024-07-09
4243137714,3073885350,384865273.71,107.55,1.95,250.56,114.17,2024-07-09
4243137714,1038789390,136150536.0,136.88,3.41,818.8,145.31,2024-07-09
4243137714,7440171285,7735396752.0,3345.69,59.55,6721.56,3551.69,2024-07-09
4243137714,2685270103,244743121.1,275.71,5.71,15743.52,558.39,2024-07-09
4243137714,8729143295,70727209.05,73.33,0.0,14174.94,5042.12,2024-07-09
4243137714,6729387006,592559930.87,590.53,13.48,30142.54,653.88,2024-07-09
4243137714,7907613257,41963124.0,65.51,4.66,452.89,69.54,2024-07-09
6912959742,5933561045,50432805.0,89.85,2.98,751.64,85.55,2024-07-09
6912959742,6403987167,80150742.76,102.69,0.1,9955.05,105.29,2024-07-09
6912959742,5619950522,7061207988.64,5756.54,79.42,310853.45,7133.48,2024-07-09
6912959742,8091990852,549319525.8,446.3,5.24,57019.18,482.27,2024-07-09
6912959742,8005066054,245024440.55,25.67,7.41,65406.06,15316.11,2024-07-09
6912959742,3873048974,118181715.0,213.28,0.37,3496.69,203.06,2024-07-09
6912959742,3132009097,1645678381.28,1162.17,21.44,64456.77,1208.97,2024-07-09
6912959742,4389296326,994672959.79,1031.83,10.39,69019.54,1706.28,2024-07-09
4295580695,2960047847,1165591878.0,15409.37,220.1,20571.39,13545.03,2024-07-09
4295580695,6372921131,44065103.15,908.06,1.01,21484.94,798.2,2024-07-09
8651798558,6807538284,273511787.22,632.41,460.34,5289.11,689.61,2024-07-09
7886265417,2391458328,4267097117.86,15573.23,165.68,707589.6,15815.27,2024-07-09
7886265417,3961746063,1429558793.47,4504.23,56.6,246196.51,4676.58,2024-07-09
7886265417,4983585281,1753147998.0,13724.06,260.24,31681.6,13917.82,2024-07-09
7886265417,8327801375,6857565185.54,15970.97,181.32,924465.0,18980.86,2024-07-09
7886265417,1123732602,897001170.7,1866.87,35.05,84389.46,3502.42,2024-07-09
7886265417,1221323529,96972324.0,174.92,0.18,2351.19,177.39,2024-07-09
1967633865,1004425178,217463536.0,169.26,1.21,276.18,187.22,2024-07-09
5479808415,3942400990,7527910.0,53.21,6.07,83.87,48.62,2024-07-09
5479808415,2948090453,32864635.76,42.35,4.25,1516.95,45.64,2024-07-09
5479808415,6746622336,43042493.0,18.46,0.0,49.77,16.87,2024-07-09
6135802989,8959948793,354131025.0,298.35,34.05,961.25,338.86,2024-07-09
6135802989,5282504483,751855648.3,1349.13,1516.48,278642.05,26548.36,2024-07-09
6135802989,3172996917,87336843.66,341.5,5.29,1655.89,387.88,2024-07-09
6135802989,5865706709,6841201.67,9.38,8.72,268.45,11.72,2024-07-09
6135802989,6274026841,1857733724.86,1450.46,19180.39,134249.58,20360.42,2024-07-09
6135802989,8522679787,2030114236.08,7515.92,151.13,400804.11,9346.38,2024-07-09
6135802989,7623710722,223687934.39,511.32,8.56,1980.61,582.88,2024-07-09
6135802989,2725020543,783711502.85,1527.39,7312.07,139029.05,2143.99,2024-07-09
6135802989,5331021189,1910454407.84,6180.86,159.84,372248.12,8214.71,2024-07-09
6135802989,1798791427,448483878.48,1277.83,35.45,51464.43,2354.98,2024-07-09
2899793385,6121797834,925841490.87,2367.3,36.24,128341.35,2717.81,2024-07-09
2899793385,2717881924,629480552.14,1448.42,15.24,105074.54,1701.0,2024-07-09
2899793385,8693756271,20898315.0,776.79,13.71,1242.83,816.64,2024-07-09
2899793385,5790083369,154311577.0,84.31,6.06,1068.85,88.64,2024-07-09
2899793385,6782716339,161327087.0,88.1,2.08,2886.48,92.62,2024-07-09
2899793385,6378031866,22731798.78,9.47,4.16,200.89,10.95,2024-07-09
2899793385,2892349192,108378297.97,149.67,1306.24,19261.49,483.01,2024-07-09
2899793385,5408319424,315143519.19,790.05,14.32,33701.59,1029.76,2024-07-09
2899793385,3034380795,277002598.33,641.32,11.87,39122.76,682.19,2024-07-09
2899793385,8040382362,116142711.69,88.1,46.8,31821.49,1676.1,2024-07-09
2899793385,5126518639,169507884.08,335.34,54.08,31066.95,897.31,2024-07-09
2899793385,6031766833,257589512.25,262.4,9.94,10660.67,387.41,2024-07-09
6128140551,2809191200,47833.41,0.0,0.0,4.82,3.01,2024-07-09
8493138820,4568906613,488572597.03,1029.85,39.5,85579.57,1217.35,2024-07-09
8493138820,6336466789,226804911.0,141.91,1.91,1696.01,146.45,2024-07-09
8493138820,1500727941,476070525.61,606.08,19.88,23936.72,758.68,2024-07-09
7730435073,3817287127,577156954.89,757.37,6.09,1501.68,686.63,2024-07-09
7730435073,6573169994,194758072.44,6100.1,0.0,110826.55,5530.35,2024-07-09
7730435073,5325498258,59063996.55,42.26,0.0,4450.85,75.64,2024-07-09
7730435073,1449066116,49353102.58,59.59,0.0,5909.37,122.79,2024-07-09
7730435073,7169890315,58917455.14,74.76,0.0,499.89,72.69,2024-07-09
7730435073,6622504921,144651351.12,145.19,0.0,15976.48,146.36,2024-07-09
7730435073,2229250178,400019777.7,444.23,0.71,29659.28,459.72,2024-07-09
7486359225,4103724426,22246539.25,1.06,1.07,6928.73,4984.6,2024-07-09
7486359225,7573827642,489488592.55,15.92,7.41,139700.54,105783.35,2024-07-09
7486359225,4929620447,39119041.14,4.25,2.1,9837.15,8078.32,2024-07-09
7486359225,7459236282,186050133.68,55.2,8.99,77416.6,20423.1,2024-07-09
9347899940,5162553549,1749860210.65,49733.17,850.7,116697.46,62256.22,2024-07-09
9347899940,7731419913,65614130.0,51.31,17.69,331.68,61.58,2024-07-09
9347899940,4306836960,39655296.53,214.39,0.98,10068.56,257.33,2024-07-09
9347899940,8479424672,743568264.58,980.33,44.14,7064.78,1217.37,2024-07-09
9347899940,7736573290,81451675.28,114.53,0.0,59412.18,137.46,2024-07-09
8452065073,4274168559,1872016905.15,1433.42,16.08,113795.22,1856.81,2024-07-09
8906508432,8115142452,19021945.2,25.67,0.0,1551.66,22.68,2024-07-09
8906508432,7105944179,99541045.02,408.63,0.0,5469.18,1130.37,2024-07-09
2826827076,1818263064,627466294.0,3077.49,72.15,5681.93,3209.49,2024-07-09
2826827076,3384572039,304706745.43,354.01,1.98,5377.16,369.2,2024-07-09
2826827076,7917601552,61533325.0,216.29,1.98,1997.26,225.56,2024-07-09
2826827076,9804129007,79753317.0,133.85,0.0,1702.65,139.59,2024-07-09
2826827076,4660261064,166809423.31,333.65,8.89,17637.04,516.88,2024-07-09
1684414765,4918513042,297246675.0,1092.51,14.09,8519.77,1058.92,2024-07-09
1684414765,3075231399,1987099891.68,8114.84,64.83,427355.02,7887.08,2024-07-09
1684414765,2260433912,73942575.0,89.62,0.94,912.17,86.86,2024-07-09
1684414765,2674161123,107937300.0,230.45,1.88,1793.42,223.37,2024-07-09
1684414765,2041328445,52435125.0,162.17,3.76,1686.23,157.18,2024-07-09
1672862023,5684676954,117598218.0,354.74,4.24,3363.96,397.56,2024-07-09
2395255119,7750854142,872990664.0,447.21,79.11,4723.86,486.64,2024-07-09
2395255119,7131051713,779228184.0,300.34,62.34,3257.53,326.82,2024-07-09
8564269730,5835984744,684841600.0,2342.23,54.16,7361.78,2337.99,2024-07-09
8564269730,8765322273,166746880.0,1421.13,63.25,2515.76,1418.56,2024-07-09
3457456980,4618035814,27409302.0,8.03,0.0,90.81,8.09,2024-07-09
3457456980,9335146426,1281058513.56,1599.74,45.6,77981.37,2600.55,2024-07-09
3457456980,2871394298,647112345.23,631.26,14.03,29413.04,643.06,2024-07-09
4786168179,5719045659,10278936.0,7.91,0.0,11.93,7.56,2024-07-09
4786168179,3433689330,27517759.17,24.73,0.0,110.58,23.64,2024-07-09
4396365888,6191115888,72244494.56,1666.03,0.0,74781.36,1906.99,2024-07-09
9421829897,1780584539,654580992.0,232.94,180.39,4674.01,197.12,2024-07-09
9421829897,1872053224,117871104.0,47.89,50.74,751.94,40.53,2024-07-09
9421829897,5984326638,1712186112.0,1037.34,778.5,2086.0,877.81,2024-07-09
9421829897,8735863082,141233664.0,109.94,53.58,2147.95,93.03,2024-07-09
9421829897,9872289208,458203306.83,722.76,277.44,18953.43,674.25,2024-07-09
6850670091,9511860235,5449228.0,17.46,8.1,334.8,16.64,2024-07-09
3610097806,5594603557,101129119.1,128.87,35.77,1377.17,160.95,2024-07-09
3610097806,3826135626,146771289.22,185.0,61.69,1902.28,177.89,2024-07-09
3610097806,8188581411,129141109.82,401.17,92.82,7916.25,363.3,2024-07-09
3610097806,9967621124,311060032.32,1628.58,204.33,19698.31,1896.52,2024-07-09
3274209063,5784236471,128924880.0,146.72,2.05,698.94,129.38,2024-07-09
2236384250,4234073629,296286273.87,484.39,11.95,15461.32,1202.51,2024-07-09
7579730738,1400855285,1566101418.0,2079.69,43.02,65950.65,7344.4,2024-07-09
6598325001,3740945209,98081146.31,77.17,21.59,3750.08,573.01,2024-07-09
7670223529,8610503394,1016619519.43,788.02,17.32,37045.85,5893.22,2024-07-09
9491774733,2425040661,218254405.04,255.28,4.67,14123.49,522.39,2024-07-09
6278335695,4287236914,3924988664.0,9057.99,280.47,15527.21,9930.08,2024-07-09
6278335695,3562027590,652652683.96,2743.63,77.66,4543.54,3007.78,2024-07-09
6278335695,6049165360,53887549.76,165.78,3.05,254.16,181.75,2024-07-09
6278335695,2939448075,94852577.47,227.72,9.11,387.83,249.65,2024-07-09
6699715634,9290265495,121155988.76,135.2,4.28,542.5,143.45,2024-07-09
6699715634,7458774535,376524489.33,412.33,10.93,1621.76,437.48,2024-07-09
2274795399,5367867115,4780093060.51,7144.31,30.38,249837.7,14496.02,2024-07-09
4139303472,7546874441,525738091.11,576.59,8.78,4468.35,606.8,2024-07-09
4139303472,4229325786,416118677.1,592.32,8.27,21234.44,896.08,2024-07-09
4139303472,3637424578,397283066.9,496.99,7.42,9183.87,679.85,2024-07-09
4139303472,3255948159,85932846.47,135.12,3.37,3245.5,213.31,2024-07-09
4139303472,5927091987,134705033.73,221.19,6.23,2541.14,291.23,2024-07-09
1467415627,5784461467,10088931789.28,6420.89,124.49,26130.61,7314.42,2024-07-09
3566905478,9029127988,683636482.69,678.32,5.8,5924.17,1166.6,2024-07-09
2587290667,4387486637,532318363.48,756.09,11.03,64600.8,3954.83,2024-07-09
2587290667,2594658989,934533223.5,1416.85,15.04,136784.1,7269.54,2024-07-09
2901644731,4606888347,5735905300.14,5543.31,1688.42,117684.61,8101.77,2024-07-09
2071901562,6843526592,1092060361.03,479.57,52.01,35424.99,566.53,2024-07-09
3676034212,5073086164,917113880.9,499.54,68.89,53393.51,538.14,2024-07-09
6629749215,9721059687,1026910047.41,514.05,59.02,38165.13,483.65,2024-07-09
6849650164,8452746102,277919457.05,161.67,32.28,818.23,165.38,2024-07-09
6849650164,3338912691,1759089887.34,943.41,63.39,244083.14,1011.84,2024-07-09
8399250647,3678641816,800149136.0,335.55,51.55,30250.73,413.78,2024-07-09
8399250647,2102605149,677332935.55,311.86,94.0,25532.92,312.81,2024-07-09
8399250647,1157335857,4315602382.08,2782.07,18.71,256181.8,23192.37,2024-07-09
8399250647,6743861574,675671870.96,187.51,11.63,17783.29,4493.16,2024-07-09
8399250647,7765782350,600728075.0,219.09,53.08,1368.27,219.76,2024-07-09
8399250647,7373622363,1874427655.72,603.98,63.01,41374.51,709.76,2024-07-09
4688974689,8535609886,46329661.93,21.12,8.34,131.31,20.33,2024-07-09
4688974689,2436297072,1925221851.74,1034.78,162.35,85805.92,1041.0,2024-07-09
4688974689,4517008391,1798589736.0,337.89,1.0,5205.01,325.31,2024-07-09
4688974689,8437790290,1498437336.0,344.22,2.0,4851.64,331.41,2024-07-09
4688974689,1979155761,1516913280.0,237.58,0.0,3424.63,228.73,2024-07-09
4688974689,3271936873,1138863630.0,274.53,0.0,6333.68,264.32,2024-07-09
4688974689,8778588214,639926388.15,236.52,1.0,43896.46,7513.69,2024-07-09
4688974689,9350359395,1064304.0,2.11,0.0,17.38,2.03,2024-07-09
4688974689,4269202500,26084784.0,5.28,0.0,18.34,5.08,2024-07-09
4688974689,8844412978,1608261991.91,710.62,4.99,3590.69,684.17,2024-07-09
4688974689,7185782165,636050234.06,354.78,1.0,41405.47,6006.07,2024-07-09
4688974689,2424676184,0.0,0.0,0.0,0.97,0.0,2024-07-09
4688974689,8666095524,90447168.0,12.67,0.0,134.2,12.2,2024-07-09
4688974689,1886015257,70486800.0,2.11,0.0,10.62,2.03,2024-07-09
4688974689,5514327652,4201200.0,6.34,0.0,22.21,6.1,2024-07-09
4688974689,6831208912,566658737.32,272.42,1.0,1321.77,262.28,2024-07-09
9059053692,4114394850,114727274.96,142.66,5.89,728.54,155.96,2024-07-09
9059053692,2051943942,58050193.8,50.56,21.56,91.8,55.28,2024-07-09
4195391340,1504316774,59137830.0,31.94,0.18,1110.49,31.65,2024-07-09
4195391340,4129200346,1140360204.0,207.62,0.14,5334.59,205.71,2024-07-09
4195391340,5897383886,273470112.11,178.87,0.95,30145.68,717.33,2024-07-09
4195391340,7143541578,89192418.0,28.75,0.0,796.64,28.48,2024-07-09
4195391340,9837893618,137161929.77,145.86,0.08,5224.75,144.52,2024-07-09
4195391340,4045134765,2396302889.32,894.35,19.64,109061.5,973.67,2024-07-09
5213587138,5060747707,349380192.0,188.12,38.53,1853.31,181.1,2024-07-09
5213587138,5998217113,2893677108.0,1520.37,418.93,18449.68,1463.63,2024-07-09
5213587138,8993837157,145050041.85,164.96,60.94,1777.83,158.81,2024-07-09
5213587138,7271226030,252334145.52,132.16,27.77,678.36,127.23,2024-07-09
5213587138,4574769288,613292144.91,509.36,189.95,2594.24,490.35,2024-07-09
5213587138,3066511118,109458457.82,46.31,0.0,35154.31,9747.64,2024-07-09
5213587138,3912305227,407411363.26,131.2,31.49,26333.7,3730.59,2024-07-09
5213587138,3690609952,125207835.35,64.63,0.0,18104.05,62.22,2024-07-09
7383324448,8063595091,69563475.0,15.14,0.9,262.82,14.62,2024-07-09
7383324448,7459738697,123925842.0,10.81,0.0,124.13,10.44,2024-07-09
7383324448,5051082658,22576810.11,17.3,0.0,66.92,16.71,2024-07-09
7383324448,9466691561,57261110.03,45.41,0.0,520.78,43.86,2024-07-09
7383324448,7807975206,7568073.0,23.79,0.0,260.88,22.97,2024-07-09
7383324448,2484793823,124943580.0,32.44,0.0,417.98,31.33,2024-07-09
1350574641,9434768408,7095641821.6,10672.7,614.67,881992.17,10744.77,2024-07-09
1350574641,5117983022,1614093490.37,1579.1,132.46,44523.34,1588.68,2024-07-09
1350574641,9975320653,566171910.0,665.49,50.48,17540.58,669.52,2024-07-09
1350574641,7901625834,1139233410.0,1004.98,115.07,50754.89,1011.08,2024-07-09
1350574641,9471157992,121617261.49,1297.75,11.65,13337.3,1305.63,2024-07-09
1350574641,3462872272,255844527.16,2210.33,35.93,150092.81,2223.74,2024-07-09
1350574641,1684605671,11529474120.0,132584.37,1338.13,192986.2,133388.92,2024-07-09
1350574641,9473601506,10956330.0,35.3,0.0,514.67,35.51,2024-07-09
1350574641,7668106554,227462922.2,6345.48,11.51,219546.54,12334.5,2024-07-09
8513664892,8276517622,1123414646.09,3881.25,184.93,21759.77,4023.99,2024-07-09
6877336869,1698527014,232774515.64,284.38,18.72,2082.88,307.61,2024-07-09
6877336869,1008906348,89013818.1,313.9,5.62,19582.64,339.54,2024-07-09
6877336869,8147179191,234581470.65,199.75,15.44,2193.88,216.07,2024-07-09
6877336869,9557794899,102988870.76,126.94,13.1,1296.43,137.31,2024-07-09
4482504627,2446577130,1437569448.0,1009.83,12.36,4765.8,1079.08,2024-07-09
4482504627,8798004302,216739456.05,192.26,4.35,10916.79,247.33,2024-07-09
9407111886,9875480375,7577494812.32,969.63,134.22,24208.24,1493.28,2024-07-09
7761714523,3435620448,699164299.3,1813.94,7.42,3988.24,2083.64,2024-07-09
7761714523,5162629915,325353942.49,681.42,1.85,14740.86,782.73,2024-07-09
7761714523,1323231114,1249096267.95,2079.46,3.73,97281.76,2760.33,2024-07-09
1591927154,2495827244,225181568.02,80.1,46.82,11347.9,3183.04,2024-07-09
1591927154,2895792806,3788465727.0,1668.71,214.64,25271.11,1661.56,2024-07-09
4096109405,4372533818,2552704.0,4.29,0.0,184.71,4.17,2024-07-09
4096109405,7924053205,29584977.95,290.57,0.0,9906.12,655.0,2024-07-09
4096109405,6754880878,116854600.76,5.36,0.0,34872.15,17496.32,2024-07-09
4096109405,8566862442,14930558.72,0.0,0.0,5502.93,2634.62,2024-07-09
4096109405,7527921894,42587776.0,9.65,4.58,225.28,9.39,2024-07-09
4096109405,5554671881,44026752.0,12.87,0.92,250.91,12.52,2024-07-09
4096109405,4501674598,59196420.24,54.68,0.0,40723.15,53.19,2024-07-09
4096109405,1817800170,19984911.65,24.66,0.0,13847.0,23.99,2024-07-09
4073978577,2412713281,247566340.0,156.1,54.54,2541.15,169.71,2024-07-09
4073978577,6236433672,134711701.07,1435.56,38.26,35715.18,7123.04,2024-07-09
4073978577,7355031884,193277996.34,934.78,60.68,18519.46,2297.5,2024-07-09
4073978577,3848042974,120985730.39,91.13,0.0,11841.13,3735.65,2024-07-09
4299868633,8779908416,825333888.0,129.57,0.0,2111.8,131.64,2024-07-09
6487975423,4413950909,14427325.77,33.63,0.0,1178.88,48.92,2024-07-09
6487975423,1796798028,69198013.37,63.63,0.0,3769.42,137.39,2024-07-09
6487975423,2050143863,509061170.55,526.31,2.02,21015.25,658.83,2024-07-09
3600040380,5305437082,301454366.13,907.92,114.18,16103.35,824.12,2024-07-09
3600040380,8722360619,2843212884.28,1662.92,83.08,60968.42,21528.18,2024-07-09
3600040380,9092437557,273178142.89,4581.31,9.26,95049.63,11129.08,2024-07-09
3600040380,8821057891,724586396.35,16698.68,11.13,301324.21,44906.52,2024-07-09
3600040380,9073798941,76552188.38,257.73,34.34,4415.85,233.94,2024-07-09
3600040380,5396238075,102524114.29,120.84,3.01,4021.81,281.5,2024-07-09
3600040380,9144131453,102684977.0,3341.87,2.89,38747.11,11702.76,2024-07-09
3600040380,6841605576,66183362.0,33.15,0.9,1535.41,30.09,2024-07-09
3600040380,4858357274,1377667062.39,776.38,88.49,457474.87,149874.14,2024-07-09
3600040380,5535638626,816000940.66,207.46,86.56,506116.43,194861.23,2024-07-09
8500403487,1808963021,16968336.0,13.37,0.0,278.15,13.68,2024-07-09
6111885933,2648107141,102061362.48,54.02,2.9,632.11,48.85,2024-07-09
6111885933,9323706607,116274799.0,6.23,0.0,80.3,5.64,2024-07-09
3550535444,8777719213,37622334.95,16.16,3.16,308.31,17.64,2024-07-09
3550535444,7499600335,103841992.84,34.21,6.31,388.41,37.36,2024-07-09
3550535444,8920416148,20987890.0,0.95,0.0,24.14,1.04,2024-07-09
3592936300,6606509525,76758859.28,81.49,37.72,27022.65,74.01,2024-07-09
7869137619,6411872079,312440726.0,88.7,0.0,607.79,82.04,2024-07-09
7869137619,1040208115,306896784.76,445.71,33.83,23244.44,540.84,2024-07-09
7869137619,9295737134,324104573.0,526.74,23.59,20184.29,487.16,2024-07-09
7869137619,1491766291,344876229.41,1447.72,84.35,48204.51,1359.18,2024-07-09
7869137619,7819848755,61706281.62,406.28,19.27,21344.62,580.33,2024-07-09
7869137619,9955320858,49097344.46,174.12,10.58,1595.92,161.04,2024-07-09
7869137619,2037576168,34552681.58,70.09,6.4,1211.9,66.84,2024-07-09
7869137619,6560913088,193338899.0,81.04,2.11,5323.72,74.95,2024-07-09
7869137619,1538489493,102378318.92,3121.03,20.27,107435.88,2886.48,2024-07-09
7869137619,6302613035,92270487.48,1451.01,56.85,8148.12,1341.96,2024-07-09
7869137619,3719568302,8693413.4,17.52,2.13,416.25,16.2,2024-07-09
7869137619,7216313258,20723385.49,13.14,0.0,934.71,26.33,2024-07-09
2672329958,6951255603,725469392.68,87.75,0.93,83881.91,95.95,2024-07-09
2672329958,5026756656,136073472.0,54.23,0.93,6778.0,59.3,2024-07-09
2672329958,2458713257,477079530.0,160.72,0.0,3117.18,175.73,2024-07-09
2672329958,1678744082,1225070440.23,187.34,1.96,66602.25,1186.99,2024-07-09
2672329958,5970074857,209806680.0,182.41,0.93,554.12,199.45,2024-07-09
2672329958,8883014205,1576956571.2,1548.02,23.71,4102.6,1692.62,2024-07-09
2672329958,8097427418,1965121759.22,1467.17,14.88,3882.66,1604.21,2024-07-09
2672329958,3630676019,14752659.0,27.61,0.0,238.98,30.19,2024-07-09
2672329958,3674379497,36505560.0,24.65,0.0,249.45,26.95,2024-07-09
2672329958,5257646125,42946907.89,38.45,0.0,415.12,42.05,2024-07-09
2672329958,8113559516,471363.0,0.99,0.0,10.47,1.08,2024-07-09
2672329958,3733440890,862494.0,0.99,0.0,8.57,1.08,2024-07-09
2672329958,3272214235,611728076.67,1868.47,3.16,4793.82,2043.0,2024-07-09
2672329958,2151981927,50004594.0,10.85,0.0,3550.38,11.86,2024-07-09
2672329958,7076139057,104562354.0,274.11,0.0,3100.04,299.71,2024-07-09
2672329958,7275036610,385714578.8,5872.62,0.0,167555.32,6618.46,2024-07-09
2672329958,6347921401,660044226.34,1526.33,0.0,7789.13,1668.9,2024-07-09
2672329958,1796779381,102245655.0,257.35,0.0,2758.23,281.38,2024-07-09
2672329958,9016137510,445157223.0,167.62,0.0,577.92,183.28,2024-07-09
2672329958,2876168610,0.0,0.0,0.0,20.95,0.0,2024-07-09
2672329958,5879726832,365115774.0,400.32,1.86,1451.95,437.71,2024-07-09
8347115882,5645640281,100315578.0,95.59,0.0,2113.97,102.49,2024-07-09
8181642239,9366896534,971071278.0,1298.05,50.64,33526.72,1559.59,2024-03-19
8181642239,3782873703,84400023.0,195.47,4.62,9784.72,234.86,2024-03-19
8181642239,2824471977,55924692.0,577.41,7.52,73603.8,693.75,2024-03-19
8181642239,4513918041,3424184202.0,4286.91,147.51,141070.69,5150.67,2024-03-19
8181642239,4167772456,32485941.0,115.3,5.86,8192.45,138.53,2024-03-19
8181642239,2667915214,67947195.0,86.48,0.0,3565.12,103.9,2024-03-19
8181642239,6311186256,101188623.0,238.71,11.93,5667.29,286.81,2024-03-19
8181642239,9163592519,28643217.0,87.38,2.92,5146.79,104.98,2024-03-19
8181642239,4957786229,3776455665.0,3014.98,141.91,45557.8,3622.46,2024-03-19
8181642239,9151037026,21890469.0,43.24,0.0,1579.55,51.95,2024-03-19
9565398844,4932352743,953203250.77,276.17,61.86,10301.32,1814.92,2024-03-19
9565398844,4338791803,3087941234.44,3485.69,356.09,12888.85,3534.6,2024-03-19
9782017208,9418779677,74228288508.31,68638.7,33871.11,6359027.67,1899993.21,2024-03-19
5158673107,9127538030,9978923514.61,46265.18,412298.04,1259334.99,435712.27,2024-03-19
5158673107,5350083141,543011041.88,1318.66,124.87,46568.05,10109.81,2024-03-19
2338105289,3711756385,473411496.13,1543.93,621.29,3698.46,1511.77,2024-03-19
2338105289,6846572130,458165873.29,1293.61,403.23,5019.56,1266.67,2024-03-19
4215306006,1066099651,46717418.83,21.0,43.61,3720.99,1906.31,2024-03-19
4215306006,8967000115,208086341.22,44.87,251.7,13691.22,8501.66,2024-03-19
7861628118,9265482416,275665942.3,226.28,51.03,1800.43,238.05,2024-03-19
4168681528,1208018887,13071046451.23,15982.85,8938.45,739947.84,67472.92,2024-03-19
3356181707,5242907807,2531025678.17,4047.09,118.01,498070.31,4476.65,2024-03-19
1035543794,9810953116,3183227310.66,9682.74,258.65,831621.93,8995.48,2024-03-19
1035543794,3673217045,244984464.0,1272.24,27.23,72452.5,1180.78,2024-03-19
1035543794,7963325298,6474202061.81,18830.19,133.4,1185797.65,17476.52,2024-03-19
1035543794,1029398724,9295225772.52,30258.17,487.23,1852399.49,28087.85,2024-03-19
1035543794,3572750171,3399329317.28,10811.39,245.59,501701.27,10034.18,2024-03-19
1035543794,3916994297,2307316975.03,6041.29,103.29,431518.27,5610.91,2024-03-19
1035543794,4158408252,226569099.0,1110.7,10.65,84025.18,1030.85,2024-03-19
1035543794,5195913239,86634183.0,238.61,6.44,14658.45,221.46,2024-03-19
1035543794,7967809540,8521553431.89,30997.23,447.62,2012206.22,28768.88,2024-03-19
1035543794,4602525320,2157665215.19,7069.64,105.31,481608.59,6563.37,2024-03-19
1035543794,5218888928,2237065247.19,7015.79,117.2,499060.44,6511.44,2024-03-19
1035543794,4474940371,266856126.34,1265.9,17.33,82834.41,1174.9,2024-03-19
1035543794,6993590041,1263509253.96,5038.28,56.84,341961.76,4678.04,2024-03-19
2656837900,5146812398,763652016.0,4140.02,269.86,9032.39,4063.02,2024-03-19
2656837900,6913745275,800990856.0,1960.03,54.0,28094.99,1923.57,2024-03-19
2656837900,6807029253,1049345328.0,2829.54,72.49,49211.87,2776.9,2024-03-19
2656837900,9595694025,2016243480.0,3755.07,95.19,82889.91,3685.23,2024-03-19
2656837900,2037772526,784848408.0,1875.98,30.96,25674.69,1841.09,2024-03-19
2656837900,1133120806,85410576.0,308.17,7.26,10524.86,302.44,2024-03-19
2656837900,6135997853,186058416.0,790.65,15.83,18203.81,775.94,2024-03-19
2656837900,6335643178,77522544.0,106.87,5.51,2446.78,104.88,2024-03-19
2656837900,8763695616,81735960.0,170.17,11.73,5654.94,167.0,2024-03-19
2656837900,3578828435,128352936.0,197.14,11.64,10175.86,193.48,2024-03-19
2656837900,4034327449,36703056.0,69.52,1.82,1320.34,68.23,2024-03-19
8842840036,1210173408,6693392452.22,28754.0,722.3,1946383.67,25959.94,2024-03-19
8842840036,2536633717,4010216958.75,14299.07,467.04,773352.99,12931.98,2024-03-19
8842840036,7145950917,403799358.45,1098.26,38.96,47194.02,992.47,2024-03-19
8842840036,6495955476,203842725.14,613.13,36.53,20828.22,554.48,2024-03-19
4126844175,1379051870,512091476.0,776.4,27.02,3345.76,831.5,2024-03-19
4126844175,2449611726,108958525.0,243.85,6.07,2460.31,261.16,2024-03-19
9058771111,1014702892,113464110.11,306.42,9.27,17938.43,272.59,2024-03-19
2595365035,1075751872,30983283.0,196.92,1.93,1223.87,174.39,2024-03-19
2595365035,9169516187,169795471.46,1042.01,7.74,22020.99,922.83,2024-03-19
7658197888,9068616129,81254606.41,573.84,14.44,3079.88,623.41,2024-03-19
3886905599,3588611877,33280163.0,173.12,3.13,847.71,157.42,2024-03-19
3886905599,3438720752,26112904.0,188.58,11.1,8268.34,172.41,2024-03-19
1757896755,2188364055,37740745.0,86.3,1.0,504.16,79.14,2024-03-19
1757896755,3640350936,1524382232.55,3004.46,63.66,112715.37,2923.09,2024-03-19
7302109982,8357437880,29020266.0,342.85,7.05,1180.3,332.54,2024-03-19
4748463484,3762944201,4340028186.0,1339.17,6.38,15846.57,1251.31,2024-03-19
6591765169,7710341817,75732110.0,192.33,0.96,1436.92,196.27,2024-03-19
6747103943,4677345529,219494952.22,3901.3,10.7,246202.9,3708.68,2024-03-19
6747103943,5852721707,665996161.08,384.65,250.38,12609.79,5563.49,2024-03-19
6747103943,1297259120,1197632083.95,19065.04,42.8,2193495.21,18123.74,2024-03-19
6747103943,2541498504,2838301977.95,769.3,0.0,854332.02,134227.67,2024-03-19
5928471422,3842780343,84722664.0,126.74,2.2,2461.01,116.42,2024-03-19
5928471422,6421432379,187459350.0,255.54,0.91,5447.17,234.73,2024-03-19
5928471422,5458642515,208948714.0,297.79,0.0,6176.39,273.54,2024-03-19
5928471422,9929581770,328594084.0,442.04,7.51,8668.29,406.05,2024-03-19
5928471422,8856054012,383383000.0,468.83,10.7,12871.38,430.66,2024-03-19
5928471422,4033758918,1443710840.0,1917.57,39.0,37297.03,1761.44,2024-03-19
1517367026,9426529104,16348265315.05,16930.74,365.31,1055041.98,17901.21,2024-03-19
6681040511,5359234016,32369187.42,542.34,3.26,13491.89,542.24,2024-03-19
2600529780,2672335175,313780542.97,114.05,0.0,104941.32,3111.02,2024-03-19
2600529780,2375961560,2177629340.81,802.51,2.07,780022.13,17726.65,2024-03-19
3851958960,4945323093,355749686.71,10905.28,345.29,13789.91,9812.46,2024-03-19
3144474603,3407772730,98168116.38,37.22,1.1,380.41,36.33,2024-03-19
3144474603,7006543170,176807778.0,62.39,2.75,204.28,60.91,2024-03-19
3144474603,5411794774,567006011.0,114.93,9.9,937.86,112.2,2024-03-19
3144474603,6021828990,1007374190.0,803.44,24.86,60295.45,784.35,2024-03-19
9999862340,2503602201,203074800.0,961.92,446.6,37009.0,818.65,2024-03-19
9999862340,1622001269,680807635.74,720.37,4.76,56996.0,3727.99,2024-03-19
4925883884,7501348991,1190452998.48,1298.44,37.58,86662.18,1139.96,2024-03-19
4925883884,4976986738,2096573425.98,3340.08,36.61,250019.59,3073.31,2024-03-19
4925883884,5958663754,2243886466.66,4087.54,114.03,206546.52,3603.48,2024-03-19
4925883884,3653212800,2826793515.37,4035.22,43.44,300767.27,3776.77,2024-03-19
4925883884,4675211549,6644030486.49,9360.33,232.77,751128.35,8317.9,2024-03-19
4695215334,9369397988,3564180288.0,461.01,26.61,3960.19,489.88,2024-03-19
4695215334,9515395501,6794492544.0,1692.32,70.27,13806.92,1798.29,2024-03-19
4695215334,6209641996,1352568960.0,207.16,10.97,3883.39,220.14,2024-03-19
3618949692,8901620453,4209704730.0,2597.09,130.28,13089.8,2750.85,2024-03-19
3618949692,3622151857,275193765.0,116.98,4.27,446.78,123.9,2024-03-19
3618949692,9889247505,252689912.82,131.72,0.0,10028.89,1987.65,2024-03-19
2997065377,6532840720,91959133.8,63.56,27.34,197.66,60.05,2024-03-19
3066661500,6568645403,308439312.0,49.32,26.09,129.51,52.11,2024-03-19
2830511829,3860904482,3367492672.43,622.68,270.53,2257.8,568.1,2024-03-19
5788584904,5829020538,459350470.0,80.28,18.17,270.37,92.26,2024-03-19
5788584904,8507310650,374299250.0,79.34,14.72,281.31,91.17,2024-03-19
5788584904,8103134440,231750450.0,51.0,16.91,207.97,58.61,2024-03-19
1638662180,8451021978,2054414992.0,172.98,59.71,524.91,154.69,2024-03-19
1638662180,1605261240,423509995.28,1316.14,86.6,14639.55,1446.0,2024-03-19
1638662180,6203488869,730571408.0,214.88,73.49,640.03,192.16,2024-03-19
1638662180,7563138022,330351698.29,1152.83,31.32,30327.08,1030.94,2024-03-19
1638662180,6006492963,190174320.0,46.2,20.06,125.24,41.31,2024-03-19
1638662180,7002923552,825457584.0,145.04,43.76,302.06,129.71,2024-03-19
1638662180,8514983687,75684472.09,872.41,725.41,21962.54,780.17,2024-03-19
1638662180,2118402705,239822800.0,88.1,16.59,1095.87,78.79,2024-03-19
1638662180,8387062886,455179872.0,25.79,0.0,69.99,23.06,2024-03-19
1638662180,6096099676,610165696.0,46.2,2.73,135.37,41.31,2024-03-19
1638662180,5990972532,3643459680.0,582.32,131.69,5468.3,520.75,2024-03-19
1638662180,5717390512,4164029968.0,708.03,156.39,9791.93,633.17,2024-03-19
1638662180,5877697454,210961006.55,138.6,18.23,1657.62,354.54,2024-03-19
1295015522,4049056669,2340210602.43,463.32,25.74,383656.82,399324.48,2024-03-19
5594503139,6933386075,9077873045.0,116753.42,3742.05,162682.63,101742.27,2024-03-19
5594503139,4230973796,10582926550.0,12599.44,517.09,46152.75,10979.51,2024-03-19
3963576121,4063122935,4215856645.0,4908.52,99.92,16119.78,4359.52,2024-03-19
3963576121,4364102555,1048310445.0,1172.68,48.11,4525.09,1041.52,2024-03-19
3963576121,3837806828,1507587900.0,1359.36,28.77,4258.15,1207.32,2024-03-19
3963576121,3461504551,5503470245.0,5363.43,176.91,23296.34,4763.55,2024-03-19
3963576121,4049338638,9805705.0,17.17,0.0,106.98,15.25,2024-03-19
3963576121,4168418729,741874315.0,681.29,11.2,3317.34,605.09,2024-03-19
3963576121,7131081197,837168605.0,784.29,14.35,3102.38,696.57,2024-03-19
3963576121,6505395551,231443940.0,336.89,11.4,1398.72,299.21,2024-03-19
3963576121,3227052406,134569435.0,621.21,19.08,1988.6,551.73,2024-03-19
3963576121,2620064091,969362485.0,932.35,20.14,3631.27,828.07,2024-03-19
6999723176,1137310196,18396635372.79,50891.13,1363.6,3747740.77,48301.63,2024-03-19
6999723176,3318826288,14832384957.59,43717.05,1042.6,3052025.27,41997.59,2024-03-19
6999723176,8092257533,48368213477.84,179889.06,3301.28,13404897.0,170735.73,2024-03-19
6999723176,4456899341,19290392460.23,57953.61,1424.55,6104659.68,56176.47,2024-03-19
6999723176,3944139453,1886152893.37,6285.29,110.98,344705.67,5965.48,2024-03-19
3059796702,4710538489,918649316.63,503.61,847.4,106383.44,40155.66,2024-03-19
3059796702,6127519090,577435380.75,747.25,813.34,491227.92,14224.47,2024-03-19
3059796702,2959313438,662284548.7,8398.13,143.73,248219.71,7175.9,2024-03-19
3059796702,5926641707,3558187021.31,18140.66,28783.25,4817925.19,425188.42,2024-03-19
2902900350,6572625767,13738902567.88,53892.64,1419.88,4234034.13,61464.18,2024-03-19
2902900350,1951412659,99629859436.75,98448.44,2319.32,6118873.91,112240.45,2024-03-19
2902900350,3757181915,23577592072.09,71155.7,1748.22,5153262.4,81115.03,2024-03-19
2902900350,2814288177,20794494621.04,27388.82,501.37,1543048.71,31222.31,2024-03-19
2902900350,6676788718,37254565485.31,205936.27,6497.53,12590127.73,234760.21,2024-03-19
2902900350,6452399867,12114715004.53,5437.49,138.04,569246.1,6198.55,2024-03-19
2902900350,5517350930,9522383994.95,9190.89,321.43,1072678.58,10477.29,2024-03-19
2902900350,5480463907,9903580015.45,18137.89,311.09,813009.6,20789.25,2024-03-19
2902900350,1872899935,9837757589.48,26379.11,902.45,1131214.14,30071.27,2024-03-19
2902900350,2423060251,15579141768.57,36929.83,652.17,1546009.02,43500.4,2024-03-19
2902900350,1356812463,21336848696.78,66090.5,1020.33,3215120.88,75346.15,2024-03-19
2902900350,4218531755,5484570004.39,6480.46,146.19,406896.68,7387.5,2024-03-19
2902900350,2779275668,14166214109.04,40932.65,741.56,2700359.23,46661.81,2024-03-19
2902900350,4525605017,21947046609.09,81117.03,1084.37,4702251.95,94510.46,2024-03-19
2902900350,9322287599,17539378084.93,32254.48,732.91,3321607.2,36770.04,2024-03-19
2902900350,4364406935,7019632527.58,11610.32,204.12,643130.63,13248.0,2024-03-19
2902900350,1234043534,7823005497.58,30781.94,509.51,1508053.22,35090.35,2024-03-19
2902900350,7246008752,2811619560.18,8611.66,205.74,621911.54,9817.0,2024-03-19
2902900350,1675657014,3352076223.81,10254.18,291.65,780124.0,11689.41,2024-03-19
2902900350,4261261216,11064957249.92,35518.26,870.75,2742757.01,40552.77,2024-03-19
2902900350,7477098630,105894045688.28,108309.08,1766.2,5711666.15,123468.6,2024-03-19
2902900350,2354000104,14811498463.61,41983.01,978.45,3837471.77,47859.18,2024-03-19
2902900350,9437400903,8100233619.83,14527.68,391.59,612404.41,44789.4,2024-03-19
2902900350,2343312862,16829489094.78,32840.17,700.19,1811828.9,37679.92,2024-03-19
2902900350,9204333885,9915224838.62,11265.74,186.92,745888.03,15244.68,2024-03-19
2902900350,5274518868,26483631351.84,51617.33,2448.67,3581800.37,69340.32,2024-03-19
2902900350,6202142202,13438012232.93,37140.46,437.23,3182336.28,42541.03,2024-03-19
2902900350,6045022501,6062687345.97,16095.37,678.65,984922.71,18348.16,2024-03-19
2902900350,9025480362,26662897035.7,27141.24,500.27,1308066.15,30940.08,2024-03-19
2902900350,2396538950,7989165383.42,21809.99,522.66,1634762.77,24862.64,2024-03-19
2902900350,9089829040,14850354890.85,10268.04,264.4,704714.37,11705.21,2024-03-19
2902900350,2767011279,3169118446.79,7597.33,128.5,515787.81,8661.75,2024-03-19
2902900350,6257325671,10535658944.72,12003.86,371.12,704565.9,13683.98,2024-03-19
2902900350,4226153384,3873616162.39,5754.35,125.91,327375.34,6559.76,2024-03-19
2902900350,4595542614,17592524206.25,40268.44,975.49,2099648.6,45904.63,2024-03-19
2902900350,3008778470,3518679972.95,7351.6,223.34,474754.54,8380.57,2024-03-19
2902900350,2194391181,4656127087.03,5167.74,90.74,356803.71,5891.04,2024-03-19
5568905640,9681771290,2790818639.0,2438.3,124.62,59382.83,2526.93,2024-03-19
5568905640,3513387572,96654522.0,398.11,43.74,18472.7,412.58,2024-03-19
5568905640,5151825186,67977212.0,224.35,2.85,14849.14,232.51,2024-03-19
5568905640,1872370317,3527511992.0,4081.34,183.66,118720.56,4229.68,2024-03-19
5568905640,2570771997,164032369.0,640.6,11.61,72132.93,663.89,2024-03-19
5568905640,9797428377,48898963.0,150.84,6.75,6014.75,156.33,2024-03-19
5568905640,1152772430,405115414.0,1096.95,32.2,49606.28,1136.82,2024-03-19
5568905640,5101331446,488888199.0,1226.79,69.9,41089.54,1271.38,2024-03-19
5568905640,2459074719,2741956560.0,3228.8,72.95,78884.94,3346.15,2024-03-19
5568905640,3048539045,499464686.0,615.78,21.86,19287.41,638.16,2024-03-19
5568905640,4561323400,779322036.0,850.64,23.01,21772.72,881.56,2024-03-19
5568905640,5877194390,321416397.0,240.58,8.75,6308.87,249.33,2024-03-19
5568905640,2418257795,546215156.0,778.08,20.85,14060.9,806.36,2024-03-19
5568905640,2271181821,154258109.0,237.72,5.11,5858.87,246.36,2024-03-19
5568905640,9123289586,3336268452.0,2503.22,98.68,71971.16,2594.21,2024-03-19
5568905640,4603077000,110670442.0,99.29,7.15,2971.59,102.9,2024-03-19
1035543794,2766691656,0.0,0.0,0.0,9.6,0.0,2024-03-19
1035543794,1297958966,0.0,0.0,0.0,12.8,0.0,2024-03-19
3144474603,7957351487,0.0,0.0,0.0,11.8,0.0,2024-03-19
3144474603,5689524346,0.0,0.0,0.0,13.62,0.0,2024-03-19
3144474603,3055884931,0.0,0.0,0.0,7.26,0.0,2024-03-19
2656837900,9686786580,366384.0,1.04,0.0,23.65,1.02,2024-03-19
3144474603,2355571242,14045954.0,1.09,0.0,12.71,1.07,2024-03-19
3144474603,7040614133,1406634.0,1.09,0.0,6.36,1.07,2024-03-19
3144474603,1987218596,2792882.0,1.09,0.0,33.59,1.07,2024-03-19
4695215334,2759023118,411264.0,0.97,1.03,20.48,1.03,2024-03-19
5568905640,3234028894,9221.0,0.95,0.0,122.55,0.99,2024-03-19
3144474603,5437437298,7644750.0,2.19,0.0,9.08,2.14,2024-03-19
3144474603,6938393655,4332025.0,2.19,0.0,28.14,2.14,2024-03-19
3144474603,8861322422,5871168.0,2.19,0.0,15.43,2.14,2024-03-19
1035543794,5209603741,1026185.01,3.17,0.0,72.56,2.94,2024-03-19
3144474603,9479639228,5708080.0,3.28,0.0,51.75,3.21,2024-03-19
3144474603,9031959160,8704822.0,3.28,0.0,36.32,3.21,2024-03-19
3618949692,9761106737,497052.29,2.95,0.0,403.02,3.12,2024-03-19
3066661500,7042772233,3619500.0,2.9,2.09,34.25,3.07,2024-03-19
2830511829,1809444259,3711885.0,3.98,1.93,14.8,3.63,2024-03-19
3144474603,7217245631,7716101.0,5.47,0.0,39.95,5.34,2024-03-19
3144474603,6031250559,14474060.0,5.47,1.1,39.95,5.34,2024-03-19
3144474603,3617942643,10580334.0,5.47,0.0,73.54,5.34,2024-03-19
3144474603,7801735246,21772248.0,5.47,0.0,31.78,5.34,2024-03-19
3618949692,8137933576,3426885.0,4.92,0.0,28.27,5.21,2024-03-19
3066661500,4188212043,18165064.0,4.84,3.13,10.7,5.11,2024-03-19
4590233378,1343337661,80971850.53,6.51,0.0,19169.57,6.19,2024-03-19
3144474603,6939539038,33932497.0,6.57,0.0,88.97,6.41,2024-03-19
4695215334,2528213058,37248768.0,5.84,2.06,47.11,6.2,2024-03-19
1638662180,2723634347,41652576.0,6.45,3.65,78.28,5.76,2024-03-19
3144474603,8739736793,12669899.0,8.76,0.0,64.46,8.55,2024-03-19
4695215334,5812173363,19253992.95,8.75,3.42,14.34,9.3,2024-03-19
1035543794,4158584440,2088275.07,3.17,0.0,347.84,9.8,2024-03-19
3618949692,2134255170,12644709.0,9.83,0.0,41.94,10.41,2024-03-19
3144474603,2433395297,38967839.0,12.04,0.0,94.42,11.75,2024-03-19
3144474603,9306888902,29824718.0,13.14,1.1,123.47,12.82,2024-03-19
1035543794,2904157192,1251711.48,13.73,0.0,77.89,12.74,2024-03-19
2656837900,2757176174,1433208.0,13.49,0.0,541.0,13.24,2024-03-19
3144474603,7623897471,34360603.0,14.23,0.0,95.33,13.89,2024-03-19
1638662180,6985451686,92984976.0,13.97,0.0,36.84,12.49,2024-03-19
9823895920,8898743150,5290660.0,14.26,3.18,60.19,14.65,2024-03-19
3144474603,1349295418,56642501.0,16.42,1.1,139.82,16.03,2024-03-19
2344918624,1107847069,45666480.0,16.43,7.63,146.25,15.85,2024-03-19
3144474603,4274346245,69546839.0,19.7,1.1,164.33,19.23,2024-03-19
5007176908,8561532843,143247840.0,18.84,1.02,108.42,16.68,2024-03-19
1638662180,1468812002,66031392.0,19.34,4.56,222.86,17.29,2024-03-19
2656837900,7483745038,14256648.0,19.71,2.3,1286.29,19.35,2024-03-19
3618949692,6077202362,35421078.0,18.68,0.0,65.65,19.78,2024-03-19
3066661500,2728101765,58462164.0,18.37,16.7,179.81,19.41,2024-03-19
3963576121,5452206693,10287095.0,20.39,0.95,65.99,18.11,2024-03-19
2997065377,3683032015,39128859.0,20.84,10.93,45.45,19.69,2024-03-19
1638662180,6906228276,93441264.0,21.49,3.65,159.32,19.22,2024-03-19
3144474603,2602717003,89606663.0,24.08,2.2,69.91,23.51,2024-03-19
3144474603,1664212110,90646349.0,27.36,4.4,344.09,26.71,2024-03-19
3618949692,9040172038,12108327.0,24.57,6.46,31.0,26.03,2024-03-19
1638662180,6768919956,100817920.0,27.93,4.56,231.15,24.98,2024-03-19
4695215334,4476928840,11182464.0,40.85,0.0,312.35,43.41,2024-03-19
3963576121,7243149849,60749325.0,45.06,0.94,258.95,40.02,2024-03-19
8181642239,3040155928,34593843.0,56.75,3.28,3291.61,68.18,2024-03-19
3886905599,7083342211,14753263.0,72.13,1.03,139.5,65.59,2024-03-19
1638662180,5952405372,787998512.0,80.58,19.78,1060.88,72.06,2024-03-19
7861628118,3082896549,93199989.0,74.79,23.78,357.55,78.68,2024-03-19
2656837900,2330044393,36440826.35,86.12,2.75,216.59,84.52,2024-03-19
5788584904,2907435678,470921695.0,78.39,10.34,294.45,90.09,2024-03-19
5568905640,8246121203,67110438.0,83.06,8.11,3033.36,86.08,2024-03-19
2656837900,5465389887,32834472.0,133.85,1.83,2849.7,131.36,2024-03-19
3963576121,4649654302,106146495.0,145.91,4.24,700.86,129.59,2024-03-19
3144474603,7822222889,759449851.0,156.53,12.1,1255.63,152.81,2024-03-19
3144474603,1637317450,677477745.0,204.69,13.76,1640.58,199.83,2024-03-19
1638662180,9673611642,666810592.0,200.91,16.18,819.6,179.67,2024-03-19
7192602240,5305628808,130584838.09,7.38,0.0,18793.72,7827.38,2024-03-19
2009937203,4006206650,406818336.0,1412.73,61.41,1763.81,1448.0,2024-03-19
2009937203,1620578998,30791312.6,1106.19,0.0,32159.86,1133.81,2024-03-19
2009937203,1226427383,276628122.59,220.42,2.69,15727.44,343.61,2024-03-19
2009937203,8374222542,7528352.25,4.1,0.0,656.64,173.38,2024-03-19
9061489677,9205970254,689538076.5,59.41,6.39,2547.27,53.07,2024-03-19
9061489677,4046852002,466490011.0,34.56,4.26,1156.58,30.88,2024-03-19
8016849046,1111238057,16662503.55,5.42,0.0,1809.95,1728.04,2024-03-19
6096057999,5336250406,2817955696.65,312.48,17.2,9234.72,311.39,2024-03-19
6096057999,7227711162,2335041620.0,561.46,17.2,2279.74,559.51,2024-03-19
6096057999,9998306906,2319702143.92,249.98,12.9,5193.7,249.12,2024-03-19
6096057999,6695688148,113678297.41,7.06,0.0,21654.92,7.03,2024-03-19
6096057999,5824140938,76401710.29,10.08,0.0,7160.93,4765.35,2024-03-19
6096057999,7665822603,218152120.47,108.86,0.0,2662.94,424.9,2024-03-19
7954325167,8234445409,1882349175.36,1661.05,294.44,6893.44,1720.36,2024-03-19
7954325167,1665333476,488905542.99,8958.53,285.15,261318.35,9278.38,2024-03-19
7954325167,2027030020,280774624.0,43.23,8.53,626.4,44.77,2024-03-19
7954325167,4107157191,567050223.5,45.15,0.0,112338.34,6115.27,2024-03-19
7954325167,8030836364,904988328.0,277.64,3.2,3207.85,287.56,2024-03-19
3242008195,2082026989,1278438304.0,322.79,37.42,2292.2,333.71,2024-03-19
3242008195,2101108044,528569136.0,44.86,4.25,298.0,46.38,2024-03-19
5220099305,6369925877,1064147778.0,209.64,16.7,812.29,194.32,2024-03-19
5220099305,7819498208,125479706.46,42.35,3.79,5746.94,77.53,2024-03-19
2908459842,2136298600,722313331.82,202.98,20.45,28275.46,591.83,2024-03-19
2908459842,2677963132,7261876.0,15.11,0.51,69.47,17.19,2024-03-19
6617865151,9630838892,227664492.6,584.11,1689.09,209049.05,516.09,2024-03-19
4434935446,2292768328,8409402.0,4.59,0.0,62.57,4.98,2024-03-19
4434935446,4220794442,79902751.34,11.94,0.0,326.15,12.94,2024-03-19
4434935446,8192782316,12160125.0,3.67,0.0,43.61,3.98,2024-03-19
4434935446,5052353209,32146134.62,11.94,0.0,627.64,12.94,2024-03-19
4434935446,1191218511,21857635.53,14.69,6.73,137.47,15.92,2024-03-19
4434935446,8535840933,33453855.0,26.63,16.34,270.21,28.86,2024-03-19
4434935446,7694252561,26105657.92,26.63,7.69,488.27,29.86,2024-03-19
4434935446,3510772354,268376100.01,169.9,152.78,7475.77,196.07,2024-03-19
4434935446,2989226273,159408295.72,85.41,54.77,2386.37,92.56,2024-03-19
4434935446,8771583212,258938775.08,281.03,317.1,5457.26,304.56,2024-03-19
4434935446,2375870138,0.0,0.0,0.0,41.72,0.0,2024-03-19
4434935446,1620571336,141770922.91,78.06,68.22,3056.67,105.5,2024-03-19
4434935446,6913992161,43083587.7,41.33,17.3,1740.71,50.76,2024-03-19
1885813372,7572935085,1049193370.52,650.58,62.03,90587.68,28164.01,2024-03-19
1885813372,6480514551,35578458.39,3.99,11.52,3584.96,3435.95,2024-03-19
1885813372,4407946687,73258861.12,1374.89,672.53,28498.72,1486.4,2024-03-19
1885813372,7194042486,166247503.18,1888.98,1892.39,66223.51,2052.95,2024-03-19
1885813372,4649087835,3397847420.23,2585.4,155.93,161195.39,58638.4,2024-03-19
3841673253,8869552614,3953679836.0,4765.38,3364.96,53100.97,4821.16,2024-03-19
7903592262,7364840525,1328643081.18,8130.63,3483.56,1680657.54,83941.72,2024-03-19
7903592262,8623255829,1273044887.54,4014.89,4224.17,1345445.63,88760.88,2024-03-19
7903592262,1379155460,1269206019.95,4871.66,1927.89,1311431.42,127330.79,2024-03-19
2600150899,2876450235,6325550910.0,3670.31,33.15,25987.22,3624.47,2024-03-19
8474378044,4448119828,3416905800.0,2578.85,159.73,33277.04,2224.41,2024-03-19
7722700863,1572066946,86700608.0,153.08,0.0,2954.19,139.98,2024-03-19
7722700863,9166150971,105204320.0,190.0,0.0,2350.54,173.74,2024-03-19
3020795441,3364254216,642794986.0,1179.9,2.16,10100.36,1209.2,2024-03-19
3020795441,7793684943,451985481.0,265.62,4.31,1975.65,272.22,2024-03-19
6896348925,5138566731,711671410.0,1994.47,2.76,22814.27,1906.94,2024-03-19
9566447651,3516364915,1650969.86,1.91,0.0,1743.99,1.87,2024-03-19
2977761935,4003871089,815131392.11,224.24,0.94,215019.28,45480.78,2024-03-19
2977761935,6460405104,545000558.32,5317.19,5.61,114801.99,33601.28,2024-03-19
6835683414,6993359403,1805103279.29,3447.84,568.48,192538.14,51491.31,2024-03-19
9634558898,5474739075,842683392.46,553.17,210.99,80517.15,40347.66,2024-03-19
9634558898,3735954527,166480433.82,69.53,0.0,42678.95,74.93,2024-03-19
9634558898,6378149660,338855695.18,109.41,0.0,84452.17,114.53,2024-03-19
9634558898,7094481308,275387341.12,79.75,0.0,69285.68,83.49,2024-03-19
9634558898,6609618205,193793225.79,79.75,0.0,52183.31,83.49,2024-03-19
9634558898,4829990546,226040398.38,56.24,0.0,55416.1,58.87,2024-03-19
9634558898,7368434434,171536810.34,67.48,1.87,43613.15,81.35,2024-03-19
3086145695,7835553874,5112518402.0,5018.77,52.94,16604.49,4496.33,2024-03-19
3086145695,8528996441,811591999.0,419.29,6.38,2600.72,375.64,2024-03-19
3086145695,6059177986,1117119902.26,1627.28,2.58,130753.4,2256.72,2024-03-19
5082057286,6387857551,148598226.0,140.46,0.0,1263.12,145.68,2024-03-19
5082057286,1950849582,359001384.68,389.28,1.16,45187.09,492.2,2024-03-19
7017462971,5111421035,292070312.52,154.16,4.35,15316.1,3097.99,2024-03-19
5128952228,3520742278,29339247689.67,617.42,77.16,6781.14,602.37,2024-03-19
5128952228,1236415031,13600906059.4,182.02,55.62,5247.79,1252.17,2024-03-19
7757875170,5136913048,15026338864.38,402.91,800.44,16387.15,435.34,2024-03-19
7757875170,4365941222,12116935617.58,217.94,248.1,5529.64,235.48,2024-03-19
7757875170,4146975662,7923787244.6,195.04,250.06,8473.72,210.74,2024-03-19
7757875170,1507696332,287699641860.41,3813.89,27.72,135947.36,4731.31,2024-03-19
7757875170,5768424215,42644527562.0,263.72,0.0,4919.62,284.95,2024-03-19
7757875170,1175050870,5510760970.0,92.49,334.72,530.25,99.93,2024-03-19
7757875170,5341551241,315303311466.65,6819.22,5670.99,526109.96,37906.88,2024-03-19
7757875170,2161496164,8360170668.78,423.97,310.37,22002.19,458.09,2024-03-19
7757875170,6073342415,25950551762.7,17.4,0.0,108843.48,18.8,2024-03-19
7757875170,5054035183,47112247683.25,2160.14,125.95,37007.87,2333.99,2024-03-19
4571331389,9138097200,13680674643.0,118.24,33.86,438.79,125.21,2024-03-19
8018066855,4788459244,412108390337.84,772.31,198.51,35676.55,11471.08,2024-03-19
8018066855,6771028402,42807836521.72,571.91,0.0,14314.76,582.31,2024-03-19
2009975355,2986277351,304587500298.42,479.66,240.01,38242.09,7493.17,2024-03-19
2009975355,9957291008,7651936647.0,28.5,0.91,91.79,28.89,2024-03-19
5171899165,3249635971,2446527692.03,1586.93,290.22,2844.5,1381.67,2024-03-19
5171899165,8187989883,283327410.5,669.25,1.01,33604.51,582.69,2024-03-19
4539006085,7932418416,5778814548.0,5174.82,226.69,24424.56,5619.86,2024-03-19
4539006085,7037738587,17923802895.75,22619.55,832.39,1626723.72,52726.95,2024-03-19
8009589948,4009560141,5115662561.12,21238.85,7232.33,530582.46,22770.23,2024-03-19
8009589948,1290380023,82683979.67,142.53,43.85,2450.63,142.06,2024-03-19
3777659666,5429479141,308340247.38,248.59,415.4,5385.57,227.93,2024-03-19
3777659666,7200527987,1368951394.54,1628.62,2760.21,36083.15,1493.3,2024-03-19
3777659666,8068215226,1489293003.71,2472.59,2220.89,86097.04,2267.15,2024-03-19
3777659666,3728619530,210172608.68,324.29,641.52,3838.21,297.35,2024-03-19
3777659666,1280366028,124708733.1,193.35,344.3,3445.29,177.28,2024-03-19
3777659666,6791642750,213161474.97,81.84,151.25,2019.59,75.04,2024-03-19
3777659666,3457085406,1102954627.61,817.38,1188.27,19198.26,749.46,2024-03-19
3777659666,1726168785,1087150882.62,1098.7,2338.46,9608.59,1007.41,2024-03-19
3777659666,3939048268,147943336.2,164.7,342.46,2910.88,151.02,2024-03-19
3777659666,4662765987,9820034.17,22.51,9.62,6768.91,21.57,2024-03-19
3777659666,8202308913,933342084.71,1047.55,156.72,344116.01,16068.88,2024-03-19
3777659666,5899034662,810481633.51,1363.66,270.18,765449.54,1378.86,2024-03-19
3777659666,7419358291,1406677655.82,1205.09,1130.06,26824.22,1104.96,2024-03-19
3777659666,9807166668,213019544.67,159.59,182.42,2408.91,146.33,2024-03-19
3777659666,2555843366,227111220.72,204.6,173.48,7707.96,187.6,2024-03-19
3777659666,1406602045,159575181.22,43.99,0.0,1568.99,40.33,2024-03-19
3155375047,8290166887,168063468.64,78.63,35.99,526.34,70.25,2024-03-19
1138743890,3988204634,484921120.07,1017.45,420.94,54825.87,9692.13,2024-03-19
1138743890,6753423374,2335244924.9,3681.74,178.14,121262.63,4858.75,2024-03-19
1138743890,9903728134,1699873794.49,4223.78,141.72,207644.19,4998.33,2024-03-19
1138743890,8843712267,781517758.0,1166.02,51.53,8673.75,1369.33,2024-03-19
7187956485,3977839559,1578894820.44,3180.1,190.19,200310.11,3854.64,2024-03-19
4840214693,3920074294,772015465.0,691.53,28.96,85011.58,699.17,2024-03-19
1848619060,1974155993,17066848.0,5.09,0.0,36.35,5.31,2024-03-19
1848619060,2880514341,39405912.02,40.7,2.12,7182.58,44.64,2024-03-19
1848619060,1040131924,34746982.52,434.47,0.0,17460.38,453.82,2024-03-19
1848619060,3264598441,26565389.17,218.76,0.0,13053.78,228.5,2024-03-19
3979990204,9370352805,390830627.0,297.24,4.5,8286.01,306.61,2024-03-19
3979990204,7210511663,1277559462.67,795.71,2.93,81410.26,9721.96,2024-03-19
3979990204,7331017676,2748431628.14,1642.19,20.88,155033.71,2115.79,2024-03-19
3979990204,6569611257,3324213999.74,3978.56,30.51,292683.11,31934.88,2024-03-19
3979990204,2392782233,189605965.0,4632.12,0.0,110680.96,4778.14,2024-03-19
3979990204,9517574814,908214249.23,6954.64,0.0,165736.52,7173.87,2024-03-19
8783260087,2687591072,423965990.17,143.22,0.0,89409.29,43464.44,2024-03-19
6660540879,9214148267,456518638.05,8203.52,8222.87,98411.98,9399.36,2024-03-19
6727254708,4417040446,1051338900.0,1490.24,24.66,49710.0,1485.65,2024-03-19
6727254708,8428077364,806414040.0,1100.5,18.74,50553.27,1097.11,2024-03-19
6727254708,9520852297,458235750.0,547.89,7.61,23248.86,546.21,2024-03-19
6727254708,6213872490,162467700.0,151.57,0.98,6043.14,151.1,2024-03-19
6727254708,8459383999,50105160.0,74.37,2.17,3023.63,74.14,2024-03-19
6727254708,8668544912,3431682797.02,3532.13,2151.77,264714.5,12395.71,2024-03-19
6727254708,4176490104,14761380764.97,13458.25,406.76,698634.74,13416.8,2024-03-19
6727254708,6569004294,7626081369.09,8482.96,103.91,428585.34,8456.82,2024-03-19
6727254708,1782736977,18708627243.03,23519.94,177.47,1163717.03,23452.18,2024-03-19
6727254708,2533514542,7420317411.1,8257.96,303.19,408777.62,8232.52,2024-03-19
6727254708,8905303443,10528555495.27,10310.21,211.18,497426.78,11255.43,2024-03-19
6727254708,3387327912,332325810.0,3409.75,113.92,129422.28,3399.25,2024-03-19
6727254708,8179299134,517237710.0,1584.38,30.94,79839.08,1579.5,2024-03-19
6727254708,5122639002,2241300339.1,2024.95,23.14,123885.31,2220.49,2024-03-19
6727254708,6664358677,9812876398.17,12528.15,285.69,607733.08,12489.56,2024-03-19
6727254708,8630067615,737534610.0,819.96,10.03,25809.61,817.43,2024-03-19
6727254708,2771937973,41845290.0,67.78,0.0,11005.89,67.57,2024-03-19
6727254708,7941954794,4406936917.54,5265.25,63.7,301184.65,5249.03,2024-03-19
6727254708,2588552650,60599340.0,72.49,0.4,738.12,72.26,2024-03-19
6727254708,6863770246,3079865428.7,2236.77,80.46,155991.66,42433.34,2024-03-19
6727254708,6271169187,403712520.0,529.07,1.61,4917.39,527.44,2024-03-19
4489463942,4340148194,578807497.21,4737.59,754.77,418375.6,20918.07,2024-03-19
8569046102,1908468462,4278806496.0,13493.75,146.18,648186.21,11829.6,2024-03-19
8569046102,5429744666,115622064.0,1433.41,7.39,56097.61,1256.63,2024-03-19
8569046102,6993548925,1825209367.87,4474.72,36.34,169793.25,3922.86,2024-03-19
4765961919,9283845520,160275780.0,3046.8,56.65,4781.5,2812.34,2024-03-19
4765961919,9846984747,14175450.0,750.58,9.41,1236.59,692.82,2024-03-19
4765961919,6645732935,17599140.0,479.62,5.01,934.63,442.71,2024-03-19
4765961919,2144622753,14459940.0,535.98,8.73,819.6,494.74,2024-03-19
4765961919,3949373343,10683090.0,335.24,1.0,577.08,309.44,2024-03-19
4765961919,3916566485,9133110.0,286.78,3.01,395.9,264.71,2024-03-19
4765961919,9258708216,22857300.0,444.02,9.02,726.62,409.85,2024-03-19
4765961919,7581590006,63176400.0,1023.51,14.03,1688.09,944.75,2024-03-19
4765961919,4904411585,6121440.0,200.75,5.76,324.97,185.3,2024-03-19
4765961919,7822116306,2349750060.0,6751.22,47.64,126629.14,6231.69,2024-03-19
4765961919,5249567097,733640850.0,2814.41,16.55,81464.7,2597.83,2024-03-19
4765961919,3489109962,101759130.0,335.24,3.42,8478.82,309.44,2024-03-19
4765961919,3723944607,50344920.0,215.58,1.16,6458.09,198.99,2024-03-19
4765961919,5487028404,181965690.0,466.76,0.59,15241.74,430.84,2024-03-19
4765961919,6178687279,2906663478.45,3037.9,97.99,218483.15,20606.46,2024-03-19
4765961919,3104077214,1820950657.51,4318.53,62.2,188066.78,4052.83,2024-03-19
4765961919,3504030680,2789691706.77,6617.72,118.34,321745.46,6108.46,2024-03-19
4765961919,9013939677,3508666983.48,6757.15,61.99,215115.59,6238.08,2024-03-19
4765961919,9508115924,252625959.48,454.89,5.06,18615.05,419.89,2024-03-19
4765961919,7566547729,147081330.0,209.65,1.87,7315.08,193.51,2024-03-19
4765961919,7955584308,391615200.0,510.27,10.89,28839.48,471.0,2024-03-19
4765961919,3875433853,1167665961.19,1888.8,25.85,70062.16,1743.45,2024-03-19
4765961919,1784548150,3358094499.13,6112.39,79.4,146132.82,5642.02,2024-03-19
4765961919,9417895927,1981339110.27,3969.44,48.86,149566.52,3664.89,2024-03-19
4765961919,6091608057,1983119832.26,4445.11,111.1,187090.92,4117.64,2024-03-19
4765961919,3542142104,2973830479.52,3127.89,74.53,181065.16,2932.83,2024-03-19
4765961919,4792387907,927568352.71,309.53,0.0,380025.47,14806.53,2024-03-19
4765961919,2757454521,4004571959.94,29587.89,6604.39,1646392.62,28033.91,2024-03-19
4765961919,4112022469,109950480.0,499.39,7.9,1110.06,460.96,2024-03-19
4765961919,5147959448,1540358847.4,6458.51,681.98,360091.38,6070.12,2024-03-19
5660113447,5989242753,3751726128.79,7786.67,108.52,490707.45,9016.13,2024-03-19
5660113447,5642448801,43372080.0,25.43,0.0,338.46,24.41,2024-03-19
5660113447,6019366399,34335238.45,75.27,0.0,14815.41,72.25,2024-03-19
4338917831,8385844712,303858672.0,1709.72,0.0,11957.52,1596.06,2024-03-19
4338917831,9585010353,94875084.0,1879.77,0.0,8260.41,1754.81,2024-03-19
4969504105,2151528150,1364548149.27,24532.87,0.98,1068402.9,22702.32,2024-03-19
4969504105,7951503660,325518620.86,207.79,27.6,2011.54,298.18,2024-03-19
4969504105,7657601693,281377423.98,244.93,2.93,17627.29,1304.18,2024-03-19
3551284065,9837986502,110761685.08,214.3,15.92,385.16,216.19,2024-03-19
3551284065,1089674103,1266183555.0,518.58,11.61,5233.03,523.17,2024-03-19
3551284065,8079664411,647518285.0,236.56,2.4,1632.91,238.65,2024-03-19
3551284065,5312791551,435267435.0,238.42,1.27,2376.85,240.53,2024-03-19
3551284065,2669997652,323436910.0,159.56,0.96,1170.53,160.97,2024-03-19
8000140564,8494998479,180659500.0,72.74,19.44,311.03,68.83,2024-03-19
8000140564,2486172590,109629576.9,64.13,5.6,186.8,60.68,2024-03-19
8000140564,5383985748,406417718.0,171.32,20.49,1323.02,162.12,2024-03-19
8000140564,2269123162,109779908.0,42.11,5.25,256.62,39.85,2024-03-19
8000140564,8427882277,55001912.0,14.36,5.25,56.22,13.59,2024-03-19
8000140564,4240431514,247875012.0,91.88,5.25,378.14,86.95,2024-03-19
8000140564,6581304792,47246276.0,27.76,5.78,176.83,26.27,2024-03-19
8000140564,2814787845,165596060.0,71.78,7.88,741.76,67.93,2024-03-19
8000140564,8686722746,464776829.05,171.32,28.37,1526.14,162.12,2024-03-19
8000140564,1728187946,503259570.21,250.76,21.01,2013.1,237.29,2024-03-19
8000140564,6721458095,140354620.0,123.47,12.35,876.88,116.84,2024-03-19
8000140564,2897337229,98244509.87,89.97,9.39,724.53,85.14,2024-03-19
8000140564,5408085396,468033438.93,181.85,13.34,1727.45,172.08,2024-03-19
8000140564,7161615415,282810851.45,198.12,22.74,2169.07,187.48,2024-03-19
8000140564,8865490323,757435010.52,488.12,28.79,4222.06,461.91,2024-03-19
8000140564,3601748810,91490042.0,54.55,25.74,449.77,51.62,2024-03-19
8000140564,6450666241,105610986.99,82.31,15.28,476.98,77.89,2024-03-19
8000140564,5745932655,540166816.0,297.66,16.99,2491.89,281.67,2024-03-19
8000140564,1537102753,222419130.7,109.11,33.1,906.8,103.25,2024-03-19
8000140564,9130319191,125596520.0,200.03,28.02,1372.9,189.29,2024-03-19
8000140564,4796391487,3467555965.9,1400.24,381.7,13777.92,1325.04,2024-03-19
8000140564,6929001598,803413364.2,575.22,51.9,4224.78,544.33,2024-03-19
8000140564,7631788624,40295650.59,24.88,3.15,67.1,23.55,2024-03-19
8000140564,7566066340,70451237.64,113.89,13.05,282.92,107.78,2024-03-19
8000140564,8822076937,38278393.38,88.05,20.23,211.28,83.32,2024-03-19
8000140564,6123740404,18413190.79,19.14,1.93,47.15,18.11,2024-03-19
8000140564,3791833890,12386626.0,23.93,0.0,44.43,22.64,2024-03-19
8000140564,2466488669,378072457.21,209.6,37.48,600.3,198.35,2024-03-19
8000140564,2560280729,93386110.78,56.47,5.66,137.83,53.44,2024-03-19
8000140564,3157386915,134919568.0,62.21,13.66,155.06,58.87,2024-03-19
8000140564,9492833167,80917592.59,53.6,14.71,247.56,50.72,2024-03-19
8000140564,8388198437,48650840.0,19.14,5.44,47.15,18.11,2024-03-19
8000140564,8850063753,91968408.0,65.08,6.48,175.92,61.59,2024-03-19
8000140564,8915708680,250134528.0,229.7,52.02,638.39,217.37,2024-03-19
8000140564,6932659090,68973623.08,94.75,15.41,223.98,89.66,2024-03-19
8000140564,4414317584,102940292.0,87.1,4.2,142.37,82.42,2024-03-19
8000140564,6880254442,239516271.49,88.05,21.01,210.38,83.32,2024-03-19
8000140564,1073664272,193575382.0,110.07,15.0,357.28,104.16,2024-03-19
8000140564,1130813901,159753888.0,55.51,17.86,160.5,52.53,2024-03-19
8000140564,9030904748,157097430.0,62.21,4.42,212.19,58.87,2024-03-19
8000140564,1176623886,232139824.0,110.07,21.01,1046.45,104.16,2024-03-19
8000140564,9677859849,357087846.62,292.87,125.02,7694.2,278.96,2024-03-19
8000140564,3358981893,104983876.64,100.5,4.2,1631.33,230.05,2024-03-19
8000140564,9893318322,182502081.35,91.88,18.96,3800.4,90.57,2024-03-19
8000140564,4187537434,153645534.84,71.78,18.9,4049.77,95.1,2024-03-19
8000140564,3428732882,84323432.3,44.03,5.25,1359.29,354.13,2024-03-19
8000140564,2785842466,330092112.29,216.3,29.94,2627.0,207.41,2024-03-19
8000140564,7562814826,79721402.79,90.92,73.52,1949.62,107.78,2024-03-19
8000140564,7162156694,513472504.16,243.1,18.16,6465.48,268.09,2024-03-19
8000140564,3466636515,365580317.92,382.84,45.09,5629.41,365.0,2024-03-19
8000140564,1849538785,136180728.05,160.79,39.91,9325.53,152.16,2024-03-19
8000140564,6338277531,497076257.09,246.93,239.99,7798.48,242.73,2024-03-19
8000140564,9306167524,5757812.66,3.83,0.0,58.94,4.53,2024-03-19
8000140564,6835413833,77493518.99,38.28,6.3,526.85,86.95,2024-03-19
8000140564,4322279418,231508788.0,158.88,3.15,2309.62,150.35,2024-03-19
1430064570,3305684637,57779250.0,54.93,0.0,615.22,49.27,2024-03-19
1430064570,2841595741,58192630.0,29.66,0.0,399.6,26.61,2024-03-19
1430064570,5234067991,124549515.0,57.12,0.0,692.37,51.24,2024-03-19
1430064570,3907186854,69184780.0,29.66,0.0,439.16,26.61,2024-03-19
1430064570,9158083279,214042279.91,383.38,0.0,4117.62,343.9,2024-03-19
1430064570,4145974114,195262159.69,213.11,0.92,2457.91,191.17,2024-03-19
1430064570,6705694970,179012330.0,99.96,0.92,1892.15,89.67,2024-03-19
1430064570,7762759321,369136723.08,404.25,3.7,7649.7,377.41,2024-03-19
1430064570,7305920857,351473884.45,473.45,3.7,8413.28,427.66,2024-03-19
1430064570,7929233476,479705066.01,1724.64,1.85,48623.17,1578.61,2024-03-19
1430064570,2819553347,106890450.34,208.72,0.0,2238.33,187.23,2024-03-19
1430064570,4185168763,318025050.09,887.59,11.1,20418.98,822.81,2024-03-19
9421916553,8117501191,152627231.86,15.51,0.0,24438.73,1525.18,2024-03-19
9421916553,2164255673,387797132.41,322.64,13.51,8682.78,1072.26,2024-03-19
9421916553,2438605723,275269134.78,160.29,18.32,6925.45,2420.48,2024-03-19
9421916553,6798221224,95576458.66,23.78,0.0,28102.06,6280.83,2024-03-19
9421916553,6582784664,96566535.82,62.05,0.0,4899.37,1545.19,2024-03-19
7930903559,8616247946,14927526.05,9.87,0.0,99.25,8.2,2024-03-19
3941929869,3162512464,3822696015.24,50.67,8.5,156.81,53.73,2024-03-19
8201637580,9958704136,4413783600.0,68.16,13.36,136.59,60.55,2024-03-19
8201637580,2413006068,3074659800.0,43.28,6.51,75.88,38.44,2024-03-19
8201637580,8680558429,16768630500.0,35.7,0.07,73.86,31.72,2024-03-19
2990144704,8851938088,49304476163.01,504.24,33.78,75962.51,34479.65,2024-03-19
2156171975,9475566114,75696315600.0,19.64,0.0,23.18,21.49,2024-03-19
7825259319,1564824021,3541464990.0,506.41,220.21,1215.73,543.51,2024-03-19
7825259319,3213728812,454095450.0,34.19,14.83,76.11,36.7,2024-03-19
7825259319,8683862038,286578211.92,60.07,13.5,949.85,64.47,2024-03-19
8308372271,3095974941,2952853717.17,586.89,223.55,129381.3,72784.42,2024-03-19
9792369345,3652839122,25976067.75,773.95,112.94,40545.7,11837.04,2024-03-19
6991056822,3052687063,34975044.0,794.0,0.0,2383.77,784.13,2024-03-19
6991056822,3737602943,22945608.0,1209.33,0.0,2017.25,1194.31,2024-03-19
6991056822,6947502491,136926406.65,652.67,350.0,12855.81,649.89,2024-03-19
6991056822,5766394111,1110919757.73,2420.83,1098.22,74541.63,2393.95,2024-03-19
3017575657,3244083729,207022650.0,760.89,0.0,2166.35,699.05,2024-03-19
3017575657,5796469431,95163960.33,65.41,19.23,4149.82,64.1,2024-03-19
3017575657,3195535552,288130471.86,232.19,54.02,12658.47,367.55,2024-03-19
3017575657,7666698151,107344631.63,62.14,17.4,3497.71,59.09,2024-03-19
3017575657,7131900383,1957046495.63,1653.68,675.71,59160.61,1526.29,2024-03-19
7949948303,4305518779,37244697.18,109.11,31.75,557.05,114.19,2024-03-19
7949948303,6892208816,186944481.0,326.42,74.39,7297.1,341.62,2024-03-19
5509067989,4711826383,85758708.0,57.62,0.72,436.79,62.62,2024-03-19
5509067989,6291704666,202289220.0,235.46,4.95,1949.49,255.89,2024-03-19
5509067989,9673455954,162310356.0,76.5,0.0,185.8,83.14,2024-03-19
5509067989,7678131367,203321688.0,184.79,6.93,1589.56,200.82,2024-03-19
3878840424,4126371401,8288554114.74,2030.76,31.35,34615.25,2006.94,2024-03-19
3878840424,5827362456,4920777749.54,2234.21,34.24,8180.54,2208.02,2024-03-19
1366387738,6312414152,288598974.27,404.1,0.0,665915.49,384.47,2024-03-19
7526521017,1141378532,8287918374.95,2845.63,47.49,32450.97,3040.41,2024-03-19
8367057304,1587827183,74095595.0,19.17,0.0,93.1,21.61,2024-03-19
6118790924,8949328939,19808550.0,59.23,6.1,2681.85,58.56,2024-03-19
9251961671,3400643635,561564823.28,159.35,19.07,747.98,177.14,2024-03-19
9251961671,3724047055,68370004.12,28.97,0.9,3666.4,147.96,2024-03-19
9251961671,7606731141,77975918.76,128.57,3.63,10668.0,1383.94,2024-03-19
9251961671,3139228482,33546205.8,28.07,0.0,5013.37,609.94,2024-03-19
9251961671,1375028584,843134514.25,840.21,19.91,15245.46,944.1,2024-03-19
9251961671,5329245747,923937010.24,514.27,30.05,51346.73,8622.69,2024-03-19
9251961671,7907906253,324753274.44,255.32,8.14,5296.25,302.96,2024-03-19
9251961671,6423734988,1079660403.93,385.7,33.22,5710.0,887.73,2024-03-19
9251961671,5413013263,72822068.32,114.99,1.84,2390.91,160.03,2024-03-19
4195391340,9934713171,475750034.0,119.25,4.78,2714.84,118.15,2024-03-19
4195391340,1504316774,170223625.0,78.79,2.47,2010.51,78.06,2024-03-19
4195391340,5897383886,89603424.97,50.04,1.42,8552.52,180.39,2024-03-19
4195391340,4162756987,349236979.0,75.59,0.08,1331.11,74.9,2024-03-19
4195391340,6812326356,64927814.0,19.16,1.77,289.85,18.99,2024-03-19
4195391340,6908734197,42691609.0,20.23,0.0,580.63,20.04,2024-03-19
4195391340,9837893618,14287867.33,15.97,0.0,301.85,15.82,2024-03-19
4195391340,3745897630,2214443203.95,591.97,14.22,109763.05,32998.33,2024-03-19
4195391340,4978576353,12322672942.81,3100.41,197.49,369410.77,3540.24,2024-03-19
4195391340,7743042960,427748208.79,35.14,0.0,95947.94,1527.5,2024-03-19
4195391340,7947044794,2041125780.99,1507.62,16.93,281557.5,1603.45,2024-03-19
4195391340,4089418979,144759594.39,371.58,0.0,178836.78,368.16,2024-03-19
4195391340,3386140695,429787304.02,64.95,0.0,89141.0,2042.29,2024-03-19
4195391340,4045134765,10470106632.9,2555.28,75.06,406709.55,3940.05,2024-03-19
4195391340,9654858519,483415676.65,256.59,8.2,31399.25,8398.06,2024-03-19
5213587138,6458752692,3590548542.0,824.82,94.26,1761.94,794.04,2024-03-19
5213587138,1540229871,438560220.0,95.51,6.51,287.03,91.94,2024-03-19
5213587138,5998217113,2904794928.0,768.87,59.33,11307.58,740.17,2024-03-19
5213587138,7271226030,1422328369.94,1116.16,26.68,4799.14,1074.51,2024-03-19
5213587138,6460754568,1567374620.94,2209.16,83.16,12549.08,2126.72,2024-03-19
5213587138,3912305227,531326555.58,93.58,3.26,9481.09,846.05,2024-03-19
5213587138,5540698961,6387031096.43,6114.27,285.29,31128.87,5886.1,2024-03-19
7383324448,9379166374,175484016.0,40.0,0.9,227.9,38.64,2024-03-19
7383324448,5196645487,171153216.0,16.22,0.0,91.16,15.66,2024-03-19
7383324448,5686855853,19419607.11,11.89,0.0,129.95,11.49,2024-03-19
7383324448,9155909583,117039870.0,28.11,9.04,141.59,27.15,2024-03-19
7383324448,5009047191,36892032.4,29.19,0.9,364.64,28.2,2024-03-19
7383324448,6456606566,290607507.0,41.09,0.0,273.48,39.68,2024-03-19
7383324448,6932428414,45538362.0,20.54,1.81,264.76,19.84,2024-03-19
7383324448,7807975206,8466714.0,28.11,0.0,261.85,27.15,2024-03-19
7383324448,2878326837,153228118.17,14.06,0.0,13211.59,3314.61,2024-03-19
7383324448,8089325590,77583428.0,117.85,3.61,2326.55,113.83,2024-03-19
4328703191,5207691164,13418443.71,171.53,276.16,749.43,148.75,2024-03-19
7401912762,4530068713,305251069.53,1606.65,0.0,18831.14,1608.47,2024-03-19
7401912762,4210933355,498399068.0,1418.38,1466.34,2913.42,1419.98,2024-03-19
7401912762,6798772910,406812395.44,958.28,7658.42,191866.88,15308.52,2024-03-19
8458175737,1373588784,95986720.0,254.97,1.45,4160.47,229.59,2024-03-19
8458175737,7709962372,33722768.0,26.41,0.0,48.88,23.78,2024-03-19
8458175737,3867256799,73592216.56,406.32,5.43,4208.29,365.88,2024-03-19
5048405933,9197432099,41962920.0,18.6,0.0,89.89,18.67,2024-03-19
5048405933,4312981896,111470546.51,80.29,0.0,10961.04,1777.7,2024-03-19
5048405933,3310651800,43890920.0,15.67,0.0,812.25,15.72,2024-03-19
5048405933,4791256610,49171713.93,98.89,0.0,34123.16,215.21,2024-03-19
5048405933,9232016675,20621902.46,326.04,200.45,12133.93,4018.26,2024-03-19
4260952526,2659546832,95621216.0,163.31,0.3,608.67,138.26,2024-03-19
4260952526,5963537745,258589978.47,397.53,1.14,18593.4,553.04,2024-03-19
4260952526,1781756106,38365044.0,42.98,1.02,424.7,36.38,2024-03-19
4260952526,7949461645,92582780.39,87.03,2.17,8555.31,151.9,2024-03-19
7107398469,3953733993,745379340.41,1205.88,37.21,58762.28,2683.29,2024-03-19
1544027227,9985101441,58352112.0,58.91,0.0,213.37,65.14,2024-03-19
1544027227,3197281385,13896288.0,14.25,0.0,233.34,15.76,2024-03-19
1544027227,7335056589,93052255.04,47.51,0.01,4309.51,58.84,2024-03-19
8698180854,5799763348,33484625.75,6.31,0.0,7431.51,6.52,2024-03-19
8698180854,5906162395,571292875.31,665.98,10.06,49545.54,815.74,2024-03-19
8698180854,6012738422,2330003485.0,864.83,0.0,27765.97,892.86,2024-03-19
4243137714,7440171285,3625479600.0,2835.33,38.63,5200.25,3009.91,2024-03-19
4243137714,7368152030,1326896758.89,773.36,17.45,79090.13,3337.89,2024-03-19
4243137714,5857688676,47987484.0,180.87,0.0,3767.82,192.01,2024-03-19
6912959742,2724644772,649573780.0,236.98,0.0,8069.45,225.62,2024-03-19
6912959742,1832056069,265597805.0,69.12,0.0,1654.02,65.81,2024-03-19
6912959742,6403987167,205455506.31,260.67,3.13,21680.9,248.19,2024-03-19
6912959742,5756705575,274653167.16,16.79,0.0,27442.51,21885.53,2024-03-19
6912959742,3159106168,1783903999.53,1905.68,20.13,27024.27,1841.66,2024-03-19
6912959742,5619950522,3437763810.09,3337.41,28.51,186426.83,3307.27,2024-03-19
6912959742,9176474996,304804610.0,87.88,0.0,3241.16,83.67,2024-03-19
6912959742,3873048974,287441730.0,428.53,3.31,9858.22,408.0,2024-03-19
6912959742,8068272184,120492400.0,59.24,0.0,1531.24,56.41,2024-03-19
6912959742,7944967537,386258595.0,259.69,1.81,7018.34,247.25,2024-03-19
6912959742,9352754769,0.0,0.0,0.0,18.97,0.0,2024-03-19
4295580695,4201190704,985111654.41,1612.17,33.46,148652.83,10910.8,2024-03-19
4295580695,2823847807,658308438.4,522.7,79.72,39598.05,11463.95,2024-03-19
4295580695,1520396287,583071920.53,1146.86,47.24,31529.87,1560.36,2024-03-19
4295580695,5732310624,181472244.95,289.02,9.59,7402.24,1354.05,2024-03-19
4295580695,3476279915,329033591.33,265.45,1.01,42239.67,1399.1,2024-03-19
4295580695,2416469605,93835884.0,479.65,3.04,1034.73,421.62,2024-03-19
8651798558,6050620149,339662778.73,500.58,511.12,9323.45,545.85,2024-03-19
7886265417,4880365383,3473333868.0,4646.88,72.65,41185.67,4712.48,2024-03-19
7886265417,3609786103,2749176094.06,3920.12,50.56,337460.59,9216.95,2024-03-19
7886265417,2327774194,915455182.26,1739.85,19.55,117774.72,2660.87,2024-03-19
7886265417,1123732602,1598329588.35,1447.27,33.17,116613.08,20865.64,2024-03-19
7886265417,6922823699,657197919.8,705.93,11.4,89319.41,3015.65,2024-03-19
7886265417,2603513256,1051910.96,6.25,0.0,234.81,38.01,2024-03-19
7886265417,2000767667,150545856.0,289.45,1.09,4155.18,293.54,2024-03-19
1967633865,4093331596,2005690985.85,771.96,1.86,83275.52,2706.58,2024-03-19
1967633865,1936722188,13418444.59,85.12,0.0,1183.63,126.62,2024-03-19
1967633865,8241888626,55956336.0,23.48,0.0,270.41,25.97,2024-03-19
5479808415,6179759957,57357377.03,61.9,2.83,5128.7,57.55,2024-03-19
5479808415,8160742643,77428489.83,52.13,0.01,4275.3,48.62,2024-03-19
5479808415,2948090453,87849285.11,102.08,0.13,9411.38,125.02,2024-03-19
6135802989,6114973672,43997731.7,83.5,2.91,12653.01,94.84,2024-03-19
6135802989,8959948793,106873803.0,119.15,91.86,443.72,135.33,2024-03-19
6135802989,7623710722,662760815.7,1042.34,37.55,7650.29,1388.48,2024-03-19
6135802989,2725020543,275525924.77,235.49,2060.09,16310.72,4612.98,2024-03-19
6135802989,2563227519,1052882591.0,3157.98,69.97,170516.74,3737.06,2024-03-19
6135802989,1798791427,337102125.26,1442.01,46.09,90490.79,1868.0,2024-03-19
6135802989,7318166129,152004166.94,488.8,8.61,15633.61,663.87,2024-03-19
6135802989,8511946771,0.0,0.0,0.0,12.91,0.0,2024-03-19
2899793385,4193135974,100084649.0,109.89,2.08,1835.89,115.52,2024-03-19
2899793385,6121797834,301439316.22,878.15,12.97,66199.77,951.08,2024-03-19
2899793385,2717881924,211537838.09,538.07,4.39,42285.11,665.26,2024-03-19
2899793385,7915374708,288817880.16,713.32,8.9,61817.66,810.66,2024-03-19
2899793385,5790083369,98493808.0,151.57,2.08,1642.69,159.34,2024-03-19
2899793385,7079228468,38303597.69,48.31,43.68,1314.92,50.79,2024-03-19
2899793385,6378031866,37182519.19,9.47,5.2,347.95,9.96,2024-03-19
2899793385,3034380795,277441457.01,587.33,5.9,53103.42,695.14,2024-03-19
2899793385,1198964695,273131230.43,215.04,1718.08,25254.57,4036.38,2024-03-19
6128140551,1645932763,215698836.0,88.47,4.28,298.65,88.18,2024-03-19
6128140551,8544551464,2495799.81,1.01,0.0,29.87,5.01,2024-03-19
6128140551,3366862475,165220407.0,177.94,0.0,4790.02,177.35,2024-03-19
6128140551,2809191200,200438389.38,85.45,0.0,9941.32,128.26,2024-03-19
8493138820,3042807969,83934033.0,938.2,20.12,1513.28,968.18,2024-03-19
8493138820,6336466789,320942652.0,197.1,1.28,1891.87,203.4,2024-03-19
8493138820,5285550488,107385043.45,118.26,0.52,7964.68,206.45,2024-03-19
8493138820,1140897213,468445401.78,550.89,13.18,28824.51,1179.72,2024-03-19
7730435073,3817287127,392172027.0,776.87,12.52,1706.46,704.31,2024-03-19
7730435073,6573169994,99924927.84,2772.68,0.0,79236.96,2513.71,2024-03-19
7730435073,6622504921,122843507.01,179.86,1.92,12855.67,182.71,2024-03-19
7486359225,4646476274,35942181.34,1.06,0.0,12204.77,8582.8,2024-03-19
7486359225,3336705782,105841502.32,242.04,2.11,20548.24,233.42,2024-03-19
7486359225,6280579402,22505727.97,5.31,1.06,3903.49,2869.72,2024-03-19
7486359225,8346632965,53197699.74,1.06,1.06,15379.27,11444.99,2024-03-19
7486359225,8920669048,16048589.09,6.37,1.06,3745.58,2608.07,2024-03-19
9347899940,7836364429,0.0,0.0,0.0,12.44,0.0,2024-03-19
9347899940,7110551532,30233147.1,1016.98,7.94,2868.0,1220.67,2024-03-19
9347899940,6897884920,347501800.0,405.88,15.45,1102.84,487.17,2024-03-19
9347899940,4306836960,32967544.63,89.79,0.0,8301.33,107.77,2024-03-19
9347899940,7909641022,89609548.8,163.08,0.98,5824.09,886.36,2024-03-19
9347899940,4909087387,53889262.53,87.04,0.0,16908.42,104.47,2024-03-19
9347899940,7052227560,189807453.47,373.81,0.0,2455.47,704.91,2024-03-19
9347899940,6602717241,113741734.31,862.14,15.55,2524.91,1034.82,2024-03-19
8452065073,2932844757,751054656.0,945.15,34.75,1871.72,1030.55,2024-03-19
8452065073,7687297864,2799092639.2,1882.92,23.75,129709.82,2849.12,2024-03-19
2826827076,9211652825,182434819.0,429.67,1.98,5012.45,448.09,2024-03-19
2826827076,7917601552,49808801.0,203.68,3.95,1772.75,212.41,2024-03-19
2826827076,8952139826,297145001.42,753.61,21.74,30356.11,944.74,2024-03-19
2826827076,6567830680,237380894.83,127.06,0.0,64629.53,29331.48,2024-03-19
1684414765,9013399028,193057539.65,552.65,5.64,18068.17,541.87,2024-03-19
1684414765,5401990458,59886538.22,807.64,0.0,9667.97,791.09,2024-03-19
1684414765,2260433912,62645925.0,109.89,0.0,935.88,106.51,2024-03-19
1684414765,8983236218,177626459.58,204.84,0.0,19040.12,294.72,2024-03-19
1672862023,6542870483,101140217.0,99.17,11.65,612.4,111.14,2024-03-19
1672862023,3148462592,43480745.0,257.47,1.06,3620.2,288.55,2024-03-19
1672862023,5684676954,50390436.0,358.55,4.24,3292.73,401.83,2024-03-19
1672862023,9225294647,68359350.28,154.48,1.06,15113.39,340.92,2024-03-19
1672862023,5010410974,101165545.69,1682.15,0.0,78535.39,1885.19,2024-03-19
2395255119,7131051713,1129627968.0,430.27,71.64,6557.01,468.2,2024-03-19
8564269730,9732122137,1362327824.96,1398.57,23.84,43449.73,1442.01,2024-03-19
8564269730,2949671968,1814493376.7,2557.47,49.08,212237.2,2558.47,2024-03-19
3457456980,4618035814,35992998.0,9.03,0.0,173.97,9.1,2024-03-19
3457456980,9377256100,248303446.26,244.88,5.57,7680.66,250.75,2024-03-19
4786168179,6554414209,6062066.46,1.98,0.0,26.02,1.89,2024-03-19
7676611041,9982835074,627720117.01,239.23,0.0,80193.22,74064.71,2024-03-19
7676611041,3182092727,533561655.63,61.08,0.0,73133.89,64349.58,2024-03-19
4396365888,1734060858,95322723.36,541.39,0.0,46329.17,619.69,2024-03-19
9421829897,5984326638,1621920768.0,1141.84,786.71,2073.18,966.23,2024-03-19
9421829897,8735863082,304382208.0,274.3,106.09,4458.25,232.12,2024-03-19
3610097806,5506472974,349442778.11,560.18,16.51,16971.89,1808.05,2024-03-19
3610097806,3640276264,88697498.37,122.64,20.66,872.78,178.83,2024-03-19
3610097806,2074589465,48884208.83,109.13,5.97,2291.38,386.83,2024-03-19
3274209063,1649291633,1633677394.44,2257.28,60.8,86238.23,8878.62,2024-03-19
2236384250,9999704340,3836746636.63,2909.09,32.48,23276.25,3415.44,2024-03-19
9686881868,6425666894,832333270.31,955.19,9.41,32996.32,5510.68,2024-03-19
6598325001,3740945209,1475546529.8,756.1,172.72,49888.09,6520.21,2024-03-19
7670223529,8610503394,1178575634.46,579.48,18.28,56380.55,8383.94,2024-03-19
1323839440,5705651197,199917333.02,1669.21,4.26,76424.8,1520.17,2024-03-19
8145530460,5030016691,412180513.25,560.55,9.51,3781.88,616.85,2024-03-19
6278335695,7982359364,278244823.0,444.52,5.13,740.21,487.32,2024-03-19
6278335695,5914119347,381441182.0,1361.8,2859.9,2226.71,1492.91,2024-03-19
6278335695,2939448075,201785092.0,341.59,727.75,549.84,374.48,2024-03-19
6278335695,9618759852,160337120.0,263.25,503.89,487.06,288.6,2024-03-19
6278335695,9509796164,58339157.0,118.42,176.45,182.27,129.82,2024-03-19
8198936230,2074444156,7934936045.64,4631.94,13.37,43870.39,4550.11,2024-03-19
6699715634,9290265495,242931582.06,246.44,3.33,1035.33,261.47,2024-03-19
6699715634,7458774535,501779621.6,452.6,13.49,1710.58,480.21,2024-03-19
6699715634,3249211559,150929101.03,164.93,6.28,705.82,174.99,2024-03-19
4045471774,4967547877,12995861881.6,12636.44,273.28,589398.07,70965.48,2024-03-19
3000721614,2912481878,220252455.34,480.58,7.62,18705.82,1644.37,2024-03-19
4139303472,8119256320,448245265.55,615.46,12.68,18129.61,2904.47,2024-03-19
4139303472,3749739442,684055443.99,1211.48,34.38,15645.74,1397.69,2024-03-19
1467415627,5784461467,40805322316.82,23442.62,597.35,120924.24,26704.88,2024-03-19
3566905478,1591535805,43495525834.11,27905.73,132.4,177038.94,28736.34,2024-03-19
3566905478,5686103085,4459129264.75,5510.19,10.88,152465.75,18625.12,2024-03-19
3566905478,1408070560,1030556804.96,731.74,1.16,32165.24,13348.43,2024-03-19
3566905478,9029127988,351547513.71,415.25,5.79,4476.38,919.58,2024-03-19
2901644731,4606888347,3185101542.49,4967.04,2151.53,166988.36,10727.89,2024-03-19
2071901562,1653613685,322034211.67,252.98,57.5,1700.97,271.08,2024-03-19
2071901562,2612960794,156506179.58,134.68,37.37,2682.23,150.17,2024-03-19
3722240279,2110203587,4190706349.82,2481.98,84.93,475656.95,9843.12,2024-03-19
6629749215,9721059687,1630233840.83,832.23,60.93,87949.95,2168.62,2024-03-19
6629749215,7552979656,175874221.6,159.61,26.66,1046.47,150.17,2024-03-19
8399250647,2776638908,1747360119.46,1088.55,325.76,9777.97,1091.86,2024-03-19
8399250647,8357920088,1566607331.68,834.92,1.54,59286.18,8578.47,2024-03-19
8399250647,2139655532,1443508653.25,571.42,58.89,72028.56,1574.93,2024-03-19
8399250647,6875812386,634695469.11,339.49,68.75,32051.21,340.53,2024-03-19
8399250647,4847824106,133183700.0,101.65,38.2,983.15,101.96,2024-03-19
8399250647,4707910745,1648438535.18,1690.56,318.25,1058163.79,1695.7,2024-03-19
8399250647,9337418335,126417193.87,114.48,27.3,28732.69,114.83,2024-03-19
8399250647,5390994746,219882288.36,224.03,37.49,129936.84,225.7,2024-03-19
8399250647,7558153310,888395055.09,384.89,5.05,29360.66,2509.4,2024-03-19
8399250647,7302564879,404866528.16,126.32,2.04,13950.19,1389.82,2024-03-19
8399250647,7218043862,876487390.43,279.29,2.02,19745.3,996.83,2024-03-19
4688974689,3648580833,1589643787.81,1314.6,215.44,7108.01,1265.67,2024-03-19
4688974689,3379406909,1988248411.92,1795.03,121.81,854883.63,1729.24,2024-03-19
4688974689,6632427409,5888268407.73,1915.4,20.48,158768.75,12489.95,2024-03-19
4688974689,7434182143,292804968.0,290.37,46.7,1982.17,279.56,2024-03-19
4688974689,4517008391,795208207.32,348.45,17.97,4053.17,335.48,2024-03-19
4688974689,5328343217,1099117944.0,467.76,57.91,2020.79,450.35,2024-03-19
4688974689,1979155761,992416800.0,352.67,10.98,3127.25,339.54,2024-03-19
4688974689,3271936873,1076924330.11,307.27,13.98,5231.08,295.83,2024-03-19
4688974689,7961986842,282633396.0,223.85,24.46,723.16,215.52,2024-03-19
4688974689,2331131090,1775346249.7,791.92,87.84,3275.94,762.45,2024-03-19
4688974689,8818672742,1460360890.39,397.02,9.76,33664.09,11953.18,2024-03-19
4688974689,6787937662,1214807509.65,320.99,3.08,22572.42,9014.19,2024-03-19
7479515012,2739987396,332249996.92,1660.72,11.85,16643.91,1958.5,2024-03-19
7479515012,6064540105,17688528.0,59.02,0.0,322.58,60.39,2024-03-19
9059053692,7922110079,193232029.59,66.81,0.0,761.75,73.05,2024-03-19
9059053692,2119921380,686724.79,4.51,1.96,89.85,4.94,2024-03-19
3702000328,7339750281,80203758.37,198.89,2.94,2084.37,183.21,2024-03-19
1350574641,9975320653,199444680.0,177.53,17.96,3497.84,178.61,2024-03-19
8513664892,1253651798,903409837.99,1930.46,4929.73,15814.91,1999.35,2024-03-19
8513664892,8860503080,453114075.0,613.31,84.59,8865.56,635.2,2024-03-19
8513664892,4810867191,304505580.0,136.29,1.1,1330.32,141.16,2024-03-19
8513664892,9755315283,630259745.93,1689.4,2394.28,20437.19,1811.85,2024-03-19
4482504627,9026805222,695919965.17,975.3,13.49,24152.62,1235.65,2024-03-19
4482504627,1966692247,180831560.0,57.86,0.0,693.08,61.83,2024-03-19
9407111886,5687828130,143231660.26,31.5,5.0,61.65,30.0,2024-03-19
9407111886,2038181159,773360340.12,110.25,3.26,12135.47,3752.41,2024-03-19
9407111886,9875480375,745206498.34,99.42,28.97,5115.83,1717.32,2024-03-19
7545204145,9602978525,234221060.09,5827.04,4.73,99299.39,24174.62,2024-03-19
7761714523,3435620448,751148876.03,2169.88,15.17,4388.6,2492.5,2024-03-19
7761714523,5162629915,263445441.38,650.96,1.07,6640.1,747.75,2024-03-19
7761714523,5016836169,780395230.31,1168.69,3.46,66637.44,1608.1,2024-03-19
7761714523,6048148219,661130215.21,709.97,236.82,55415.16,815.53,2024-03-19
1591927154,7892995928,778295043.0,3707.11,1188.99,6108.4,3691.22,2024-03-19
1591927154,8003109042,2541628518.0,2193.46,52.41,33728.96,2184.06,2024-03-19
1591927154,4390044742,442544922.0,421.03,484.65,819.75,419.22,2024-03-19
1591927154,2495827244,102283376.2,21.56,5.73,5803.08,2893.67,2024-03-19
4096109405,8177353206,1192576.0,54.68,4.58,85.42,53.19,2024-03-19
4096109405,4862761370,406520576.0,152.25,0.0,3920.59,148.11,2024-03-19
4096109405,8585961524,82941090.36,146.89,0.92,12162.17,156.45,2024-03-19
4096109405,6316191193,106639486.55,143.67,0.0,11931.55,139.76,2024-03-19
4096109405,4372533818,113495903.63,218.73,0.0,17430.2,241.98,2024-03-19
4096109405,3565494725,479912546.71,4560.07,0.0,153579.04,4436.92,2024-03-19
4096109405,5176845634,139531392.0,108.29,0.0,7023.33,105.34,2024-03-19
4096109405,2215762776,83953408.0,141.53,0.92,8029.1,137.68,2024-03-19
4096109405,2624091690,29784832.0,36.45,0.0,2288.08,35.46,2024-03-19
4096109405,1242188526,53537792.0,130.81,0.0,8599.26,127.25,2024-03-19
4096109405,8610415912,0.0,0.0,0.0,2.14,0.0,2024-03-19
4073978577,9974179771,414642900.0,112.79,39.46,357.77,122.63,2024-03-19
4073978577,2412713281,620346300.0,377.16,90.41,4878.56,410.06,2024-03-19
4073978577,6978103756,84863862.54,295.95,40.5,3346.12,321.77,2024-03-19
4073978577,6236433672,508432323.11,2451.55,182.84,66465.34,4650.92,2024-03-19
4073978577,8953031973,193273102.79,670.41,117.52,15421.79,1706.94,2024-03-19
4073978577,3531496272,325528979.16,573.86,114.99,10085.08,623.92,2024-03-19
4073978577,3545887451,83838440.0,32.48,20.79,283.23,35.32,2024-03-19
4073978577,6196552689,113087722.55,271.59,87.68,3178.17,295.28,2024-03-19
1005124609,8217323980,380394352.0,82.38,0.0,2621.69,77.57,2024-03-19
4299868633,8779908416,995662400.0,276.27,0.0,4051.04,280.68,2024-03-19
4299868633,3952967421,5651566451.17,512.91,0.0,488787.26,486442.52,2024-03-19
9415331790,1658292710,439747245.0,124.55,0.0,1072.71,134.05,2024-03-19
6487975423,1692422830,291793356.0,139.99,4.14,879.47,160.28,2024-03-19
6487975423,2208680737,269173716.0,109.08,2.51,689.87,124.9,2024-03-19
6487975423,1956535164,276241140.0,289.97,10.13,2081.81,332.02,2024-03-19
6487975423,1796798028,399625592.17,337.24,4.38,23443.41,393.42,2024-03-19
6487975423,2389182735,228885108.26,161.8,3.12,5886.9,195.67,2024-03-19
3501640769,1666070295,108790979.02,267.91,21.72,5420.5,1136.11,2024-03-19
3501640769,5435500482,92515350.47,613.04,26.82,6412.72,601.69,2024-03-19
3501640769,4165720224,194718082.66,81.04,35.1,3942.37,382.13,2024-03-19
3600040380,6274973494,4680249436.78,2656.39,0.0,693892.2,310803.58,2024-03-19
3600040380,6643767972,10983478163.48,11342.06,4.81,1942177.72,933416.38,2024-03-19
6877471451,9963426365,104909260.0,191.78,3.29,1512.27,214.83,2024-03-19
7180277247,4017350999,183605505.0,15.51,0.0,187.49,17.47,2024-03-19
7180277247,7698427991,19803941.11,46.54,0.0,1775.76,84.08,2024-03-19
8324519661,2307735518,86153305.0,22.54,7.6,190.88,21.26,2024-03-19
2896757076,5496410857,91638177.93,299.29,0.0,13670.83,249.99,2024-03-19
2896757076,8465770961,92586597.0,88.8,0.0,778.69,74.17,2024-03-19
6111885933,5614632723,118142137.0,78.95,0.97,635.85,71.39,2024-03-19
3550535444,8777719213,202402681.16,293.67,1.8,7432.43,652.78,2024-03-19
7869137619,2667478407,312440726.0,68.99,0.0,1343.59,63.81,2024-03-19
7869137619,1260971913,424221733.0,401.9,1.07,4808.02,371.7,2024-03-19
7869137619,9114432982,25921317.08,62.42,6.39,1227.56,57.73,2024-03-19
7869137619,7655312330,17982750.46,37.23,4.27,563.59,34.44,2024-03-19
7869137619,8383129108,17044666.52,35.04,7.47,627.13,32.41,2024-03-19
7869137619,4999866268,14708248.58,36.14,8.53,302.06,33.42,2024-03-19
7869137619,3202138603,21183908.6,9.86,0.0,261.54,9.12,2024-03-19
7869137619,5470205764,35497757.9,107.32,0.0,4190.09,129.64,2024-03-19
7869137619,4498132021,35233693.94,204.78,0.0,7951.05,190.41,2024-03-19
7869137619,8554618991,23425507.08,85.42,3.2,2996.61,79.0,2024-03-19
7869137619,2605260874,14760356.0,10.95,0.0,181.42,10.13,2024-03-19
7869137619,4369895105,143458393.0,68.99,3.2,547.94,63.81,2024-03-19
7869137619,9955320858,322650302.0,645.01,25.28,5439.76,596.54,2024-03-19
7869137619,2037576168,106328175.35,239.83,7.49,23228.78,223.83,2024-03-19
7869137619,8940079716,120751530.26,197.12,3.2,6463.8,182.3,2024-03-19
7869137619,6560913088,313024413.0,159.88,4.27,11973.54,147.87,2024-03-19
7869137619,7868725236,107475582.3,336.2,12.88,12630.14,310.93,2024-03-19
2672329958,5026756656,0.0,0.0,0.0,69.5,0.0,2024-03-19
2672329958,2721676161,1556185053.98,222.84,1.86,68306.51,45385.85,2024-03-19
2672329958,8403774764,154998172.94,36.48,0.93,10732.07,775.15,2024-03-19
2672329958,1678744082,405330457.35,86.77,4.65,36551.12,566.0,2024-03-19
2672329958,5970074857,253422801.0,520.61,1.86,982.57,569.24,2024-03-19
2672329958,3767303805,172228017.0,39.44,0.93,783.58,43.12,2024-03-19
2672329958,1467110364,55338371.23,27.61,0.0,8338.49,30.19,2024-03-19
2672329958,6024813197,131973667.95,54.23,0.0,19223.85,59.3,2024-03-19
2672329958,8883014205,1569157398.0,3023.08,12.92,6834.17,3305.45,2024-03-19
2672329958,6747047245,111592683.0,265.23,0.0,571.26,290.01,2024-03-19
2672329958,8609586061,43786614.0,58.17,0.0,1021.6,63.61,2024-03-19
2672329958,8097427418,1686346263.0,2854.47,18.59,5829.71,3121.1,2024-03-19
2672329958,3348897920,2778033.0,7.89,0.0,159.95,8.62,2024-03-19
2672329958,5257646125,69170013.0,55.22,0.0,839.75,60.37,2024-03-19
2672329958,8230955924,6328299.0,16.76,0.0,88.55,18.33,2024-03-19
2672329958,1152935440,1995771.0,6.9,0.0,278.97,7.55,2024-03-19
2672329958,8113559516,6358386.0,12.82,0.0,1028.27,14.02,2024-03-19
2672329958,3499886219,94362861.0,378.62,0.0,1932.76,413.99,2024-03-19
2672329958,2151981927,7832649.0,2.96,0.0,677.9,3.23,2024-03-19
2672329958,9652572522,2637627.0,1.97,0.0,593.16,2.16,2024-03-19
2672329958,7367371014,4452334434.0,4868.87,37.2,8408.0,5323.66,2024-03-19
2672329958,2316648692,836258136.0,811.48,13.42,4303.49,887.28,2024-03-19
2672329958,8045212593,2326728.0,3.94,0.0,407.5,4.31,2024-03-19
2672329958,6322104419,7922910.0,5.92,0.0,1782.33,6.47,2024-03-19
2672329958,7275036610,14166985.46,47.33,0.93,4703.37,1196.69,2024-03-19
2672329958,1796779381,137156604.0,917.97,0.0,11313.8,1003.71,2024-03-19
2672329958,4695594436,80232.0,0.99,0.0,84.74,1.08,2024-03-19
8347115882,6700896402,770237574.26,1597.71,19.05,174229.95,23509.58,2024-03-19
5158673107,3698137269,3053728286.51,1172.75,12918.26,95756.63,56600.86,2025-04-25
5158673107,9719302797,22649298148.07,22587.05,34922.28,2083780.06,803699.11,2025-04-25
8181642239,2910777905,617715801.21,217.99,13.57,11950.51,261.92,2025-04-25
8181642239,8265655789,3006944410.59,3465.38,76.4,117842.84,4163.61,2025-04-25
8181642239,3986578542,3891114678.1,5535.42,111.48,238876.57,6650.73,2025-04-25
8181642239,4764266498,3823228682.22,5862.41,147.54,206796.89,7043.61,2025-04-25
2338105289,3711756385,200825573.59,656.36,121.83,2044.73,642.69,2025-04-25
9565398844,8260044871,4464082277.2,955.39,63.32,8316.82,937.68,2025-04-25
9565398844,9316316207,2175425642.34,1391.1,210.21,17386.75,1365.31,2025-04-25
5093545797,6885266225,99189.34,0.0,0.0,25.54,3.02,2025-04-25
5093545797,5261283178,1489.04,0.0,0.0,0.91,0.0,2025-04-25
5093545797,7722038157,1175.21,0.0,0.0,0.91,0.0,2025-04-25
5093545797,3640859605,1367.24,0.0,0.0,0.91,0.0,2025-04-25
5093545797,1292954423,19797.49,0.0,0.0,4.56,1.01,2025-04-25
5093545797,7358929717,599.13,0.0,0.0,0.91,0.0,2025-04-25
5093545797,3729255562,91752.93,1.04,0.0,16.42,2.01,2025-04-25
5093545797,4185320917,51371.2,1.04,0.0,17.33,3.02,2025-04-25
5093545797,3828457050,222575.23,2.08,0.0,50.17,7.04,2025-04-25
5093545797,3597282801,606324.09,3.12,0.0,63.85,11.06,2025-04-25
5093545797,1536530727,13787582.18,3.12,0.0,178.79,35.19,2025-04-25
5093545797,2613062123,660650.31,3.12,0.0,158.72,7.04,2025-04-25
5093545797,1928187680,935562.37,4.17,0.0,206.16,13.07,2025-04-25
5093545797,9569319269,605102.79,4.17,0.0,108.55,13.07,2025-04-25
5093545797,2637709094,2180301.08,5.21,0.0,204.33,58.32,2025-04-25
5093545797,2882421132,1326164.96,6.25,0.0,146.86,18.1,2025-04-25
5093545797,5069358966,1540405.1,8.33,0.0,162.37,31.17,2025-04-25
5093545797,4511529001,636071.89,16.66,0.0,164.2,20.11,2025-04-25
5093545797,1356464094,2149585.46,17.7,0.0,471.61,72.4,2025-04-25
5093545797,9205095135,3472809.66,18.75,0.0,433.3,116.64,2025-04-25
5093545797,3992207886,3288784.77,21.87,0.0,736.15,127.7,2025-04-25
5093545797,1751949308,2921514.07,22.91,0.0,653.14,140.77,2025-04-25
5093545797,4072300226,4018726.28,23.95,0.0,653.14,103.57,2025-04-25
5093545797,1501993284,5591294.34,23.95,0.0,586.54,113.62,2025-04-25
5093545797,3834890651,4115328.18,26.03,0.0,838.31,216.18,2025-04-25
5093545797,4432697886,20472292.08,27.08,0.0,688.71,166.91,2025-04-25
5093545797,9517461075,8859455.36,56.24,0.0,1755.07,473.59,2025-04-25
5093545797,1263185881,10710179.09,60.4,0.0,2135.46,651.56,2025-04-25
5093545797,8126542290,4369864.48,61.44,0.0,970.58,129.71,2025-04-25
5093545797,1222513836,11339148.16,77.06,0.0,2128.16,509.79,2025-04-25
5093545797,6698024470,17594921.3,77.06,0.0,3075.03,881.82,2025-04-25
5093545797,5189159935,18178932.89,79.15,0.0,3250.17,950.2,2025-04-25
5093545797,2696960423,6188630.45,80.19,0.0,1755.99,86.47,2025-04-25
5093545797,2490924363,15326749.53,80.19,0.0,3611.4,772.22,2025-04-25
5093545797,9671555372,9370877.26,80.19,0.0,1957.58,549.0,2025-04-25
5093545797,1385560959,18968023.27,87.48,0.0,3118.81,834.56,2025-04-25
5093545797,1868773167,13131936.65,88.52,0.0,2646.29,698.82,2025-04-25
5093545797,9144927668,10311666.07,109.35,0.0,2505.81,109.6,2025-04-25
5093545797,6944500182,12627429.93,118.72,0.0,3486.43,122.67,2025-04-25
5093545797,6464090056,19680141.34,118.72,0.0,3317.67,120.66,2025-04-25
5093545797,5206828102,9656868.75,127.05,0.0,3211.86,127.7,2025-04-25
5093545797,6797520961,14368714.46,182.24,0.0,3612.31,211.15,2025-04-25
5093545797,9976191945,16591115.65,220.78,0.0,4841.05,303.66,2025-04-25
5093545797,6159929278,29827912.48,367.61,0.0,9135.68,584.2,2025-04-25
5093545797,3278291053,40654625.93,371.78,0.0,9198.62,877.8,2025-04-25
9782017208,7118666664,6834285226.64,9855.13,2979.28,1268423.67,701154.49,2025-04-25
4590233378,7770677599,126063555.51,60.77,7.23,167.78,57.77,2025-04-25
1424230954,3459138351,3221140472.29,1865.09,59.54,61278.35,2002.81,2025-04-25
4841158851,1124247233,594008101.23,351.12,0.98,37360.92,388.62,2025-04-25
8293715547,7106378517,50055051.81,137.1,0.0,4686.2,137.59,2025-04-25
5704227129,5712467815,48261820.88,44.77,0.0,2108.42,205.5,2025-04-25
5982728792,9769488780,50578429.63,11.75,0.0,13055.28,4617.14,2025-04-25
5982728792,6718585329,19841050.32,8.55,0.0,53.92,8.43,2025-04-25
4996588654,1051596957,764469498.7,126.79,18.1,3933.74,131.8,2025-04-25
3059796702,8864383469,1485229824.78,5594.04,926.2,1674752.42,5522.49,2025-04-25
3059796702,4917032890,2178915889.39,8411.18,1486.59,1627667.24,61642.46,2025-04-25
2902900350,1895816152,10087.0,0.92,0.0,13.13,1.05,2025-04-25
2902900350,2993605947,51148279.0,62.82,0.87,5063.13,71.61,2025-04-25
2902900350,6323160974,4132237570.42,2855.47,54.67,203744.27,3255.13,2025-04-25
2902900350,5480463907,1535375244.4,1755.22,47.37,95404.6,2332.62,2025-04-25
2902900350,4364406935,2637548923.41,3784.81,71.2,181355.6,4328.24,2025-04-25
2902900350,9437400903,6072610257.71,14541.54,333.22,659456.27,16576.85,2025-04-25
2902900350,2149395624,10087.0,0.92,0.0,18.18,1.05,2025-04-25
2902900350,4071901644,3322015171.35,3219.44,68.5,110124.34,3671.11,2025-04-25
2902900350,9324158241,29472785626.33,49298.59,899.01,3008731.42,56267.13,2025-04-25
2902900350,9875099280,6139092590.36,6606.09,159.58,212079.8,7530.72,2025-04-25
2902900350,9013986967,9647826680.45,16652.42,446.11,885224.6,19452.86,2025-04-25
2902900350,1847968254,18701348439.03,40623.18,584.76,1680453.15,54684.32,2025-04-25
2902900350,7345301105,8135866477.91,12849.13,214.81,647891.77,14647.57,2025-04-25
2902900350,4973133192,34048936522.69,27130.16,493.82,1341588.05,30989.57,2025-04-25
2902900350,7880987373,1316270651.43,1491.94,28.98,102128.17,1700.76,2025-04-25
2902900350,6746883324,27447654327.16,21955.03,501.24,1089818.28,26283.27,2025-04-25
2902900350,5509512406,14056557961.85,56943.03,1278.89,4115576.28,71069.51,2025-04-25
2902900350,2621285565,3049464420.26,9061.55,356.99,478143.09,10333.02,2025-04-25
2902900350,9205575678,7356935390.24,15012.67,591.45,975058.04,18554.57,2025-04-25
2902900350,7538210092,30213205630.34,78043.55,585.78,3294271.55,88966.94,2025-04-25
2902900350,9483254802,4982087817.21,4443.48,77.04,135580.38,5080.15,2025-04-25
2902900350,9220932607,9173930051.64,6820.42,173.39,419244.94,7775.04,2025-04-25
2902900350,2250268409,10080576262.5,48692.57,798.91,4310720.4,55511.01,2025-04-25
2902900350,7368109015,15369352605.85,59629.44,1387.44,4022706.78,67975.5,2025-04-25
2902900350,4682407991,69329582770.96,89736.08,1744.68,4145692.46,102296.03,2025-04-25
2902900350,6600115213,4978878153.98,10644.02,187.99,677961.49,12135.92,2025-04-25
2902900350,1945956245,5360450631.41,8574.71,227.1,583859.79,9774.87,2025-04-25
2902900350,8994864550,1537259322.51,2642.99,23.54,158548.79,3012.92,2025-04-25
2902900350,9881480488,2580903661.13,3113.21,54.5,194893.64,3548.95,2025-04-25
2902900350,7367878347,4139813536.85,5720.17,165.37,280775.96,6520.8,2025-04-25
2902900350,8884270536,51262723625.5,108657.36,47918.51,6017238.62,2822498.61,2025-04-25
7192602240,8953918493,39264775.1,1015.77,1973.0,41694.66,1039.48,2025-04-25
7192602240,9376668521,27741014.53,0.0,0.0,8194.12,4492.2,2025-04-25
7192602240,1010683238,120438647.35,118.01,1.07,6569.82,120.77,2025-04-25
2009937203,3322867880,98955378.4,51.26,3.01,1523.04,52.54,2025-04-25
2009937203,1100917590,1375581589.75,1986.84,75.7,103245.7,2359.05,2025-04-25
2009937203,1059161998,140174987.81,228.62,18.82,14240.88,1341.87,2025-04-25
2009937203,1343358832,118862684.91,142.5,16.86,7419.12,315.24,2025-04-25
2009937203,4928869787,412566369.83,11629.87,0.0,327262.99,28065.82,2025-04-25
2009937203,9556702707,259256878.96,509.52,10.06,25223.18,593.7,2025-04-25
9061489677,2705734277,822995474.27,191.18,4.26,794.4,170.79,2025-04-25
9061489677,9535527754,89835905.14,43.2,12.08,441.22,38.6,2025-04-25
9061489677,3538890159,96624754.87,8.64,0.53,329.16,7.72,2025-04-25
9061489677,4046852002,231155992.39,24.84,0.0,941.47,22.19,2025-04-25
6096057999,5336250406,2290301414.85,107.86,3.22,6270.55,107.48,2025-04-25
6096057999,4952554984,1283644245.51,303.41,2.15,3988.77,302.35,2025-04-25
6096057999,6181768301,213263324.0,20.16,0.0,561.48,20.09,2025-04-25
6096057999,9768174956,801588468.0,116.93,1.07,1056.36,116.52,2025-04-25
6096057999,7582135190,482280923.58,163.3,0.0,1266.41,162.73,2025-04-25
6096057999,8617564532,688583800.0,171.36,5.37,656.77,170.76,2025-04-25
6096057999,2984819424,490233431.84,32.26,1.07,961.07,32.14,2025-04-25
7954325167,3348231639,919761725.19,228.65,4.62,2360.01,236.81,2025-04-25
7954325167,6024835393,132814574.94,853.1,99.53,9592.8,1767.12,2025-04-25
7954325167,8273398625,507780135.22,259.39,8.32,5283.88,830.83,2025-04-25
7954325167,2027030020,174313597.86,94.15,16.0,2647.07,97.51,2025-04-25
7954325167,9112595358,2850603467.14,1554.41,55.91,19725.87,4586.95,2025-04-25
7954325167,9322215373,2366440636.07,556.25,17.27,6838.08,576.11,2025-04-25
7954325167,6728383707,593440794.45,1486.2,76.81,57717.73,1544.24,2025-04-25
2908459842,4371707871,911612199.97,272.84,22.14,1207.75,310.41,2025-04-25
2908459842,9833047313,430706367.52,152.0,19.52,9051.68,221.26,2025-04-25
2908459842,6410024522,189477325.23,64.2,1.72,7075.81,3791.57,2025-04-25
2908459842,9621420989,116560985.21,202.98,0.0,16245.59,1003.21,2025-04-25
6617865151,6528345021,30243742.2,150.91,1040.2,42903.23,133.09,2025-04-25
6617865151,1906723872,21333454.87,176.97,591.09,3141.12,1198.79,2025-04-25
6617865151,6882971632,264213548.42,543.94,69.0,22115.45,1941.81,2025-04-25
6617865151,5475005438,42142402.38,725.25,13.15,35141.0,640.57,2025-04-25
6617865151,4244375542,120497750.6,1846.78,30.69,58478.11,1640.2,2025-04-25
4434935446,6596566440,559297256.61,1294.94,1143.47,27255.98,1523.8,2025-04-25
4434935446,3347087763,37685564.45,15.61,8.65,305.29,34.84,2025-04-25
4434935446,9448350294,1851885924.71,1515.36,572.7,25930.53,1642.24,2025-04-25
4434935446,9466831967,338468705.64,3651.56,2.87,131086.2,5136.74,2025-04-25
1020002691,7126495582,328305548.48,10.08,0.0,405.74,9.3,2025-04-25
1020002691,1954824476,394203419.86,6.05,0.0,68114.38,44371.11,2025-04-25
1020002691,9876742713,1270682.0,1.01,0.0,6.15,0.93,2025-04-25
1020002691,3813150932,61092453.96,13.11,1.82,297.13,12.09,2025-04-25
1885813372,1672389458,258810342.25,3418.31,4583.65,94917.69,3695.53,2025-04-25
9095094092,6413476554,1687914487.29,1199.03,29.21,60017.73,1447.8,2025-04-25
7903592262,2113173717,3151108234.9,2926.64,6271.62,106536.35,2996.72,2025-04-25
9265546982,3508466961,145765372.4,347.48,399.98,4122.92,350.28,2025-04-25
9265546982,4072252299,421703388.95,350.2,6.65,3336.64,353.02,2025-04-25
3020795441,3364254216,708150569.95,2234.69,1373.64,24905.99,2290.19,2025-04-25
3020795441,7793684943,420858227.95,264.66,14.89,1975.65,271.23,2025-04-25
6378839117,7567142293,328145939.05,953.51,0.0,20688.13,936.92,2025-04-25
6896348925,2659957196,642790548.44,354.42,31.02,3671.75,338.87,2025-04-25
9634558898,7687439160,807565637.56,673.83,310.89,20980.45,6973.66,2025-04-25
3086145695,6974743624,610520077.62,466.0,1.91,5436.97,417.49,2025-04-25
3086145695,7048810931,74513331.41,39.28,0.0,783.28,35.19,2025-04-25
3086145695,3460617103,1461132499.37,1752.54,13.46,21186.97,1570.1,2025-04-25
3086145695,5339572796,53140233.27,36.09,0.04,1092.21,32.33,2025-04-25
3086145695,6475291845,12064327637.55,9949.44,150.57,834084.12,18222.11,2025-04-25
3086145695,8844330100,747896200.46,712.27,4.37,50623.05,1462.64,2025-04-25
3086145695,9374794852,37343399.8,70.06,0.01,1844.82,62.77,2025-04-25
3086145695,3025673853,378141217.03,195.32,0.37,4876.07,174.98,2025-04-25
3086145695,2019965934,64765913.55,55.2,0.0,1417.58,49.45,2025-04-25
3086145695,7038317520,1013162948.21,2750.35,4.9,121350.73,3332.3,2025-04-25
5082057286,5897492062,879671400.73,497.64,2.96,6274.85,516.14,2025-04-25
5082057286,8231113788,375596487.03,177.58,1.95,2034.31,184.19,2025-04-25
5082057286,9057645034,3690758178.49,1665.48,15.8,228075.11,60971.88,2025-04-25
5082057286,8516030287,1233845191.58,1117.68,11.12,105258.33,1454.76,2025-04-25
5082057286,8222004527,228658174.99,143.47,0.97,1435.05,148.81,2025-04-25
5082057286,6490168587,9785403167.54,7925.07,72.5,773167.46,8726.47,2025-04-25
5128952228,4826991541,50983942510.19,506.76,106.53,4404.74,494.41,2025-04-25
5128952228,9600517435,28880908894.9,199.6,65.81,8420.83,2450.86,2025-04-25
5128952228,8051023404,7750678440.25,828.39,0.0,26249.59,812.24,2025-04-25
5128952228,1401587033,1548275190.86,26.89,0.0,74395.26,26.23,2025-04-25
7757875170,1507696332,2384954231475.72,11502.11,605.69,809163.44,130376.21,2025-04-25
7757875170,8769754174,61655134795.19,5101.36,6573.91,138404.35,16444.82,2025-04-25
7757875170,3129764570,152138159912.78,44.87,24.26,292522.0,3902.19,2025-04-25
7757875170,5020059829,152113950872.55,62.27,25.79,199745.65,3577.67,2025-04-25
7757875170,2019568242,256883223027.41,594.29,516.7,331140.34,75638.64,2025-04-25
4571331389,2661434672,84070748300.01,208.18,100.74,3843.77,1389.12,2025-04-25
8018066855,4788459244,54573112610.25,202.29,75.68,11868.93,3361.05,2025-04-25
2009975355,2260404453,90925808132.37,11121.51,0.0,445606.66,12544.41,2025-04-25
2009975355,2986277351,205847090983.61,971.11,77.17,42646.84,7409.48,2025-04-25
2009975355,6160307749,231686771016.31,428.54,50.06,7355.28,434.39,2025-04-25
5171899165,8187989883,81631926.7,383.35,11.13,2575.97,333.76,2025-04-25
4539006085,3806583041,159201689.51,4124.51,135.53,9257.74,4479.23,2025-04-25
4539006085,2138725547,266645252.48,1303.42,29.52,48341.08,1514.0,2025-04-25
3155375047,9701782768,173686491.02,285.16,9.23,14334.78,623.84,2025-04-25
3155375047,1588591084,823347983.31,754.85,176.41,47489.39,13489.42,2025-04-25
3155375047,8676952369,14490193123.74,5121.43,1393.48,26594.54,4575.78,2025-04-25
3155375047,5530379259,456998505.2,209.68,43.14,2940.44,187.34,2025-04-25
3155375047,1074189459,57724512.31,25.16,5.39,83.0,22.48,2025-04-25
1138743890,6236877545,4074108680.46,2032.2,376.81,138988.91,37454.17,2025-04-25
1138743890,9903728134,12111150809.46,29237.79,325.57,1884565.55,41046.15,2025-04-25
1138743890,3112666249,91222421.67,193.59,50.55,17169.04,227.34,2025-04-25
7187956485,4592167784,181426824.42,42.11,4.25,195.41,45.56,2025-04-25
7187956485,7673156516,47231003.12,61.33,2.95,1676.74,66.36,2025-04-25
7187956485,4194718592,2303179310.51,1993.74,2208.69,78689.48,2157.09,2025-04-25
7187956485,2512207212,3035304255.6,1257.76,926.61,36478.78,1360.81,2025-04-25
7187956485,2835019189,682155229.67,321.31,3.15,8067.91,347.63,2025-04-25
7187956485,6591089435,141144313.84,81.47,0.01,2651.8,88.15,2025-04-25
7187956485,1179319468,2332923342.44,1205.58,32.61,11457.91,1304.36,2025-04-25
7187956485,7217723415,578287148.14,436.65,625.28,18685.96,472.42,2025-04-25
7187956485,9277064901,1337542920.52,776.26,14.97,15601.9,839.86,2025-04-25
7187956485,7777019514,294035058.11,232.51,2.78,3781.8,251.56,2025-04-25
7187956485,5348860985,415911197.52,406.44,5.44,6523.41,439.74,2025-04-25
7187956485,1353031982,1437049206.54,1251.35,30.13,17990.2,1353.88,2025-04-25
7187956485,8066112504,1424680.92,2.75,0.0,53.29,2.97,2025-04-25
7187956485,1190254774,1038172942.26,487.91,106.96,475242.68,527.88,2025-04-25
7187956485,4614746064,2981626603.49,996.87,9.78,9844.33,1078.55,2025-04-25
7187956485,9490554787,3120176993.42,1316.35,385.44,1375283.64,1426.18,2025-04-25
3979990204,6573245053,9783074105.22,5668.76,161.97,27747.31,5847.46,2025-04-25
3979990204,6862110651,1128846018.5,1873.89,36.77,167848.83,2723.29,2025-04-25
3979990204,1427290959,706972391.66,927.72,28.64,84881.78,996.95,2025-04-25
3979990204,5381981863,280801557.13,426.47,5.22,21422.8,1053.13,2025-04-25
3979990204,2662104262,1704566.94,4.62,0.0,426.66,13.33,2025-04-25
3979990204,6913132093,166947893.23,280.62,2.82,15325.45,290.42,2025-04-25
6660540879,4199712975,3581539572.72,4909.69,631.99,312868.59,53258.37,2025-04-25
6727254708,8428077364,829405952.28,818.08,32.38,53923.29,815.56,2025-04-25
6727254708,2300290420,900766416.72,1366.91,56.91,225744.42,39961.33,2025-04-25
6727254708,4626874233,2149739428.41,3572.61,34.34,225267.11,3561.61,2025-04-25
6727254708,4836102562,1518917592.17,2972.0,43.17,160755.45,2980.68,2025-04-25
6727254708,1579910568,306815929.42,385.03,2.94,22811.76,383.85,2025-04-25
6727254708,2596669440,57681857.87,64.02,0.0,4422.56,67.57,2025-04-25
6727254708,4261307984,1405647275.27,743.71,10.79,73750.59,741.41,2025-04-25
6727254708,3161800975,994056507.44,965.88,9.81,40765.91,962.9,2025-04-25
6727254708,5762067726,245489437.78,173.22,3.92,7823.5,172.68,2025-04-25
6727254708,5024082924,145150522.63,88.49,31.4,12950.17,90.1,2025-04-25
6727254708,6128715534,149216058.95,417.98,580.87,21992.19,416.69,2025-04-25
6727254708,7453428046,8458541811.19,4691.0,14.72,257743.56,4676.55,2025-04-25
6727254708,4840448391,1665131603.89,1996.71,6.87,112649.54,1990.56,2025-04-25
6727254708,4629536059,2684070276.16,3540.61,43.17,216466.32,3529.7,2025-04-25
6727254708,9953318779,1316057214.04,2767.72,33.36,127475.94,2759.19,2025-04-25
4765961919,7822116306,314263659.01,783.21,6.77,19497.92,722.94,2025-04-25
4765961919,2264434474,341606091.01,592.35,8.87,15407.58,546.77,2025-04-25
4765961919,5249567097,147590391.5,273.93,2.09,8599.6,252.85,2025-04-25
4765961919,8642879381,249690164.92,470.72,4.03,17410.09,434.49,2025-04-25
4765961919,3489109962,85048165.82,161.19,0.49,3649.39,148.79,2025-04-25
4765961919,6178687279,1158383863.77,2673.0,33.16,135226.83,2777.65,2025-04-25
4765961919,8666345199,1818391528.7,5509.16,737.31,179227.52,5181.97,2025-04-25
4765961919,3950869417,1296696052.43,2871.77,78.5,122079.63,3894.0,2025-04-25
4765961919,6171542340,1356363157.43,2497.96,77.92,105923.38,2334.03,2025-04-25
4765961919,6799882775,548556660.08,2055.92,253.75,63961.63,1913.23,2025-04-25
4765961919,5336073310,866238226.1,2664.1,357.11,70383.29,2485.55,2025-04-25
4765961919,7356903700,1797265122.76,2533.56,1342.95,75286.53,2352.29,2025-04-25
4765961919,4179876316,8467580608.82,17527.26,290.73,666914.32,17306.69,2025-04-25
4765961919,9639355386,5556775372.89,7475.1,193.72,275969.44,7653.83,2025-04-25
4765961919,8906457702,187019548.9,1299.41,75.12,53345.13,1199.42,2025-04-25
4765961919,8821356314,2233156848.37,5180.85,72.9,231466.43,5655.71,2025-04-25
4765961919,7970663719,541013893.33,1382.48,1757.55,441587.72,1469.61,2025-04-25
4765961919,2589061087,336277505.02,1085.81,1240.13,235111.03,1088.97,2025-04-25
4765961919,1426731777,531311189.22,4494.55,701.35,335811.96,8329.3,2025-04-25
4765961919,4914622376,316431352.15,737.72,351.53,229606.75,682.77,2025-04-25
4765961919,9697571372,6721880570.92,1395.34,7.02,715599.69,350492.38,2025-04-25
2759887172,8973338543,261724988.01,344.09,9.13,10816.66,2385.23,2025-04-25
4338917831,9585010353,39097657.02,510.15,0.0,3179.83,476.24,2025-04-25
7792039243,7495993717,330953966.25,7924.5,1697.17,1031024.83,57104.31,2025-04-25
5660113447,6974753303,206248746.26,193.27,3.92,2785.63,185.5,2025-04-25
2990144704,8914597988,55266553188.44,1186.33,437.76,1970.87,1183.39,2025-04-25
2990144704,5183399112,1833255691126.4,40053.19,1978.38,2106670.32,317462.54,2025-04-25
2990144704,1624573868,47234509416.86,134.4,5.5,3072.14,134.06,2025-04-25
8308372271,2966777807,10562532628.89,3740.16,921.44,470458.84,3534.68,2025-04-25
8308372271,7635788082,10447255067.65,7062.83,5246.55,681094.68,132640.45,2025-04-25
7949948303,5115055765,16290933.95,15.59,0.91,545.04,16.31,2025-04-25
7949948303,4305518779,20252340.6,41.26,39.31,2907.2,43.18,2025-04-25
1430064570,8101993487,854189074.54,192.24,0.0,275333.79,54844.41,2025-04-25
1430064570,6419812257,89266639.48,37.35,7.4,378.83,33.5,2025-04-25
1430064570,8080751021,201513377.55,45.04,9.25,527.19,40.4,2025-04-25
1430064570,4098333038,208642303.55,59.32,8.32,364.98,53.21,2025-04-25
1430064570,8671464923,136355899.59,61.52,0.0,385.75,55.18,2025-04-25
1430064570,3978815628,518426874.19,170.27,18.49,1286.82,152.74,2025-04-25
1430064570,4765257026,797336201.61,173.56,22.19,1292.75,155.69,2025-04-25
8000140564,1631031521,204186410.1,147.39,86.16,929.47,139.48,2025-04-25
8000140564,3189854782,421562510.75,172.28,33.62,1498.03,163.03,2025-04-25
8000140564,3750887959,126837873.66,105.28,36.95,600.3,99.63,2025-04-25
8000140564,8686722746,388770347.41,192.38,58.84,1644.03,182.05,2025-04-25
8000140564,1735350712,149435738.98,80.4,23.12,680.1,76.08,2025-04-25
8000140564,1761543400,707194393.38,291.92,76.7,2742.16,276.24,2025-04-25
8000140564,2473040409,386290604.94,85.18,19.96,1342.06,80.61,2025-04-25
8000140564,3763543737,655301485.83,1120.76,84.27,31122.28,1784.23,2025-04-25
8000140564,2337543367,35076560.48,21.06,1.58,1898.84,211.93,2025-04-25
8000140564,7746577361,158554491.11,192.38,35.15,3194.66,278.05,2025-04-25
8000140564,7111558543,296526147.16,411.55,32.26,22111.41,738.15,2025-04-25
8000140564,9768805312,851622877.98,545.55,0.0,45489.62,1362.17,2025-04-25
8000140564,4116449971,185658213.0,252.67,22.59,6085.53,290.73,2025-04-25
8000140564,7772324276,344045541.65,433.57,40.35,22611.06,1242.62,2025-04-25
8000140564,1960848218,120424817.64,131.12,5.25,4372.59,166.65,2025-04-25
8000140564,8689306085,207004193.47,118.68,32.05,4233.85,442.89,2025-04-25
8000140564,6211815059,344314953.31,213.43,75.48,5208.66,273.52,2025-04-25
8000140564,9095205024,79348508.35,34.46,9.98,229.42,32.61,2025-04-25
8000140564,9735317223,155377727.64,82.31,21.01,3578.23,565.16,2025-04-25
8000140564,9047871154,369506152.67,175.15,68.82,1495.31,165.74,2025-04-25
8000140564,1226549448,1526752698.63,636.47,223.09,5162.41,602.29,2025-04-25
8000140564,3581339861,425217154.73,224.92,56.65,2557.18,212.84,2025-04-25
8000140564,2431277267,141605132.85,186.63,13.11,1209.67,176.61,2025-04-25
8000140564,8702171149,457810012.48,246.93,9.95,4619.24,763.51,2025-04-25
8000140564,5304969067,113269923.84,76.57,6.3,2325.94,167.55,2025-04-25
8000140564,3157386915,79027299.83,18.18,3.68,75.26,17.21,2025-04-25
8000140564,9419219203,109301071.78,22.01,4.2,122.42,20.83,2025-04-25
8000140564,9909230565,46242271.26,29.67,3.19,400.81,28.08,2025-04-25
8000140564,2868113612,119820774.72,31.58,6.3,209.47,29.89,2025-04-25
8000140564,8985072728,105046456.07,31.58,4.2,354.56,29.89,2025-04-25
8000140564,9030904748,102861995.7,36.37,15.76,97.93,34.42,2025-04-25
8000140564,8955262572,130800695.27,43.07,14.71,250.28,40.76,2025-04-25
8000140564,4240431514,73027244.66,47.85,11.18,277.48,45.29,2025-04-25
8000140564,6861586485,67828315.13,48.81,11.73,163.22,46.19,2025-04-25
8000140564,4414317584,175303053.71,50.73,29.16,170.48,48.0,2025-04-25
8000140564,3411379968,194804552.6,55.51,23.75,758.99,52.53,2025-04-25
8000140564,8957190537,146634651.6,57.43,8.41,475.16,54.34,2025-04-25
8000140564,8213009323,207862793.27,57.43,17.86,1006.55,54.34,2025-04-25
8000140564,3559894019,231500144.84,61.25,25.22,281.11,57.96,2025-04-25
8000140564,6880254442,242773949.03,67.95,6.3,687.35,64.3,2025-04-25
8000140564,4839082660,118489744.73,69.87,17.34,594.86,66.12,2025-04-25
8000140564,8073694413,279919657.22,73.7,25.22,612.09,69.74,2025-04-25
8000140564,3791833890,217582786.32,76.57,16.99,476.07,72.46,2025-04-25
8000140564,1686256649,325373137.56,87.1,36.25,353.65,82.42,2025-04-25
8000140564,2752610067,158348939.27,95.71,1.05,4710.83,90.57,2025-04-25
8000140564,5383985748,279939476.84,112.94,13.66,1196.07,106.87,2025-04-25
8000140564,2716689079,173700295.55,122.51,25.29,1142.57,115.93,2025-04-25
8000140564,6450666241,175531999.68,133.04,29.94,1446.35,125.89,2025-04-25
8000140564,5428471916,394584493.27,136.87,41.5,1098.13,129.52,2025-04-25
8000140564,8042770435,340447279.72,151.22,35.72,1463.58,143.1,2025-04-25
8000140564,1425089400,194506778.92,152.18,41.33,601.21,144.01,2025-04-25
8000140564,4826952692,433446932.86,153.14,38.88,1308.51,144.91,2025-04-25
8000140564,1929053997,137399819.37,172.28,13.86,6518.08,191.1,2025-04-25
8000140564,2765750683,250092268.94,133.04,3.89,2043.93,268.99,2025-04-25
5509067989,4711826383,334633842.12,112.27,0.0,1390.13,122.01,2025-04-25
5509067989,7046363694,797695774.18,8405.01,38.04,28985.55,9136.42,2025-04-25
5509067989,3750866415,119336602.49,124.19,0.0,672.2,134.96,2025-04-25
6991056822,1951746329,21200694.5,213.6,161.99,3067.21,210.95,2025-04-25
6991056822,9106102873,19691030.17,60.41,22.18,2066.85,64.99,2025-04-25
6991056822,7538512611,25383252.09,89.54,27.96,2915.64,92.69,2025-04-25
6991056822,8883986582,14964530.77,97.09,72.31,1281.45,95.89,2025-04-25
5984451547,2786017824,1134729147.04,1332.36,523.05,6466.58,1134.43,2025-04-25
5984451547,3378224472,6941036189.87,5965.59,738.72,91634.95,5144.43,2025-04-25
7526521017,3701841168,106745302.85,118.97,0.0,6187.18,689.83,2025-04-25
4631721175,5289714503,198111924584.9,199.3,108.6,2481.79,201.6,2025-04-25
4631721175,5385402062,5360559470371.02,45798.81,1175.24,1748744.09,210529.37,2025-04-25
8367057304,1587827183,129598597.49,21.09,0.0,282.46,23.77,2025-04-25
8367057304,1905604235,284065574.69,82.45,0.0,2386.62,92.92,2025-04-25
8367057304,3540231905,645450111.76,132.3,0.0,3525.98,149.11,2025-04-25
6287055608,1713955678,2638061202.5,9.11,0.0,156.83,9.03,2025-04-25
2156171975,3180977400,12608575794.18,14.73,3.6,45.35,16.12,2025-04-25
3878840424,3989998889,6323731771.02,7471.57,155.95,25686.99,7383.97,2025-04-25
3878840424,9638623258,6860139332.09,1937.15,31.92,43678.88,1914.43,2025-04-25
3878840424,2623717181,3900722648.33,1276.15,20.98,32602.64,1261.18,2025-04-25
3878840424,5827362456,1832096658.99,569.3,19.15,4641.81,562.62,2025-04-25
3878840424,2264846032,1489033038.89,239.76,6.38,3365.28,236.94,2025-04-25
3878840424,6369992508,157039920.42,74.51,0.91,1417.18,73.63,2025-04-25
3878840424,7979007863,7497248.0,10.51,0.0,127.97,10.38,2025-04-25
3878840424,2278151700,291069425.38,285.6,0.0,3067.04,282.26,2025-04-25
3878840424,6496433162,65305079.84,79.28,0.0,786.85,78.35,2025-04-25
3878840424,1871915075,37050112.0,33.43,0.0,373.33,33.04,2025-04-25
3878840424,9095544069,28556000.0,23.88,0.0,431.5,23.6,2025-04-25
3878840424,8751763798,114745133.5,60.18,0.0,930.69,59.47,2025-04-25
3878840424,5382600422,127163285.37,64.0,1.82,886.27,63.25,2025-04-25
3878840424,9181610132,77337307.24,64.0,0.0,860.89,63.25,2025-04-25
3878840424,5277032624,400606107.51,151.88,6.38,2911.57,150.1,2025-04-25
3313050187,2870818332,3103750245.01,4896.09,1417.4,306388.01,4836.36,2025-04-25
3313050187,5048092493,3003050581.19,8482.85,2916.83,16141.0,8379.36,2025-04-25
3313050187,4627196406,64739555370.83,375812.65,20321.98,13966334.62,1756068.52,2025-04-25
4969504105,6061790334,262790292.6,120.46,19.55,4449.46,583.35,2025-04-25
4969504105,9526321766,73086584.56,40.15,4.89,2796.07,313.04,2025-04-25
4969504105,6097435940,173847286.27,402.52,2.93,27944.62,426.37,2025-04-25
4969504105,1622388142,282372252.1,138.52,3.42,7345.97,140.26,2025-04-25
4969504105,1692429345,389499856.68,186.71,13.18,2550.67,326.04,2025-04-25
4969504105,8410933535,48542837.11,56.21,7.33,2139.46,52.02,2025-04-25
3551284065,9589327374,1155097721.99,497.25,9.68,4553.12,501.64,2025-04-25
3551284065,1189084818,310101363.42,204.09,2.4,1875.87,205.9,2025-04-25
3551284065,7197465869,1481143752.76,831.22,11.91,4811.15,838.57,2025-04-25
3551284065,5504449607,169715920.17,305.21,0.96,4788.54,474.5,2025-04-25
3551284065,4694856964,41287172.69,31.54,0.0,497.22,31.82,2025-04-25
3551284065,2669997652,111396958.53,36.18,0.96,246.73,36.5,2025-04-25
3551284065,6326171655,157082522.44,95.55,0.0,720.4,96.4,2025-04-25
6853780578,7489097484,132505502.64,98.54,0.93,1638.8,122.48,2025-04-25
6853780578,4222681974,12784800.0,3.65,0.0,7.7,4.22,2025-04-25
8201637580,2326143061,45780312832.83,150.38,12.81,731.53,133.59,2025-04-25
9792369345,5328729360,22329669.25,94.04,1.91,841.78,93.47,2025-04-25
9792369345,6862406128,28390543.37,99.68,31.23,722.3,99.08,2025-04-25
3017575657,4843243076,1202639051.6,1117.35,336.94,52456.59,1757.63,2025-04-25
3017575657,3234842012,6279206519.65,17590.94,874.4,251218.09,80002.82,2025-04-25
3017575657,5007790064,14863019751.95,39928.18,1939.24,643363.39,167260.51,2025-04-25
1366387738,7335747442,3648346249.72,1855.13,4.36,108275.43,1948.9,2025-04-25
1366387738,9096353042,89006765.81,24.8,0.0,414.42,23.6,2025-04-25
7825259319,7747558724,3017224022.73,767.93,244.14,3485.84,824.19,2025-04-25
7825259319,5458109072,3294058028.62,766.08,263.82,2324.91,822.2,2025-04-25
3941929869,4586739927,19826609404.78,168.59,78.04,659.4,178.74,2025-04-25
9251961671,4244130486,112720510.5,19.92,0.9,221.47,22.14,2025-04-25
4195391340,1504316774,139744763.54,50.04,1.06,2017.9,49.58,2025-04-25
4195391340,3629968085,466649793.3,136.28,3.23,3814.25,135.03,2025-04-25
4195391340,5897383886,172056485.38,169.29,1.13,8182.36,1292.25,2025-04-25
4195391340,5353159573,137388753.34,51.11,0.0,1277.57,50.64,2025-04-25
4195391340,3745897630,522023783.25,191.65,1.95,15279.15,250.01,2025-04-25
4195391340,3386140695,215229264.91,21.29,0.0,81255.88,33643.93,2025-04-25
4195391340,1489150798,1363230350.81,713.35,5.01,44370.65,751.09,2025-04-25
4195391340,4045134765,1278270155.9,611.14,12.31,87721.27,6772.46,2025-04-25
5213587138,6878701653,770937077.15,70.42,30.39,651.54,67.8,2025-04-25
5213587138,4439037584,1048828011.32,92.61,33.64,1205.74,89.16,2025-04-25
5213587138,3094106768,550316693.44,116.73,30.38,3057.07,112.37,2025-04-25
5213587138,7271226030,217664546.11,272.05,4.18,5044.46,265.61,2025-04-25
5213587138,6460754568,367112276.21,363.69,5.19,119060.84,604.58,2025-04-25
5213587138,1705937894,178072466.06,3048.45,0.0,168938.35,2934.69,2025-04-25
5213587138,9484573276,1811433587.37,1052.49,168.69,6945.45,1013.21,2025-04-25
7383324448,3436792258,279627461.94,77.85,0.0,2695.07,75.19,2025-04-25
7383324448,5921669220,257164460.92,65.95,0.0,706.98,63.7,2025-04-25
7383324448,3877900334,15486868.26,65.95,0.0,481.02,63.7,2025-04-25
7383324448,4571070616,71673774.23,43.25,0.0,260.88,41.77,2025-04-25
7383324448,3839581136,117160977.57,46.49,0.0,702.14,44.9,2025-04-25
7383324448,8608714434,143713688.37,57.3,1.81,881.55,55.35,2025-04-25
7383324448,8760517861,8494644.41,25.95,0.0,213.36,25.06,2025-04-25
2756827689,3488654091,63257648.37,81.32,17.09,1552.09,98.87,2025-04-25
4168681528,1208018887,12886423977.06,12366.8,7546.92,675082.97,83708.83,2025-04-25
3356181707,5242907807,8186085390.79,7317.37,575.41,1301232.54,367682.52,2025-04-25
6915923852,8578452190,1561967793.56,629.16,0.0,615907.21,116556.31,2025-04-25
6915923852,2922255224,1739642305.9,3132.17,250.53,522317.17,3283.62,2025-04-25
1035543794,9730564285,861615099.8,3397.56,52.06,189049.99,3155.28,2025-04-25
1035543794,3155687170,192763038.6,536.35,19.04,29682.87,497.79,2025-04-25
1035543794,4158584440,68642207.46,221.72,1.89,9660.62,205.78,2025-04-25
1035543794,7963325298,731686461.44,2551.87,16.49,123367.61,2368.42,2025-04-25
1035543794,1336677625,22346508683.54,57308.82,959.45,3887682.79,53594.65,2025-04-25
1035543794,4007318043,12249553024.11,36476.83,687.02,2532656.81,33959.41,2025-04-25
1035543794,2904157192,8847817.85,33.79,0.0,2061.44,31.36,2025-04-25
1035543794,4158408252,82951459.73,385.37,4.76,25092.64,367.46,2025-04-25
1035543794,6256206481,129493355.96,263.95,2.86,18155.0,244.98,2025-04-25
1035543794,2752917760,956728649.09,2241.46,85.12,150379.78,2085.23,2025-04-25
1035543794,5321997374,13993835372.79,45356.11,639.65,2784769.7,42104.34,2025-04-25
1035543794,2047102903,247637249.24,818.24,8.14,52968.01,771.18,2025-04-25
1035543794,7056375315,4027947232.19,13264.02,231.25,666259.34,12310.48,2025-04-25
1035543794,9931275961,74622128.94,460.33,4.78,24676.51,427.24,2025-04-25
1035543794,4474940371,2107679.51,20.06,0.0,1237.72,18.62,2025-04-25
1035543794,4703338973,20888171894.14,50468.3,999.04,3343203.36,46842.16,2025-04-25
1035543794,6006600124,4255979679.48,11376.24,190.92,620493.58,10582.92,2025-04-25
1035543794,8086386225,6765102535.7,16357.51,361.07,1019471.55,15183.55,2025-04-25
1035543794,3949890881,5967234.0,10.56,0.95,903.75,9.8,2025-04-25
2656837900,1072430225,547514466.07,3638.86,84.53,69341.33,3571.18,2025-04-25
2656837900,9595694025,467580331.93,1486.88,33.07,47362.83,1459.22,2025-04-25
2656837900,5645259899,182170622.7,675.48,6.3,18371.22,662.91,2025-04-25
2656837900,8590978411,678888.0,5.19,0.0,240.23,5.09,2025-04-25
2656837900,1382432916,2262960.0,18.68,0.92,641.25,18.33,2025-04-25
2656837900,6014370537,937512.0,7.26,0.0,296.98,7.13,2025-04-25
2656837900,3578828435,2112672416.86,4451.3,108.97,124875.87,4368.51,2025-04-25
2656837900,4795723974,6015515.58,33.2,0.92,1838.64,32.59,2025-04-25
2656837900,7217956739,3188227.23,28.02,1.63,903.24,27.49,2025-04-25
2656837900,3550027521,0.0,0.0,0.0,4.73,0.0,2025-04-25
2656837900,5519481904,3922464.0,13.49,0.0,163.62,13.24,2025-04-25
2656837900,7349241964,32328.0,1.04,0.0,63.37,1.02,2025-04-25
2656837900,7864012560,10351947.16,58.11,0.0,1042.27,57.02,2025-04-25
8842840036,2536633717,283131918.82,1435.79,52.53,61185.18,1310.25,2025-04-25
8842840036,6295533226,187820581.5,904.21,20.83,41519.48,825.66,2025-04-25
9058771111,1014702892,1665804883.95,5749.5,152.01,217319.3,5136.78,2025-04-25
5445022053,9801716838,692821790.86,2583.74,460.68,26465.71,2643.61,2025-04-25
2595365035,9169516187,220081548.11,692.28,24.88,24347.09,697.57,2025-04-25
7658197888,9068616129,19199134.15,132.42,3.18,651.73,143.87,2025-04-25
2393892303,8459507628,36296890.19,36.73,0.93,3316.56,34.85,2025-04-25
3886905599,5291960637,205077673.83,1183.01,20.38,6229.54,1075.68,2025-04-25
3886905599,7083342211,993606468.73,1676.62,35.12,14017.93,1524.5,2025-04-25
9218342578,8783617718,265114742.72,1070.14,21.05,35508.54,1133.11,2025-04-25
3487944451,6376707434,677860598.48,1552.92,27.28,72408.03,1720.26,2025-04-25
3487944451,2911324867,90570641.75,160.14,3.98,7546.96,169.89,2025-04-25
2211847590,4122896771,84558284.52,230.53,2.09,16537.76,210.27,2025-04-25
1757896755,3355555497,1210069831.47,2157.6,45.64,12436.42,1978.4,2025-04-25
7302109982,7888950621,51940328.84,658.91,13.98,5706.19,639.11,2025-04-25
3851958960,4945323093,318535056.95,6369.71,307.46,8763.73,5731.4,2025-04-25
1517367026,1804342920,862399365.3,368.6,5.45,34699.93,365.77,2025-04-25
1517367026,4055192345,113045672.63,68.98,1.74,4485.85,69.48,2025-04-25
1517367026,9652103431,899005254.66,804.12,20.16,55829.38,881.73,2025-04-25
5928471422,6746047820,1117632219.49,917.06,30.43,53186.39,842.38,2025-04-25
5928471422,4167948901,281879909.05,288.51,4.1,15247.2,265.02,2025-04-25
5928471422,1897164735,542171351.09,438.95,6.1,19717.07,403.21,2025-04-25
5928471422,3542733211,55552103.09,86.55,4.17,2858.85,79.51,2025-04-25
5928471422,6201377531,0.0,0.0,0.0,10.3,0.0,2025-04-25
4925883884,8225329822,6139478922.94,7708.45,164.67,569023.34,7044.92,2025-04-25
4925883884,7785752953,6083643823.79,7376.36,238.87,526243.34,6471.66,2025-04-25
4925883884,4755186391,5599171112.32,4712.2,161.8,259206.19,4133.66,2025-04-25
4925883884,3071680482,1165198077.02,1482.11,28.42,97072.96,1300.14,2025-04-25
4925883884,4976986738,5698129730.47,6722.87,126.46,442351.33,6023.92,2025-04-25
4925883884,8621374409,2651589050.04,3381.72,79.09,261997.4,2967.47,2025-04-25
4925883884,7501348991,1014105662.03,933.26,40.2,79020.53,827.11,2025-04-25
4925883884,1540112919,202871340.45,262.68,8.17,22605.24,277.26,2025-04-25
4925883884,9568078448,727029174.26,1337.95,13.44,70992.91,1182.12,2025-04-25
4925883884,9515093654,1054717320.7,1205.55,39.2,127909.86,1057.53,2025-04-25
4925883884,7911794455,4614592573.34,4113.17,126.51,337786.06,3610.04,2025-04-25
4925883884,3449540196,1703676081.77,1300.58,40.97,92387.64,1314.19,2025-04-25
4925883884,1299555658,623590289.24,1044.31,20.78,80151.11,932.02,2025-04-25
3818150017,6951431374,1024838507.61,14137.75,1142.34,147638.66,52240.43,2025-04-25
3818150017,7118894536,1869439756.59,939.54,13.8,88135.13,1041.75,2025-04-25
3818150017,2016552989,349934920.24,133.11,20.03,10127.01,3453.82,2025-04-25
2373677586,5193588750,33098542.52,29.09,85.33,744.97,29.48,2025-04-25
3074257764,5639304818,6070800968.82,652.36,0.0,1439233.69,668.86,2025-04-25
9999862340,8921744127,8618937216.02,9916.33,155.62,487295.0,13890.68,2025-04-25
9999862340,9029570766,8522837512.58,7137.45,223.98,21228.0,6067.63,2025-04-25
9999862340,2393089001,504117207.48,1365.93,20.01,469735.0,1163.01,2025-04-25
9999862340,1703988925,444890855.87,408.28,6.97,31269.0,347.09,2025-04-25
9999862340,2563424155,6306214677.81,7759.49,136.3,472014.0,6596.44,2025-04-25
9999862340,7115164368,198014342.66,24.58,0.0,39512.0,5457.05,2025-04-25
9999862340,9617749392,161741292.39,67.33,0.0,48415.0,2954.77,2025-04-25
9999862340,6066667709,175079449.29,72.68,0.0,38761.0,1978.02,2025-04-25
9999862340,1169830134,740245872.92,78.02,0.0,173945.0,23978.86,2025-04-25
9999862340,9798540896,453943417.02,53.44,0.0,115416.0,14762.02,2025-04-25
2600529780,2672335175,284463036.08,173.69,1.04,133274.26,10147.52,2025-04-25
3144474603,9479639228,20171113.21,14.23,2.2,161.61,13.89,2025-04-25
3144474603,3883882510,161058200.64,142.3,28.59,625.54,138.92,2025-04-25
3144474603,9845551910,88107171.79,59.11,10.45,357.71,57.7,2025-04-25
3144474603,7822222889,381583914.65,162.0,17.25,1208.41,158.15,2025-04-25
3144474603,7477917966,699832268.12,191.55,27.94,2998.79,187.0,2025-04-25
3144474603,7253524132,50815875.39,28.46,5.5,102.59,27.78,2025-04-25
3144474603,8914469811,68373564.56,55.82,5.5,310.5,54.5,2025-04-25
3144474603,3054378705,310312869.56,145.58,16.86,2538.49,142.12,2025-04-25
3144474603,4367602894,197386140.3,241.91,29.69,562.9,236.16,2025-04-25
3144474603,5809263298,277737058.82,88.66,16.48,483.0,86.56,2025-04-25
3144474603,8178969364,392348165.02,120.41,12.76,530.21,117.55,2025-04-25
3144474603,3233033323,725344202.45,200.31,25.8,888.83,195.55,2025-04-25
3144474603,5687911352,286376252.17,132.45,21.99,567.44,129.3,2025-04-25
3144474603,2602717003,99833012.46,27.36,2.2,128.92,26.71,2025-04-25
3144474603,4897695388,6764293010.72,1609.06,232.14,18926.99,1570.84,2025-04-25
3144474603,7114940344,774913084.57,156.53,17.59,1914.76,152.81,2025-04-25
3144474603,4073287612,273781376.71,89.76,15.39,1468.07,87.63,2025-04-25
3144474603,3213698265,151083037.28,217.83,1.7,17533.36,212.65,2025-04-25
3144474603,9362553815,222071974.78,30.65,4.95,287.8,29.92,2025-04-25
3144474603,1072059783,223331724.59,28.46,4.95,355.9,27.78,2025-04-25
3144474603,1048821377,366016800.14,94.14,4.4,1773.13,96.17,2025-04-25
3144474603,5834418555,0.0,0.0,0.0,0.91,0.0,2025-04-25
6591765169,7751893050,116067335.63,26.63,9.57,252.17,27.18,2025-04-25
6591765169,2584780293,95855474.54,11.84,0.96,89.45,12.08,2025-04-25
4748463484,7904486179,4513578326.91,1746.43,99.71,6324.38,1631.85,2025-04-25
4748463484,1054671272,1526906759.8,693.92,29.79,12621.12,648.39,2025-04-25
4748463484,8784384809,1208507177.09,482.36,20.63,7661.76,450.71,2025-04-25
4748463484,7588357618,11308726.68,14.81,0.0,1672.26,13.84,2025-04-25
4748463484,9046781203,13578664.88,154.44,0.0,6775.14,144.31,2025-04-25
4748463484,1794983786,21216047.57,46.54,0.0,7148.28,43.49,2025-04-25
9767077580,8779666265,413421919.8,121.53,239.97,143696.53,73066.27,2025-04-25
5966024179,4908922738,783449598.66,10313.85,87.15,595619.4,12134.9,2025-04-25
6747103943,9051909559,446826090.2,38.86,0.0,133211.73,18085.85,2025-04-25
9034373210,3238247172,1436623895.02,133.27,0.0,602823.6,59155.44,2025-04-25
4328703191,5207691164,183283264.41,615.16,5417.54,141278.86,533.47,2025-04-25
4328703191,7727122067,168892451.68,768.69,116.56,76516.52,680.39,2025-04-25
7401912762,2630836615,506858640.34,59.23,0.0,79214.48,56503.96,2025-04-25
7401912762,6069583063,184648524.49,444.23,0.0,4265.09,444.74,2025-04-25
8458175737,7257871390,487162745.32,1840.63,109.34,5518.6,1657.44,2025-04-25
5048405933,1919148507,651340745.74,503.26,6.94,2267.8,505.11,2025-04-25
5048405933,3442067474,183927212.9,306.46,0.86,20300.83,397.99,2025-04-25
5048405933,3310651800,21648094.92,13.71,0.0,218.77,13.76,2025-04-25
5048405933,2009557613,79038892.13,39.16,0.0,10078.4,2796.76,2025-04-25
5048405933,9017871690,195628019.32,171.34,0.98,13685.87,271.23,2025-04-25
5048405933,5718715180,171480105.63,3.92,0.0,88212.52,12707.29,2025-04-25
4260952526,7949461645,110606962.86,211.66,6.3,10119.56,419.33,2025-04-25
4260952526,2375527770,220628797.76,591.99,4.96,25491.11,520.29,2025-04-25
4260952526,8033674220,100837969.11,228.85,61.47,5268.47,218.3,2025-04-25
7107398469,7742915989,201544072.91,131.33,2.14,453.34,117.47,2025-04-25
7107398469,9107666682,1121453935.73,1319.85,17.45,89138.02,1180.49,2025-04-25
1544027227,1728268603,15452616.92,40.86,0.0,2899.98,49.38,2025-04-25
1544027227,8524498833,203944441.65,348.72,4.45,27746.94,967.69,2025-04-25
8698180854,4553788503,913768033.18,1004.76,15.15,4012.25,1037.32,2025-04-25
8698180854,5906162395,252607911.19,539.73,7.47,28355.72,729.93,2025-04-25
4243137714,3073885350,299491634.71,97.77,0.0,525.7,103.79,2025-04-25
4243137714,1038789390,281726810.35,145.68,0.42,909.57,154.65,2025-04-25
4243137714,7440171285,2725104527.8,2609.48,64.05,8327.96,2770.16,2025-04-25
4243137714,2685270103,1570305434.87,1052.98,13.07,78882.12,2778.46,2025-04-25
4243137714,6003426856,25220725.38,479.07,0.0,22332.71,569.81,2025-04-25
4243137714,4529956798,69767771.45,1841.99,0.0,85978.1,1955.4,2025-04-25
4243137714,6032670287,278226513.0,355.88,2.88,20749.94,444.22,2025-04-25
6912959742,8607642723,456912890.16,16664.35,0.03,667890.63,16913.34,2025-04-25
6912959742,4864882707,1378207251.56,740.55,26.36,48248.0,2253.42,2025-04-25
6912959742,4053381169,719078314.79,431.49,25.44,28807.05,1071.71,2025-04-25
6912959742,9183520025,1116339658.32,513.45,26.21,28107.32,1418.61,2025-04-25
6912959742,8162433942,600980380.36,1044.67,12.65,33056.39,2381.27,2025-04-25
6912959742,2818543197,985407428.2,339.67,4.48,21642.97,888.39,2025-04-25
6912959742,9969888801,273786835.22,5.92,0.0,54173.31,40077.4,2025-04-25
6912959742,3783067689,274181644.29,209.33,0.0,115417.87,199.3,2025-04-25
4295580695,4201190704,238442620.4,106.59,12.17,7183.07,1096.4,2025-04-25
4295580695,3488985351,96534234.66,70.72,23.32,3150.56,62.16,2025-04-25
8651798558,8557802657,139823224.24,1584.84,981.18,55135.98,1731.31,2025-04-25
4038498033,3942403651,1223674851.53,1341.22,11.09,99118.95,11885.9,2025-04-25
4038498033,3472088373,2223218317.52,2911.55,19.4,148942.06,4033.99,2025-04-25
7886265417,2391458328,2787425299.04,9282.3,151.04,493024.0,11260.12,2025-04-25
7886265417,3961746063,526895085.8,3531.75,70.24,208668.48,3761.12,2025-04-25
7886265417,7105210380,750056556.13,2596.75,30.95,172823.41,4280.62,2025-04-25
7886265417,5415419238,504753230.66,1623.23,26.09,106689.05,3143.41,2025-04-25
7886265417,5706408817,598491969.9,866.28,327.98,24584.58,938.7,2025-04-25
1967633865,1708818240,495187633.97,563.56,1.66,1894.77,623.35,2025-04-25
1967633865,4093331596,682535145.93,205.46,0.0,28343.58,463.18,2025-04-25
6135802989,5282504483,4105381.91,94.76,138.36,3428.93,327.14,2025-04-25
6135802989,1670322714,650353845.3,666.12,382.75,49691.39,1292.57,2025-04-25
6135802989,6274026841,699647893.55,1449.52,13191.0,81068.38,15907.28,2025-04-25
6135802989,9057967481,60587865.93,127.6,2.93,3320.08,688.38,2025-04-25
6135802989,1338861216,294281788.17,626.72,350.78,56181.17,1926.6,2025-04-25
6135802989,4126858963,820253271.74,2594.12,84.64,126699.84,3955.51,2025-04-25
2899793385,7915374708,189331051.42,676.37,14.81,43063.68,960.05,2025-04-25
2899793385,2892349192,97739467.76,81.47,1630.72,17111.28,1617.34,2025-04-25
7730435073,3817287127,449916111.2,699.94,4.16,2193.3,634.57,2025-04-25
7730435073,7583852292,1283036914.76,1197.27,4.16,82337.7,1229.84,2025-04-25
7730435073,5706004425,117463377.86,1.08,0.0,43809.85,38567.06,2025-04-25
7730435073,4654192802,100788976.49,3826.92,0.0,167756.06,3529.4,2025-04-25
7486359225,8386534422,343155953.24,55.2,6.34,164515.69,78014.19,2025-04-25
9347899940,7836364429,45686.94,4.58,0.0,55.97,6.6,2025-04-25
9347899940,6014387531,322693920.33,25.65,0.0,154709.03,161640.5,2025-04-25
9347899940,2942018847,465630410.31,576.29,12.76,20230.41,7662.71,2025-04-25
9347899940,6648755409,90773987.78,380.22,273.02,1327.76,456.38,2025-04-25
9347899940,6606886908,708865287.3,218.97,20.65,47310.01,24561.8,2025-04-25
9347899940,3678354545,481134720.82,489.25,5.56,8849.64,587.24,2025-04-25
8452065073,7687297864,3275551340.45,2517.94,44.25,168246.26,3201.36,2025-04-25
8452065073,3890167511,1148938887.03,901.77,22.51,47053.28,5453.68,2025-04-25
8906508432,8115142452,107043071.79,59.55,0.0,1085.59,52.62,2025-04-25
8906508432,2145286589,35595431.01,23.61,0.0,1088.46,80.74,2025-04-25
2826827076,9211652825,384620684.32,891.34,6.59,13629.31,929.57,2025-04-25
2826827076,7917601552,94969157.09,197.86,2.09,3030.43,206.35,2025-04-25
2826827076,4592686729,52335098.89,7.76,0.0,270.23,8.09,2025-04-25
1684414765,4918513042,307941064.01,896.2,4.47,9518.51,868.64,2025-04-25
1684414765,3075231399,1605534766.76,4836.26,40.64,304948.06,5403.17,2025-04-25
1684414765,2260433912,153589103.86,137.63,1.88,1375.98,133.4,2025-04-25
1684414765,8994641466,141810517.43,219.78,3.18,7753.96,261.63,2025-04-25
1672862023,9278357968,365529473.24,1016.54,15.2,35516.2,2268.85,2025-04-25
1672862023,9009504259,559152490.5,1210.12,14.13,93674.3,2645.03,2025-04-25
1672862023,2889295949,37441628.86,47.68,0.0,19542.68,6944.41,2025-04-25
1672862023,5220749541,52644401.84,102.04,0.0,37594.75,19447.13,2025-04-25
1672862023,9908296825,87991333.76,273.68,0.0,97839.92,51394.85,2025-04-25
2395255119,4051200903,722804148.65,311.64,24.3,1544.37,339.11,2025-04-25
8564269730,5835984744,780235070.34,2177.75,11.07,16677.08,2173.81,2025-04-25
8564269730,7549467939,829349326.98,637.25,8.84,10012.37,840.63,2025-04-25
8564269730,1415407628,532345939.14,724.66,7.96,46535.39,1193.39,2025-04-25
8564269730,1175457010,785957258.37,13162.36,15989.2,700158.33,14556.17,2025-04-25
3457456980,1473717766,179674360.36,63.23,0.0,723.62,63.7,2025-04-25
3457456980,2642718073,268459235.77,3931.1,0.0,45505.62,3960.48,2025-04-25
7676611041,3361600377,2796528468.68,38812.27,10.5,1757329.03,51137.82,2025-04-25
7676611041,5345280228,865488635.24,11009.67,3.91,421936.93,11589.35,2025-04-25
7676611041,2895299737,14799758045.87,137912.53,33.33,4427544.74,145173.94,2025-04-25
4695215334,9369397988,1021239385.52,149.78,11.35,2168.02,159.16,2025-04-25
4695215334,9958204117,130477258.25,17.51,2.06,261.15,18.6,2025-04-25
4695215334,5670229680,2449890.84,12.64,0.0,115.72,13.44,2025-04-25
4695215334,4416915735,0.0,0.0,0.0,1.02,0.0,2025-04-25
4695215334,5058988802,359481048.65,260.66,40.21,23117.01,281.11,2025-04-25
3618949692,6414179844,222391400.13,139.59,3.84,1023.95,147.85,2025-04-25
3618949692,3097436182,6347187.0,1.97,0.45,23.71,2.08,2025-04-25
3618949692,1530122700,240331021.92,99.28,4.79,2642.4,105.16,2025-04-25
3618949692,8137933576,14689349.51,8.85,0.0,40.12,9.37,2025-04-25
3618949692,2469494668,66382969.08,15.73,1.07,219.74,16.66,2025-04-25
3618949692,1446058529,14669117.97,9.83,0.0,111.24,10.41,2025-04-25
5007176908,9655669412,227254085.33,75.36,52.09,575.84,66.74,2025-04-25
5007176908,8973749094,3618055454.55,852.01,411.28,5751.2,754.5,2025-04-25
5007176908,2099106863,31845153.7,8.37,2.04,128.87,7.42,2025-04-25
5007176908,4060656352,504642217.67,162.24,98.05,980.87,143.67,2025-04-25
5007176908,3126286823,4242900369.12,1116.83,509.55,5975.2,989.0,2025-04-25
5007176908,9307665092,743219897.92,170.61,79.5,1038.14,151.08,2025-04-25
5007176908,5713688815,0.0,0.0,0.0,10.23,0.0,2025-04-25
5007176908,1027988587,108320053.0,30.35,12.26,499.13,26.88,2025-04-25
3539058667,4902344444,9688371.97,6.98,1.07,45.45,7.08,2025-04-25
2830511829,6491765159,97988376.57,13.93,7.71,102.63,12.71,2025-04-25
2830511829,3860904482,1453314285.88,273.54,104.04,1781.17,249.56,2025-04-25
2830511829,8781058829,0.0,0.0,0.0,33.55,0.0,2025-04-25
2344918624,3666339143,27720893.71,7.67,2.18,43.02,7.4,2025-04-25
2344918624,1365052247,126115292.02,18.62,15.26,70.74,17.97,2025-04-25
2344918624,1107847069,144866923.9,37.24,13.08,416.77,35.94,2025-04-25
1638662180,4804931645,635752564.9,195.54,36.67,1141.92,174.87,2025-04-25
1638662180,7105264940,2461343848.57,269.67,75.85,1307.68,241.16,2025-04-25
1638662180,6566801620,98082226.83,1738.38,0.0,26416.02,1554.57,2025-04-25
1638662180,9324237722,63772219.94,0.0,0.0,22508.64,3323.41,2025-04-25
2212125296,7951537734,243917952.58,15.27,0.0,195.02,14.24,2025-04-25
2212125296,6652402212,100570932.13,13.24,0.0,37.05,12.34,2025-04-25
2212125296,7549592899,29667874.52,76.36,0.0,2816.09,138.61,2025-04-25
9421829897,1780584539,277464747.96,128.44,59.46,3195.76,108.69,2025-04-25
9421829897,2163215242,139733617.92,128.44,3.21,47132.05,30325.38,2025-04-25
3610097806,3180925154,9043956.48,71.71,6.47,816.03,64.94,2025-04-25
3610097806,3826135626,81389364.29,192.27,43.61,4799.83,177.89,2025-04-25
3610097806,5010669122,59063770.75,49.89,3.18,338.66,45.18,2025-04-25
3610097806,9859745335,51294371.46,2260.48,310.86,12377.42,2047.11,2025-04-25
3610097806,7814768919,84481056.64,151.74,48.25,1727.54,151.53,2025-04-25
3610097806,5986851063,105239022.78,650.6,94.53,18395.0,589.19,2025-04-25
6876393557,5396937335,1086035985.78,195.17,106.25,264983.81,119769.9,2025-04-25
2236384250,9999704340,561750238.96,875.41,16.08,7860.07,1027.78,2025-04-25
9686881868,6425666894,226550247.68,319.34,4.62,5159.71,721.25,2025-04-25
6278335695,3562027590,498442911.05,2872.07,60.28,7815.25,3148.59,2025-04-25
6278335695,6049165360,47653162.14,145.74,2.23,400.99,159.78,2025-04-25
4045471774,4967547877,4526972574.11,7366.79,142.14,168974.43,9636.44,2025-04-25
2274795399,3455571427,3737554947.94,2832.93,11.23,21440.34,2535.2,2025-04-25
1467415627,5784461467,8523887178.08,8174.77,103.51,41820.22,9312.36,2025-04-25
3566905478,1591535805,19904044414.56,17855.96,153.44,126030.43,18387.44,2025-04-25
2587290667,7156700864,2300735215.85,2316.87,41.11,301837.67,34064.46,2025-04-25
2901644731,3377938243,1635850382.11,388.63,0.93,74455.28,933.12,2025-04-25
2901644731,4606888347,3805418229.5,3911.9,1180.59,255118.9,69156.92,2025-04-25
3722240279,2110203587,1442139385.63,2777.22,59.14,87612.43,3968.92,2025-04-25
3722240279,4731629889,170218461.6,529.42,2.93,54933.23,754.96,2025-04-25
6629749215,6829243539,439561901.31,98.46,8.54,5669.4,162.84,2025-04-25
6849650164,8452746102,590398349.75,193.58,20.22,2319.38,198.02,2025-04-25
8399250647,3678641816,1116886262.43,2738.65,20.58,93729.46,12444.03,2025-04-25
8399250647,4847824106,150154387.48,25.66,4.53,977.8,25.74,2025-04-25
8399250647,1760100775,2335519389.67,699.71,91.3,16413.94,711.74,2025-04-25
8399250647,8598486572,901061329.48,340.48,20.07,36662.05,2015.44,2025-04-25
8399250647,2375699198,686691363.69,298.04,2.97,31508.82,2262.91,2025-04-25
8399250647,2096589161,1881294453.62,1396.46,30.6,648745.98,1465.05,2025-04-25
4688974689,2436297072,2356360913.14,5635.34,68.21,143375.78,13104.99,2025-04-25
4688974689,3648580833,6601820603.69,1463.48,140.76,18435.26,1409.01,2025-04-25
4688974689,8465502459,3477034977.21,951.37,3.99,14908.29,915.96,2025-04-25
4688974689,4223178498,1089127214.05,139.38,2.0,2601.06,134.19,2025-04-25
4688974689,6144169622,1570936302.61,349.5,0.0,5907.89,336.49,2025-04-25
4688974689,9624884188,768602515.59,371.68,0.0,6053.69,357.84,2025-04-25
4688974689,4827905773,696889890.39,225.96,22.96,2741.05,217.55,2025-04-25
4688974689,4617877443,79915394.45,20.06,3.0,319.58,19.32,2025-04-25
4688974689,8506205146,677182043.45,126.71,58.69,516.54,121.99,2025-04-25
4342179642,2010724377,2819799646.77,160.58,10.88,14383.64,175.59,2025-04-25
4342179642,3646726268,110426944215.1,7463.54,1034.86,50430.13,8160.96,2025-04-25
4342179642,1064013385,707302362.22,771.99,44.88,104022.51,75751.99,2025-04-25
4342179642,7024040828,525775703.6,161.58,4.35,5876.92,176.68,2025-04-25
7374603391,6982353195,81976613218.22,5629.8,622.29,90605.71,6627.28,2025-04-25
7374603391,5032773423,17168436193.0,1555.2,100.33,36205.07,1830.75,2025-04-25
7374603391,6566189338,17064753745.77,2353.74,103.59,41913.88,2770.77,2025-04-25
7374603391,3075497862,7769034052.53,739.91,52.79,17574.77,871.0,2025-04-25
9407111886,9875480375,5063000350.02,721.57,58.7,37518.18,5910.31,2025-04-25
7761714523,1323231114,1393271303.66,1232.45,2.35,101315.09,2115.34,2025-04-25
1591927154,8003109042,1527360298.97,1336.0,71.99,19726.29,1330.27,2025-04-25
1591927154,1853034732,201828544.72,58.53,69.16,15020.04,5363.01,2025-04-25
1591927154,1390345489,417558121.9,328.61,148.43,958.82,327.2,2025-04-25
4096109405,8177353206,42365318.2,96.5,10.09,272.26,93.87,2025-04-25
4096109405,4372533818,140593232.1,136.17,0.92,9381.88,1369.46,2025-04-25
4096109405,7924053205,105892053.84,1756.26,545.62,50810.78,4413.98,2025-04-25
4096109405,8161626560,125232277.63,94.35,0.0,8211.68,501.68,2025-04-25
4096109405,6754880878,91776110.27,31.09,0.0,21816.31,9866.78,2025-04-25
4096109405,6213047467,68628552.12,22.52,0.0,11987.07,5836.63,2025-04-25
4096109405,1988555657,60275281.65,1038.96,327.37,28494.78,2559.52,2025-04-25
4096109405,7923331247,110085158.94,27.88,0.0,18847.04,9842.79,2025-04-25
4096109405,7527921894,186243560.03,55.75,0.0,3053.62,54.24,2025-04-25
4096109405,1907218334,150929702.25,36.45,0.0,1541.76,35.46,2025-04-25
4096109405,5554671881,273437030.45,62.19,0.0,2667.11,60.49,2025-04-25
4096109405,3945426133,47227085.88,12.87,0.0,1919.72,725.93,2025-04-25
4096109405,8739937969,25546752.0,7.51,0.0,180.44,7.3,2025-04-25
4096109405,5740880111,104486359.58,9.65,0.92,57.66,9.39,2025-04-25
4096109405,3672255308,91574954.24,143.67,0.0,9724.61,181.48,2025-04-25
4096109405,8730060636,30509552.55,11.79,0.0,4834.55,2512.59,2025-04-25
4096109405,1762636076,40212474.09,15.01,0.0,6685.94,3950.88,2025-04-25
4096109405,8294062097,33494272.63,644.39,204.49,15712.27,1579.1,2025-04-25
4096109405,4869983630,19183987.47,347.39,141.22,9088.26,628.93,2025-04-25
4096109405,4098800879,19141801.82,11.79,0.0,4883.66,1821.08,2025-04-25
4096109405,1244904572,19172726.99,345.25,97.2,7769.65,1102.45,2025-04-25
4096109405,1661313920,20961112.97,38.6,0.0,2546.46,37.55,2025-04-25
4096109405,1919082683,19130131.33,8.58,0.0,4276.14,1893.04,2025-04-25
4073978577,9974179771,1413679065.58,109.18,255.18,765.23,118.7,2025-04-25
4073978577,9571053886,19386104.68,292.35,384.64,12902.51,317.84,2025-04-25
4073978577,4668608526,10452641.46,195.8,220.28,6967.53,212.88,2025-04-25
4073978577,1159867683,7466670.41,142.56,179.73,4017.93,155.0,2025-04-25
4073978577,6760149653,11175365.77,214.75,271.79,6441.81,233.48,2025-04-25
4073978577,5976972031,11487913.93,218.36,292.6,6679.33,237.4,2025-04-25
4073978577,9423560261,5270624.81,125.42,142.47,3809.24,136.36,2025-04-25
4073978577,8468636188,40411638.26,649.66,677.26,24404.75,706.32,2025-04-25
4073978577,8918188426,51754646.2,1145.92,1343.51,33098.51,1245.87,2025-04-25
4073978577,2809153111,20043124.91,349.19,349.59,13214.56,379.65,2025-04-25
4073978577,3189182729,20020262.09,394.31,456.99,10371.3,428.7,2025-04-25
4073978577,9300767281,4781456.88,110.98,103.01,2605.74,120.66,2025-04-25
1005124609,1031635523,286759368.7,340.38,191.27,27017.52,320.47,2025-04-25
6487975423,4413950909,291127519.23,332.69,2.31,19498.48,390.3,2025-04-25
6487975423,8231782234,640337779.17,368.14,3.21,31561.36,1005.41,2025-04-25
6487975423,9613903508,125032897.75,164.53,1.1,15640.83,188.38,2025-04-25
3600040380,1763008372,1219367296.89,4720.33,295.21,17426.59,4284.67,2025-04-25
3600040380,8669313064,839366449.49,804.19,18.07,81046.22,2698.55,2025-04-25
3600040380,8419382377,245174702.28,23.53,0.16,615.68,21.36,2025-04-25
3600040380,5396238075,380271643.6,93.04,1.81,18375.68,1295.88,2025-04-25
3600040380,4392194616,987540204.06,372.15,31.86,37957.15,6743.45,2025-04-25
3600040380,6343018203,542946875.28,503.69,4.59,10193.77,816.36,2025-04-25
3600040380,8938601818,3450327724.9,51433.86,5.77,1509485.39,114071.81,2025-04-25
3600040380,7298541787,491893672.32,32.08,26.93,95473.02,47751.65,2025-04-25
3600040380,7877040354,1061170634.45,182.87,5.77,349244.01,337422.11,2025-04-25
3600040380,5579187507,1064833671.96,331.51,1.92,468995.66,48303.97,2025-04-25
3600040380,2631748418,768469916.49,60.96,0.0,53706.24,4879.71,2025-04-25
3600040380,9579027160,750181295.39,3139.76,2042.86,232679.68,44924.97,2025-04-25
3600040380,9034614927,950024482.41,11210.52,26.1,265746.43,29323.88,2025-04-25
3600040380,2220767910,945358298.81,3545.06,209.48,14037.5,3217.87,2025-04-25
7180277247,9604138681,122984809.99,19.39,0.0,96.45,21.84,2025-04-25
7180277247,2669966094,49582307.64,16.48,4.52,122.59,18.56,2025-04-25
7180277247,1126568311,29585744.02,17.45,2.8,228.96,19.66,2025-04-25
7180277247,2634782099,72345092.31,31.99,0.0,365.97,46.96,2025-04-25
7180277247,7757701943,106144092.84,38.78,13.56,512.0,43.68,2025-04-25
8324519661,2307735518,342885807.28,38.22,4.33,1027.89,36.04,2025-04-25
6111885933,3382304313,92259240.37,1707.79,0.0,35619.72,1544.37,2025-04-25
3550535444,8777719213,4585040.61,12.36,0.9,326.97,13.49,2025-04-25
3550535444,7499600335,52070005.03,14.26,4.51,122.89,15.57,2025-04-25
7869137619,9322847193,2343567703.48,3305.01,107.49,109333.85,3056.63,2025-04-25
7869137619,1973986421,98828019.99,95.27,1.07,409.8,88.11,2025-04-25
7869137619,1082736794,83277917.67,1388.59,3.2,42591.63,1294.36,2025-04-25
7869137619,8963076927,84160262.47,75.56,0.0,34321.94,10852.15,2025-04-25
7869137619,1952572285,80093728.0,61.33,3.2,265.22,56.72,2025-04-25
7869137619,1505830418,85523178.54,87.61,0.0,34253.8,10264.73,2025-04-25
7869137619,6206591032,70541471.61,1180.52,6.4,76678.74,1091.8,2025-04-25
7869137619,7877000868,331706151.39,86.51,3.55,3270.12,80.01,2025-04-25
2672329958,5026756656,98851920.63,124.24,0.0,3494.21,135.84,2025-04-25
2672329958,8006829716,1097743311.28,360.88,4.38,2879.15,394.58,2025-04-25
2672329958,8403774764,1392058843.28,190.3,2.78,66548.93,23386.15,2025-04-25
2672329958,3588650281,225866005.38,482.15,1.81,1953.71,527.19,2025-04-25
2672329958,1675865207,562718136.82,135.08,4.74,2358.35,147.7,2025-04-25
2672329958,2458713257,75134477.93,15.78,0.0,322.76,17.25,2025-04-25
2672329958,5970074857,276599429.87,124.24,2.79,305.62,135.84,2025-04-25
2672329958,3767303805,31902249.0,2.96,0.0,194.23,3.23,2025-04-25
2672329958,5033663938,202849159.53,29.58,0.0,26133.24,32.34,2025-04-25
2672329958,6024813197,89433473.11,17.75,0.0,9633.35,19.41,2025-04-25
2672329958,8045212593,13787206.28,5.92,0.0,983.52,6.47,2025-04-25
2672329958,6347921401,926064426.15,1538.16,8.7,5268.92,1681.84,2025-04-25
2672329958,1796779381,15754940.21,30.57,0.0,383.7,33.42,2025-04-25
2672329958,9528901661,39391161.05,4700.26,0.0,81740.64,20876.33,2025-04-25
2672329958,7109394127,30290001.0,65.08,0.0,8646.02,3804.61,2025-04-25
2672329958,6577302930,139901866.24,73.95,0.93,448.44,80.86,2025-04-25
2672329958,4695594436,1745046.0,0.99,0.0,80.93,1.08,2025-04-25
2672329958,6350769054,10099203.0,2.96,0.0,40.94,3.23,2025-04-25
2672329958,2236835106,11526651.63,24.65,0.0,246.59,26.95,2025-04-25
2672329958,5326493874,15131664.94,260.3,0.0,7382.58,1462.98,2025-04-25
2672329958,3831694056,5035843.72,92.68,0.0,8466.07,507.79,2025-04-25
2672329958,5362926328,38324058.4,52.26,0.0,54414.42,27425.79,2025-04-25
2672329958,3550010696,5006462.76,124.24,0.0,5008.05,585.41,2025-04-25
2672329958,1211818461,31109862.72,43.38,0.0,41819.09,20294.15,2025-04-25
2672329958,7181270913,36584580.5,41.41,0.0,735.97,45.28,2025-04-25
2672329958,2629081163,61301993.72,17.75,0.0,3105.75,1318.52,2025-04-25
2672329958,6578535574,81361671.57,21.69,0.0,289.44,23.72,2025-04-25
2672329958,4954840143,103067923.68,2191.88,0.0,38235.38,6806.05,2025-04-25
8347115882,8677429552,50171779.38,66.33,11.64,290.83,71.11,2025-04-25
8347115882,2135211737,1238796517.2,828.11,62.45,73058.92,1511.18,2025-04-25
8347115882,6700896402,375105311.08,317.0,16.94,128083.99,17362.37,2025-04-25
8347115882,8267302135,247373724.39,68.28,2.12,2997.32,73.21,2025-04-25
1021909544,9058740817,881786286.95,564.27,0.78,2393.63,669.44,2025-04-25
1021909544,3652997283,174537310.69,79.03,0.0,7454.19,1346.52,2025-04-25
8181642239,6862247394,11805592760.24,22807.36,849.89,1009862.92,27402.75,2024-10-18
8181642239,3965833100,3805244942.82,6262.36,212.75,370884.47,7524.15,2024-10-18
9565398844,4932352743,3154718769.69,2025.54,77.86,59650.71,7376.88,2024-10-18
9565398844,8260044871,3710869897.06,1336.06,81.04,13455.72,1311.28,2024-10-18
9565398844,9316316207,4897113184.78,3596.71,226.26,40010.95,3530.02,2024-10-18
4698396798,2826554460,32691244.0,73.7,1.87,3715.27,75.17,2024-10-18
7220654458,4411942258,17274375.0,212.4,117.25,818.64,200.21,2024-10-18
4168681528,9654050745,1278025839.17,3785.78,1772.64,112455.05,12315.38,2024-10-18
4168681528,1208018887,4445916853.37,5378.9,4547.89,218708.07,16611.05,2024-10-18
3223263586,4519967341,2631727785.52,22389.58,26679.15,423170.62,130902.75,2024-10-18
1035543794,9810953116,3375583441.82,8006.13,211.9,736201.19,7430.58,2024-10-18
1035543794,2766691656,60505219.42,188.99,3.81,13626.66,175.4,2024-10-18
1035543794,6048210138,425167515.4,1254.29,19.96,70394.26,1164.12,2024-10-18
1035543794,1029398724,4694682861.93,10817.73,173.02,762470.73,10109.63,2024-10-18
1035543794,2414841495,4896048317.53,61243.79,110967.85,3356710.51,56841.06,2024-10-18
1035543794,4158408252,151443153.0,650.37,7.51,47766.39,603.62,2024-10-18
1035543794,1662528995,2568315.0,39.06,0.95,2033.7,36.26,2024-10-18
1035543794,6726098895,164772268.5,429.71,4.75,21008.16,398.82,2024-10-18
1035543794,3985488676,31009809.08,127.75,0.95,6733.84,129.35,2024-10-18
1035543794,7967809540,11229149439.59,25529.24,373.25,1590480.87,23850.77,2024-10-18
1035543794,3910991376,641346507.0,1273.29,12.73,98963.18,1181.76,2024-10-18
1035543794,2169782023,25922207486.97,76834.79,1235.7,5155022.71,71866.85,2024-10-18
1035543794,9931275961,410847795.34,1665.0,16.98,103533.14,1624.67,2024-10-18
1035543794,4703338973,52507548222.77,107958.72,2279.74,7945279.99,101890.98,2024-10-18
2656837900,1072430225,1227341289.51,3824.59,106.97,83425.23,3753.45,2024-10-18
2656837900,9595694025,454445472.0,1208.8,17.72,33159.75,1186.32,2024-10-18
2656837900,2048221727,140734560.0,455.51,3.51,9546.91,447.03,2024-10-18
2656837900,2455323576,112375086.01,255.25,6.71,6325.51,250.5,2024-10-18
2656837900,4795723974,262395600.0,362.12,24.18,7993.9,355.39,2024-10-18
8842840036,1210173408,522159131.57,3203.95,184.72,195954.99,2893.55,2024-10-18
8842840036,6495955476,1036726281.25,5040.23,295.95,327626.55,4553.26,2024-10-18
4126844175,7977352067,180196107.0,3637.23,127.14,5445.87,3895.34,2024-10-18
4126844175,1379051870,148582278.0,434.45,13.12,1145.35,465.28,2024-10-18
4126844175,4708428367,44897255.0,166.31,1.99,4606.92,178.11,2024-10-18
9058771111,1014702892,1108000725.68,2724.65,42.39,137703.07,2467.09,2024-10-18
7658197888,8092448106,255012713.77,704.35,10.95,39945.07,768.32,2024-10-18
9677358744,8417110618,184374928.42,546.88,4.42,20729.82,572.45,2024-10-18
3886905599,3438720752,1290865202.53,4518.74,48.56,162912.4,4191.2,2024-10-18
3886905599,5894201699,525608153.0,1693.11,21.2,66577.88,1539.49,2024-10-18
1757896755,3640350936,220568814.3,589.02,16.69,42384.89,545.05,2024-10-18
1517367026,8344008125,282599147.27,472.59,10.11,44547.96,468.96,2024-10-18
1517367026,2679218740,682492266.68,506.56,11.12,20003.36,502.68,2024-10-18
1517367026,8875061965,3345535805.98,2967.31,103.86,165454.24,2950.67,2024-10-18
5928471422,4731411438,1623420186.3,1880.48,42.65,55473.29,1727.36,2024-10-18
5928471422,9627551459,396505705.18,394.64,18.54,13616.51,362.51,2024-10-18
5928471422,4167948901,46653230.0,77.28,1.04,2766.18,70.99,2024-10-18
5928471422,6421432379,60883212.0,78.31,0.31,2470.37,71.93,2024-10-18
5928471422,7051951348,68829696.0,41.22,0.0,758.24,37.86,2024-10-18
4925883884,7785752953,7858504016.96,10920.39,324.6,869207.96,9607.73,2024-10-18
4925883884,9745155174,60722010.9,75.81,0.01,4182.61,125.52,2024-10-18
4925883884,7501348991,32615462.49,87.56,1.33,3587.35,77.75,2024-10-18
4925883884,8015908839,294160426.78,280.83,9.59,27842.71,251.04,2024-10-18
4925883884,3717506363,2665737600.19,2810.45,91.1,209943.51,2587.17,2024-10-18
4221243019,5582781761,25047577.8,58.22,9.66,3049.79,1074.41,2024-10-18
3818150017,7908221650,706917600.0,1744.02,156.3,102401.75,1933.75,2024-10-18
3818150017,4215149292,2553153975.0,1602.17,14.8,155426.05,1776.47,2024-10-18
2373677586,5034490324,191534167.07,1279.01,894.91,22296.34,1466.83,2024-10-18
9999862340,7115492536,1258964662.37,14243.9,8754.21,523162.0,13855.24,2024-10-18
9999862340,6161746386,576061902.0,285.37,1.97,22851.0,242.6,2024-10-18
3144474603,1637317450,848726196.58,226.58,21.99,1830.33,221.2,2024-10-18
3144474603,6125812716,4337070535.0,1156.99,147.87,3116.82,1129.51,2024-10-18
3144474603,8178969364,347173580.0,101.8,12.08,242.41,99.38,2024-10-18
3144474603,6021828990,437983017.0,496.95,19.31,32864.16,485.14,2024-10-18
3144474603,9182583014,574580258.06,148.87,15.94,1134.88,145.33,2024-10-18
6591765169,9301388575,62914790.0,84.82,0.0,1697.65,86.56,2024-10-18
6591765169,6064052387,57014260.0,100.6,0.96,1545.4,102.66,2024-10-18
6591765169,7721676256,30425288.6,555.29,0.0,16960.37,585.78,2024-10-18
9767077580,2409268224,1262630742.23,703.14,316.69,67713.59,20607.47,2024-10-18
5966024179,8278163086,1680266722.01,6096.0,70.69,365069.82,6809.08,2024-10-18
6747103943,5852721707,4474709467.32,3514.66,1334.29,672398.55,335078.96,2024-10-18
4695215334,7231652811,823507200.0,224.67,22.82,599.1,238.74,2024-10-18
4695215334,4509106959,1369362240.0,266.49,61.81,521.27,283.18,2024-10-18
4695215334,7351226864,159061388.03,55.44,0.0,5208.57,101.28,2024-10-18
3618949692,5302634021,1348513022.68,955.48,96.27,5434.33,1012.05,2024-10-18
5007176908,8561532843,157903672.29,127.7,1.02,1083.15,113.08,2024-10-18
5007176908,8176883866,38167732.0,47.1,3.06,196.38,41.71,2024-10-18
5007176908,1895939592,5060156.0,6.28,1.02,110.46,5.56,2024-10-18
3539058667,3340020946,991634995.73,127.62,80.63,2012.93,129.42,2024-10-18
2830511829,4777687174,851882991.15,129.31,93.44,1724.93,117.98,2024-10-18
2344918624,3666339143,10031160.0,7.67,2.18,32.5,7.4,2024-10-18
5460111518,8955838712,57680078.06,142.77,37.59,2062.72,167.52,2024-10-18
5460111518,6102580605,71185397.48,233.89,52.58,2608.89,262.35,2024-10-18
5788584904,1286918758,1104264275.0,689.49,59.01,4791.06,792.34,2024-10-18
1638662180,9777032190,231500976.0,614.56,70.19,4308.89,549.58,2024-10-18
1638662180,7132173676,7848490384.0,1986.57,286.43,5274.92,1776.52,2024-10-18
1638662180,8273602724,1905738616.34,7229.64,984.55,76197.11,6598.77,2024-10-18
1295015522,5373017082,43998418274.11,9691.62,20.45,14075579.34,511134.86,2024-10-18
5982728792,9769488780,52848673.6,16.02,0.0,9787.39,3643.33,2024-10-18
5982728792,7341917791,167631996.79,129.26,9.42,2173.17,127.52,2024-10-18
5982728792,8168056870,58697228.4,79.05,2.09,2031.75,174.95,2024-10-18
5594503139,8702562741,6701768653.28,27282.79,1296.26,51582.37,23775.01,2024-10-18
3059796702,3746782976,1011673833.26,2977.03,1307.58,900703.08,154501.6,2024-10-18
3059796702,6514982789,1050272105.82,5399.34,1799.87,1441498.71,131880.93,2024-10-18
3059796702,5926641707,6254077433.15,28651.11,35792.02,7805328.42,870457.45,2024-10-18
3059796702,7718619114,1327957744.32,201.22,0.73,234894.09,77206.19,2024-10-18
3059796702,8799623501,1323999944.55,157.72,0.75,302898.15,104463.63,2024-10-18
2902900350,1951412659,67309333647.38,79485.6,1358.02,6181834.28,90613.99,2024-10-18
2902900350,2551761952,1993384035.2,3058.7,95.96,202444.4,23103.96,2024-10-18
2902900350,6676788718,3760816906.0,40128.95,1159.94,2384097.93,45745.61,2024-10-18
2902900350,6452399867,15400066572.67,18018.72,567.15,1448989.43,20541.77,2024-10-18
2902900350,5367253999,3523068975.94,7947.45,218.27,439574.22,9059.82,2024-10-18
2902900350,2492550689,18791205040.89,58648.37,726.24,3651098.49,66857.11,2024-10-18
2902900350,9437400903,9611229889.48,29103.4,478.91,1472618.38,33186.34,2024-10-18
2902900350,5274518868,19908671000.24,45388.14,2059.9,2984489.4,52828.76,2024-10-18
2902900350,6045022501,5202092321.88,17096.77,565.36,1058938.54,19489.72,2024-10-18
2902900350,2194391181,12101100253.81,7860.61,141.84,392488.02,8960.83,2024-10-18
2902900350,9013986967,11443548026.3,21836.78,533.37,1457887.53,25462.9,2024-10-18
2902900350,1853641219,5131636201.46,11943.81,496.46,701454.09,13646.07,2024-10-18
2902900350,6070159021,6117592980.02,15481.04,242.31,1308072.21,17647.85,2024-10-18
2902900350,2154850971,8021967076.81,17438.57,323.93,1432492.09,19879.37,2024-10-18
2902900350,8249577716,2399890114.01,6296.62,122.75,549346.07,7177.93,2024-10-18
2902900350,3837869381,19782506146.06,89749.94,1576.89,6550532.76,102312.88,2024-10-18
2902900350,2549149877,6551861556.35,44547.48,856.57,3010879.69,50782.59,2024-10-18
2902900350,7843453157,15145971698.83,57685.77,1054.42,2674253.76,69444.57,2024-10-18
2902900350,3349601533,22083026891.97,100749.63,1118.21,5373948.41,114966.93,2024-10-18
2902900350,7319587305,7278151897.54,40507.71,499.08,2267187.4,46177.38,2024-10-18
2902900350,1591619995,8009896703.29,17724.03,418.41,694377.02,21733.88,2024-10-18
2902900350,3643670004,9043544570.71,20497.27,267.58,1245281.52,26486.52,2024-10-18
2902900350,7459071150,6425690758.91,19959.62,625.15,1232808.02,22757.49,2024-10-18
2902900350,3080256802,3857578715.01,11872.68,337.17,864898.35,13534.44,2024-10-18
2902900350,7345301105,16183229692.46,33148.72,695.36,2225654.18,37793.65,2024-10-18
2902900350,7276124496,1742856084.94,6971.92,187.28,534437.46,9756.97,2024-10-18
2902900350,4973133192,29984840544.97,34407.85,544.96,1564560.7,40809.73,2024-10-18
2902900350,7880987373,3908504648.29,6688.31,99.05,420512.49,7624.44,2024-10-18
2902900350,3379371919,1205416431.91,6432.42,212.04,402714.27,7593.9,2024-10-18
2902900350,2621285565,1988294999.45,6902.63,247.75,385587.7,7868.76,2024-10-18
2902900350,3705418823,10421516064.62,36763.54,571.63,2217261.08,41909.17,2024-10-18
2902900350,4657103299,9415696779.68,23384.15,375.04,1876382.04,26685.55,2024-10-18
2902900350,6595518237,3477901391.2,4715.08,104.35,366285.59,6003.72,2024-10-18
2062913176,5994436383,0.0,0.0,0.0,2.04,0.0,2024-10-18
1035543794,3916994297,0.0,0.0,0.0,51.22,0.0,2024-10-18
1035543794,7804995364,0.0,0.0,0.0,32.01,0.0,2024-10-18
2656837900,8206394479,0.0,0.0,0.0,11.35,0.0,2024-10-18
2656837900,2945663229,0.0,0.0,0.0,6.62,0.0,2024-10-18
4695215334,2528213058,0.0,0.0,0.0,41.99,0.0,2024-10-18
2212125296,5303867796,198342304.0,1.02,0.0,32.18,0.95,2024-10-18
2062913176,4257459723,1277952.0,3.09,0.94,3.07,2.86,2024-10-18
2656837900,7349241964,204744.0,3.11,0.0,87.96,3.05,2024-10-18
5928471422,3266634425,2479542.0,4.12,0.0,256.49,3.79,2024-10-18
3618949692,9171967339,4191726.0,3.93,1.07,31.0,4.16,2024-10-18
2656837900,8562647239,829752.0,5.19,0.0,135.25,5.09,2024-10-18
3618949692,8137933576,24951696.0,7.86,1.07,39.21,8.33,2024-10-18
2656837900,1418642586,1196136.0,9.34,0.0,528.7,9.16,2024-10-18
3618949692,5988888032,32312049.0,11.8,0.0,66.56,12.49,2024-10-18
6591765169,4658508331,15606850.0,12.82,0.0,84.69,13.08,2024-10-18
1035543794,1297958966,2939901.0,14.78,0.0,765.04,13.72,2024-10-18
3539058667,7075913638,10074430.0,13.96,3.22,192.91,14.16,2024-10-18
2373677586,5193588750,37050928.43,16.62,0.0,54.76,16.85,2024-10-18
2212125296,6112711648,43053153.08,10.18,0.98,309.11,15.19,2024-10-18
3144474603,9803693166,131928230.38,18.61,0.0,135.28,18.17,2024-10-18
3618949692,3201800528,32801280.04,17.69,1.07,444.96,18.74,2024-10-18
5982728792,6718585329,20876049.93,19.23,0.0,34.59,18.97,2024-10-18
3618949692,2469494668,62977782.71,18.68,0.53,233.42,19.78,2024-10-18
3144474603,4367602894,17939680.0,22.99,0.0,118.93,22.44,2024-10-18
2656837900,6335643178,18610152.0,22.83,0.92,981.74,22.4,2024-10-18
3618949692,9040172038,12753972.0,22.61,4.68,32.82,23.95,2024-10-18
3144474603,1349295418,138193252.84,27.36,1.1,143.45,26.71,2024-10-18
5007176908,4060656352,19469452.0,26.17,3.06,100.23,23.17,2024-10-18
3144474603,9894360713,90266313.19,37.22,6.6,493.9,36.33,2024-10-18
1035543794,6256206481,24896262.0,38.01,0.95,4064.2,35.28,2024-10-18
6591765169,1553540254,45607260.0,37.48,0.0,457.72,38.25,2024-10-18
2656837900,5786792699,15668304.0,40.47,0.02,1484.91,39.71,2024-10-18
3144474603,7822222889,160842026.47,45.97,2.2,507.52,44.88,2024-10-18
3144474603,7253524132,225629261.45,51.45,6.6,446.69,50.22,2024-10-18
1638662180,8640916512,23292416.0,53.72,6.38,1313.2,48.04,2024-10-18
9677358744,2396056575,5490828.0,56.14,0.0,696.54,58.77,2024-10-18
4695215334,1416940205,95219856.0,52.52,1.03,875.61,55.81,2024-10-18
3144474603,4274346245,275782595.92,61.3,7.33,492.08,59.84,2024-10-18
3144474603,7933756559,313927916.9,70.05,8.61,756.28,68.39,2024-10-18
1035543794,2069071835,36556254.72,122.47,0.95,10641.19,128.37,2024-10-18
3144474603,7477917966,386488053.37,153.24,20.05,1725.92,149.6,2024-10-18
3618949692,9761106737,148713960.66,204.46,6.47,16858.27,302.99,2024-10-18
4695215334,5058988802,228028867.55,637.05,41.24,51824.58,676.94,2024-10-18
7192602240,9730771122,51954594.69,4.21,3.21,6446.88,4507.29,2024-10-18
2009937203,1226427383,338578209.27,155.83,7.05,12028.37,5924.41,2024-10-18
2009937203,8890248670,69079083.17,111.75,5.27,7640.74,342.56,2024-10-18
9061489677,9205970254,471748433.0,30.24,1.07,1379.69,27.02,2024-10-18
9061489677,9535527754,96451056.0,48.6,1.07,526.26,43.42,2024-10-18
6096057999,9054370502,1113956576.0,145.15,0.0,2982.61,144.65,2024-10-18
6096057999,7519803506,93570472.0,13.1,1.07,119.88,13.06,2024-10-18
6096057999,7286730284,84274471.04,59.47,0.0,30280.0,59.27,2024-10-18
6096057999,2146852529,51007339.12,14.11,0.0,5904.77,4074.25,2024-10-18
7954325167,8234445409,439898888.0,825.24,66.14,5086.02,854.71,2024-10-18
7954325167,3042509830,576100087.42,239.21,15.49,6109.17,521.38,2024-10-18
7954325167,1818867866,625450644.0,892.49,82.14,7120.01,924.36,2024-10-18
7954325167,5630152235,667565872.79,1298.87,86.05,58572.75,1421.86,2024-10-18
7954325167,2645381003,164446098.32,622.53,85.34,8071.4,644.76,2024-10-18
7954325167,4107157191,106318139.13,5.76,0.0,19706.39,15967.76,2024-10-18
7954325167,9322215373,844389024.0,279.56,7.47,3572.82,289.55,2024-10-18
7954325167,8120927038,725621272.0,251.7,12.09,3464.15,260.69,2024-10-18
7954325167,6506295216,574144524.0,82.62,0.0,1124.64,85.57,2024-10-18
7954325167,6728383707,531199232.11,1124.02,63.47,90529.26,1165.14,2024-10-18
7954325167,5340206772,649017337.94,324.72,46.93,20921.26,359.19,2024-10-18
2908459842,5476496956,1541999868.49,667.48,35.51,3300.72,759.39,2024-10-18
2908459842,2136298600,85719709.33,57.59,0.0,1316.91,79.48,2024-10-18
2908459842,4460270628,179551250.98,37.76,2.57,95.27,42.96,2024-10-18
2908459842,5559047607,657824946.07,223.75,3.78,1193.86,254.56,2024-10-18
2908459842,4563707323,62269078.0,24.55,1.91,2194.2,27.93,2024-10-18
2908459842,2608223019,274171022.0,94.41,2.94,6409.91,107.41,2024-10-18
2908459842,5743413859,204549229.17,77.42,1.18,313.6,88.08,2024-10-18
6617865151,8057753435,191670596.01,117.26,10.69,2499.93,103.41,2024-10-18
6617865151,9128115937,609999620.58,1631.81,117.04,69499.82,1712.01,2024-10-18
6617865151,6528345021,84179222.13,173.71,2231.66,72614.18,153.2,2024-10-18
6617865151,1906723872,115306484.33,1484.15,1511.76,65514.76,1510.94,2024-10-18
6617865151,2393309764,81942503.01,107.48,1.82,1007.59,94.79,2024-10-18
4434935446,6596566440,706623917.96,778.8,166.24,33782.7,3393.97,2024-10-18
4434935446,8535840933,10884969.98,10.1,4.8,460.78,10.95,2024-10-18
4434935446,3510772354,465526695.54,168.07,196.02,13265.82,1465.08,2024-10-18
4434935446,2989226273,52909525.36,26.63,20.18,1110.23,37.82,2024-10-18
4434935446,4358276183,89532734.81,62.45,8.65,3836.01,69.67,2024-10-18
4434935446,5337706250,9029295.99,6.43,1.92,254.09,6.97,2024-10-18
4434935446,3536882226,0.0,0.0,0.0,21.81,0.0,2024-10-18
4434935446,4767176624,32593609.93,17.45,2.88,4628.62,70.67,2024-10-18
4434935446,6256019503,15622535.22,14.69,2.88,4960.46,54.74,2024-10-18
4434935446,6675485907,0.0,0.0,0.0,0.95,0.0,2024-10-18
1020002691,8467043498,122979088.0,15.13,0.91,99.39,13.95,2024-10-18
1020002691,9598146429,261760492.0,47.4,2.73,733.61,43.71,2024-10-18
1020002691,8406124613,117702233.23,545.6,212.63,17836.24,5102.36,2024-10-18
1885813372,7292055255,199825654.39,90.66,0.92,29054.13,2739.07,2024-10-18
1885813372,5860913558,115483171.13,1703.67,1110.69,41529.39,1856.92,2024-10-18
1885813372,9471693331,79037434.5,1496.44,853.59,34463.01,1619.96,2024-10-18
1885813372,8547905184,33222967.47,449.33,329.72,10141.42,485.77,2024-10-18
1885813372,3441952218,612983693.6,375.61,0.92,33472.19,6224.56,2024-10-18
1885813372,5556630597,35906516.76,449.33,282.09,5643.04,504.08,2024-10-18
1885813372,5705719986,0.0,0.0,0.0,4.84,0.0,2024-10-18
9095094092,6413476554,98076131.92,175.77,6.82,8319.94,304.95,2024-10-18
9095094092,6332235627,160220754.0,30.4,5.85,186.59,30.4,2024-10-18
3841673253,2690203182,476481941.67,122.94,2071.94,192826.47,152252.93,2024-10-18
3841673253,4709886055,514387713.3,70.4,2476.17,216476.78,164010.82,2024-10-18
7903592262,9137835136,177264794.0,158.48,49.63,3057.82,162.28,2024-10-18
2600150899,6259337769,4489744763.45,2792.79,1602.8,47823.04,2757.91,2024-10-18
8474378044,1484911124,505516440.0,364.3,2.82,6746.95,314.23,2024-10-18
8474378044,7893937195,1259052740.0,374.95,9.39,1994.33,323.42,2024-10-18
8474378044,6167208021,362709710.0,1482.76,190.67,4483.44,1278.97,2024-10-18
9566447651,7569006169,814259309.79,216.58,11.65,10884.41,218.63,2024-10-18
2977761935,6460405104,152945024.89,2757.78,7.48,120187.44,2682.06,2024-10-18
6835683414,4458422384,2464756994.34,36984.75,113.11,1789870.14,36440.7,2024-10-18
3086145695,6974743624,537843432.07,582.76,1.53,2710.27,522.1,2024-10-18
3086145695,5853075766,1653289822.32,2026.4,11.9,12702.32,1815.46,2024-10-18
3086145695,6475291845,9081526208.21,12108.53,130.79,1430742.72,10946.96,2024-10-18
3086145695,8844330100,643137225.0,926.69,8.34,73718.39,830.22,2024-10-18
3086145695,9374794852,164369388.0,209.12,1.85,4018.29,187.35,2024-10-18
3086145695,3407199007,1999470158.42,5918.92,66.2,12081.17,5302.78,2024-10-18
3086145695,1291395621,2032559354.53,26814.55,12090.68,879925.32,24023.21,2024-10-18
3086145695,3876039303,1174634500.37,16229.27,0.0,606881.8,14566.47,2024-10-18
3086145695,1769420775,627348247.08,4676.97,1905.91,271658.8,4190.11,2024-10-18
3086145695,3586010530,2077650498.08,31306.82,11.64,944991.45,28103.0,2024-10-18
3086145695,5225082211,374274953.92,2810.85,18.34,117249.17,2518.25,2024-10-18
3086145695,5521002640,2035816746.84,29261.31,2.91,1005839.9,26216.22,2024-10-18
5082057286,5897492062,430586772.16,234.77,0.5,1887.23,243.5,2024-10-18
5082057286,8231113788,129463672.01,72.24,1.04,628.08,74.92,2024-10-18
5082057286,8812845600,21956605.1,28.09,0.0,119.26,29.14,2024-10-18
5082057286,5918784997,185559600.77,216.71,2.27,25561.53,224.77,2024-10-18
5082057286,8222004527,67209161.6,23.08,0.4,161.99,23.93,2024-10-18
5082057286,4150597628,119135530.43,2547.38,0.03,109404.46,2642.08,2024-10-18
5128952228,1236415031,16724017648.46,152.03,66.57,2318.39,975.7,2024-10-18
7757875170,3917776719,16759411893.28,392.84,444.61,23182.83,424.45,2024-10-18
7757875170,4146975662,8888881740.53,184.97,345.43,8324.5,199.86,2024-10-18
7757875170,3007461228,100876173138.0,1289.31,17.57,4711.27,1393.08,2024-10-18
7757875170,1848559060,494868748525.85,2456.82,134.91,6968.36,2654.56,2024-10-18
7757875170,1507696332,729998395363.98,5696.57,459.52,394777.21,34808.08,2024-10-18
7757875170,8297878953,118129097560.73,1499.0,39.96,100346.3,1620.64,2024-10-18
7757875170,7083397359,618620795036.23,2840.5,1772.25,938982.39,370850.87,2024-10-18
7757875170,3639490534,306686825572.02,2491.62,980.74,1801335.31,80831.01,2024-10-18
7757875170,1207083505,47654007569.35,407.49,83.48,314884.58,13120.43,2024-10-18
7757875170,1341711762,143181900362.46,79.67,414.89,118324.2,96269.61,2024-10-18
4571331389,7924308711,12144547057.9,71.75,19.31,463.92,75.98,2024-10-18
8018066855,6771028402,41522559808.79,6182.26,0.0,280782.51,6294.75,2024-10-18
2009975355,6160307749,160111010023.64,285.04,22.73,2091.95,288.93,2024-10-18
4539006085,4775952703,2091727095.8,2361.7,1364.58,170931.48,2572.39,2024-10-18
4539006085,3876540741,2461533821.93,2039.84,42.07,185580.16,23736.97,2024-10-18
8009589948,9864867232,2073876043.72,2164.03,76.74,246266.98,38722.84,2024-10-18
8009589948,4175437243,1527102066.38,1161.98,48.83,176383.26,35581.33,2024-10-18
3155375047,6320009680,0.0,130.0,0.0,17498.91,116.15,2024-10-18
3155375047,5530379259,714115034.6,348.07,30.91,4086.25,310.98,2024-10-18
1138743890,4678984021,11743273947.81,6819.63,453.6,188664.83,10350.89,2024-10-18
1138743890,1999726494,16689246332.83,19182.12,1087.95,1621893.29,25404.03,2024-10-18
1138743890,9485654731,1472738677.0,1490.16,137.5,108117.68,2649.84,2024-10-18
7187956485,1006203719,17064425673.16,24552.86,2034.11,43395.97,26564.51,2024-10-18
7187956485,4592167784,216768610.57,42.11,7.76,170.73,45.56,2024-10-18
7187956485,4194718592,281719872.0,684.72,3399.88,26212.06,740.82,2024-10-18
7187956485,8812559912,1745442880.0,738.73,5.53,7711.64,799.25,2024-10-18
7187956485,3959948835,535261488.0,104.36,0.92,4838.77,112.91,2024-10-18
7187956485,7452930527,166426192.0,95.2,1.84,1705.36,103.0,2024-10-18
7187956485,3538731235,418124703.48,452.21,510.55,16024.3,489.26,2024-10-18
7187956485,6591089435,37257568.0,27.46,0.0,452.0,29.71,2024-10-18
7187956485,7217723415,195367152.0,184.91,241.29,6370.44,200.06,2024-10-18
7187956485,4948876257,342736192.0,316.73,428.69,6868.82,342.68,2024-10-18
7187956485,3214305264,1712572000.92,1682.51,2215.86,54909.14,1820.36,2024-10-18
7187956485,4424952508,1996612800.0,1845.45,2661.0,71412.08,1996.65,2024-10-18
7187956485,9277064901,397870288.0,264.55,8.34,4146.95,286.23,2024-10-18
7187956485,2626145410,382061407.71,217.87,368.0,7825.13,235.72,2024-10-18
7187956485,3917037992,397536427.38,330.46,419.35,13834.36,357.53,2024-10-18
7187956485,1353031982,1014239600.0,730.49,21.07,7718.54,790.34,2024-10-18
7187956485,8492560291,2274429377.56,3096.8,550.49,2085433.19,3350.52,2024-10-18
7187956485,5599971951,2054985776.0,1293.46,38.31,24606.38,1399.44,2024-10-18
4840214693,7599208477,107864380.0,389.46,1.55,94884.11,393.76,2024-10-18
1848619060,6398111341,103693030.28,93.61,1.06,3673.8,175.36,2024-10-18
3979990204,6573245053,8859613042.13,6405.39,264.3,19801.1,6607.32,2024-10-18
3979990204,9370352805,1644475.0,1.85,0.0,54.41,1.9,2024-10-18
3979990204,7730939882,7329660.0,12.0,0.0,16.23,12.38,2024-10-18
3979990204,2938322847,417615069.94,417.24,18.1,951.64,430.39,2024-10-18
3979990204,3502796478,2533805183.69,1003.41,20.77,6586.05,1035.04,2024-10-18
3979990204,8236843307,416319247.14,76.62,2.1,5596.23,855.08,2024-10-18
3979990204,3198630240,401382511.72,56.31,4.21,6725.41,3290.8,2024-10-18
3979990204,8476444102,472286325.42,251.08,1.05,16819.24,6112.17,2024-10-18
3979990204,2199955905,155192013.18,76.62,0.0,5055.99,881.74,2024-10-18
3979990204,1408002965,296005500.0,84.0,0.0,7507.14,86.65,2024-10-18
6292432130,4314951053,1305572787.06,1047.45,4.84,48047.87,1084.75,2024-10-18
6727254708,9001638496,610300260.0,23842.84,509.6,35140.29,23769.39,2024-10-18
6727254708,4417040446,357885392.35,513.06,12.11,25896.21,511.48,2024-10-18
6727254708,6426126727,116457090.0,70.61,0.33,3452.48,70.39,2024-10-18
6727254708,6363425590,54020883.31,23.54,0.0,440.19,23.46,2024-10-18
6727254708,1723814342,234784530.0,214.64,4.09,6540.03,213.98,2024-10-18
6727254708,2588552650,12546510.0,16.0,0.98,145.36,15.95,2024-10-18
6727254708,4134927150,843085029.98,1080.73,130.5,161231.73,21628.67,2024-10-18
6727254708,3844284608,8736224534.11,5164.52,38.3,268886.55,5156.12,2024-10-18
6727254708,8722238649,7698752017.75,11322.22,106.15,621276.01,11288.28,2024-10-18
6727254708,4626874233,1963550909.39,2311.14,55.02,119397.81,2304.02,2024-10-18
6727254708,1848628479,5095057356.72,6222.65,50.47,464085.41,6203.48,2024-10-18
6727254708,6038097513,2349974403.32,3632.86,48.25,213204.55,3621.67,2024-10-18
6727254708,5929587584,6622735712.77,6073.91,71.59,288583.96,6056.14,2024-10-18
6727254708,5955229397,206890831.73,367.15,5.05,26490.01,366.01,2024-10-18
6727254708,2709039756,2039820706.93,4867.98,47.97,311409.12,4852.98,2024-10-18
4489463942,4340148194,52886417.4,717.39,243.51,12273.47,1311.84,2024-10-18
4765961919,5249567097,309789990.0,700.14,8.81,26283.85,646.26,2024-10-18
4765961919,8642879381,384964020.0,716.95,16.74,30143.18,661.78,2024-10-18
4765961919,3489109962,141876579.56,281.84,5.16,10348.09,260.15,2024-10-18
4765961919,3723944607,94480110.0,210.64,2.17,8931.28,194.43,2024-10-18
4765961919,3950869417,3222719352.86,5824.62,100.49,360372.25,6243.55,2024-10-18
4765961919,6799882775,1390202580.75,3669.81,352.02,189821.01,3387.4,2024-10-18
4765961919,3714096025,2079977909.81,4969.22,507.56,181450.52,5118.98,2024-10-18
4765961919,2758948117,1791173865.19,4605.31,103.84,223666.3,4301.11,2024-10-18
4765961919,3104077214,2950012523.5,7127.0,74.15,344152.74,6615.06,2024-10-18
4765961919,3542142104,5100114622.58,9098.87,242.87,448269.16,8510.03,2024-10-18
4765961919,6656023901,87206485.5,23.73,2.0,24847.87,2657.16,2024-10-18
4765961919,7522385707,614945927.29,2599.82,68.27,129063.03,2403.4,2024-10-18
4765961919,6565331427,8335619842.86,16820.2,275.01,953467.66,16815.6,2024-10-18
4765961919,5444773830,356486020.66,348.09,8.02,53019.21,2525.72,2024-10-18
4765961919,6407720481,189767325.98,365.89,61.13,26682.63,339.56,2024-10-18
4765961919,9292927231,2284935250.7,3157.56,69.98,118537.6,4680.84,2024-10-18
4765961919,5619011822,104909569.32,452.92,216.48,20694.26,422.63,2024-10-18
4765961919,1552313917,2884628583.13,11518.71,4805.06,2317139.42,39731.45,2024-10-18
2759887172,7970228731,51204544.0,181.43,2.15,430.05,165.02,2024-10-18
4338917831,8385844712,290008652.0,1169.86,0.0,16867.87,1092.09,2024-10-18
4338917831,3673730323,64950958.85,42.0,0.0,4938.57,2118.2,2024-10-18
7792039243,7133204508,34055187.52,147.49,203.73,3219.79,145.16,2024-10-18
7792039243,5363858451,110278782.44,334.72,311.95,516.51,329.44,2024-10-18
5660113447,5989242753,7626722411.21,10168.95,104.78,862824.39,18729.34,2024-10-18
5660113447,2575775551,2779126560.0,4581.47,56.55,8446.57,4397.26,2024-10-18
5660113447,3468528899,1610833183.65,1214.54,19.28,5872.35,1165.7,2024-10-18
5660113447,1595196350,36178343.69,80.36,0.0,2701.28,77.13,2024-10-18
8308372271,6372356361,4204104357.19,1001.34,620.76,1687.64,946.33,2024-10-18
8308372271,7648332970,22253569792.44,26153.86,2267.59,1188876.8,24718.91,2024-10-18
7949948303,2199960913,22693944.0,46.76,21.94,403.7,48.94,2024-10-18
1430064570,6945516481,26052335.0,10.98,0.0,125.62,9.85,2024-10-18
7930903559,2854749465,110880144.0,162.34,0.0,22347.86,134.84,2024-10-18
8000140564,3189854782,242410150.67,252.67,38.69,2004.93,239.1,2024-10-18
8000140564,2243928739,348869618.49,177.06,12.05,1039.19,167.55,2024-10-18
8000140564,5794855495,162196582.55,76.57,5.25,428.92,72.46,2024-10-18
8000140564,8697120310,200760006.75,90.92,7.83,1037.38,86.04,2024-10-18
8000140564,8985072728,126486004.94,56.47,1.71,174.11,53.44,2024-10-18
8000140564,8388198437,40731160.08,30.63,2.1,88.87,28.98,2024-10-18
8000140564,1929053997,85867892.91,96.67,9.47,4546.7,105.06,2024-10-18
8000140564,3748755510,121666171.31,98.58,10.51,2996.07,101.44,2024-10-18
8000140564,6986423266,217736941.29,274.69,65.15,2142.77,259.94,2024-10-18
8000140564,5133880918,237011966.44,181.85,30.95,2273.35,172.08,2024-10-18
8000140564,9604791651,202736482.75,214.39,14.72,4694.5,215.56,2024-10-18
8000140564,1960848218,177524721.8,117.72,10.44,3808.56,111.4,2024-10-18
8000140564,5635453509,96812478.5,92.84,1.05,1770.98,92.38,2024-10-18
8000140564,9075039806,68026658.91,57.43,4.75,1934.2,57.06,2024-10-18
8000140564,9047871154,603714058.74,221.09,30.96,2720.4,209.22,2024-10-18
8000140564,1794260163,16508716.0,11.49,0.0,13.6,10.87,2024-10-18
8000140564,6880254442,21527406.38,10.53,1.05,26.3,9.96,2024-10-18
8000140564,2261919726,20184842.68,14.36,3.15,78.89,13.59,2024-10-18
8000140564,5736100848,16001134.05,19.14,0.0,51.69,18.11,2024-10-18
8000140564,3282279106,52784677.45,22.01,2.1,159.6,20.83,2024-10-18
8000140564,9419219203,78066027.42,22.97,3.15,179.55,21.74,2024-10-18
8000140564,5383985748,45872246.0,23.93,4.2,142.37,22.64,2024-10-18
8000140564,1594190434,55161910.16,28.71,4.99,135.11,27.17,2024-10-18
8000140564,4985872008,75225598.0,28.71,8.41,340.96,27.17,2024-10-18
8000140564,1081854423,113147482.5,33.5,2.1,239.4,31.7,2024-10-18
8000140564,2753947240,96955628.0,33.5,0.0,201.31,31.7,2024-10-18
8000140564,4641470739,72187465.0,47.85,7.35,163.22,45.29,2024-10-18
8000140564,8955262572,73961621.7,48.81,3.15,151.44,46.19,2024-10-18
8000140564,1176623886,80697853.64,48.81,7.33,783.48,46.19,2024-10-18
8000140564,2269123162,163713130.0,49.77,8.37,416.22,47.1,2024-10-18
8000140564,9920379687,81922731.16,49.77,4.73,116.98,47.1,2024-10-18
8000140564,6721458095,79971040.63,52.64,4.2,511.44,49.81,2024-10-18
8000140564,7566066340,11169253.74,52.64,1.05,122.42,49.81,2024-10-18
8000140564,1445280414,45491159.29,45.94,5.25,2582.57,50.72,2024-10-18
8000140564,9621784460,108404335.02,58.38,4.73,97.93,55.25,2024-10-18
8000140564,7159278524,62623324.61,62.21,4.38,1391.94,58.87,2024-10-18
8000140564,4414317584,194075024.09,63.17,8.41,175.01,59.78,2024-10-18
8000140564,2473040409,168434223.8,64.13,12.94,658.34,60.68,2024-10-18
8000140564,1537102753,108767570.53,65.08,13.66,388.11,61.59,2024-10-18
8000140564,2033805706,111384012.71,67.95,3.15,414.41,64.3,2024-10-18
8000140564,8234596837,204318987.71,67.95,12.61,605.74,64.3,2024-10-18
8000140564,9250987791,128482858.31,75.61,6.31,370.88,71.55,2024-10-18
8000140564,2662654131,211839462.04,78.48,1.05,269.32,74.27,2024-10-18
8000140564,7897054373,89397498.13,76.57,3.16,2290.58,79.7,2024-10-18
8000140564,9281419826,194563745.19,85.18,6.83,1035.57,80.61,2024-10-18
8000140564,2466488669,62755127.67,85.18,5.25,220.35,80.61,2024-10-18
8000140564,7161615415,90763467.15,89.01,14.18,984.78,84.23,2024-10-18
8000140564,2785842466,117656773.14,126.34,5.27,3399.59,120.46,2024-10-18
8000140564,9130319191,128001046.04,132.08,15.76,870.53,124.99,2024-10-18
8000140564,1111124926,448541404.56,159.84,29.94,1754.66,151.25,2024-10-18
8000140564,2342519279,314408729.3,220.13,13.66,1927.86,208.31,2024-10-18
8000140564,8498327917,741891082.4,228.75,29.38,2106.5,216.46,2024-10-18
5509067989,6291704666,230038128.0,300.04,0.0,3309.47,326.07,2024-10-18
5509067989,3131541639,236679984.0,63.58,0.0,505.86,69.1,2024-10-18
6991056822,7862626830,264126905.03,861.96,416.53,20322.19,885.35,2024-10-18
6991056822,9736254613,193096143.83,578.24,298.9,14090.41,637.11,2024-10-18
6991056822,8034712815,80057990.13,132.69,46.28,3416.27,393.13,2024-10-18
5984451547,5837686626,589203337.43,330.63,146.34,1279.79,281.52,2024-10-18
7526521017,1141378532,1055332580.48,416.41,3.29,15658.21,4091.63,2024-10-18
7526521017,7524350463,166872831.93,159.93,0.0,47561.54,1712.22,2024-10-18
4631721175,3173294802,277078581503.02,2315.82,181.86,106003.17,2342.53,2024-10-18
4631721175,6916705630,191209458176.53,385.97,310.93,563.04,390.42,2024-10-18
6287055608,8073283371,35887851600.0,133.84,0.0,2242.28,132.8,2024-10-18
6287055608,9377088651,113445047029.65,496.22,159.32,24168.82,497.77,2024-10-18
6287055608,4976565394,38725742065.8,115.63,27.99,5563.52,121.96,2024-10-18
2156171975,8321544768,0.0,0.0,0.0,2.02,0.0,2024-10-18
3878840424,2141041580,9041434726.56,3212.34,25.53,44017.31,3174.67,2024-10-18
3878840424,2623717181,3738287085.21,1535.01,18.58,23466.03,1517.01,2024-10-18
3878840424,5690205900,244086028.82,162.38,34.66,16205.6,1793.6,2024-10-18
3878840424,5827362456,1942869978.95,711.62,6.8,3776.69,703.28,2024-10-18
3878840424,5852680950,2707751516.64,608.46,4.56,418911.13,276657.14,2024-10-18
3878840424,1047649435,115532438.0,1274.24,0.0,32600.52,1259.3,2024-10-18
3878840424,2264846032,580237152.0,96.48,3.29,1000.49,95.34,2024-10-18
3313050187,4593725486,52559423387.48,186531.04,30756.27,14381231.21,869033.53,2024-10-18
3313050187,1296125507,179394713.63,441.53,67.15,57132.66,1037.05,2024-10-18
4969504105,3119999910,130574099.83,111.42,7.16,884.97,156.06,2024-10-18
4969504105,7176293242,210006115.09,102.39,1.95,2513.72,810.93,2024-10-18
4969504105,1767048294,144195973.94,61.23,1.96,1516.95,161.63,2024-10-18
4969504105,4786258031,347834215.26,6124.18,0.0,293540.24,5667.22,2024-10-18
4969504105,7951503660,29282494.65,16.06,0.65,169.6,19.51,2024-10-18
4969504105,6520924940,153798239.67,48.18,0.95,764.63,53.88,2024-10-18
4969504105,3601004536,86390514.23,43.16,0.0,779.79,89.17,2024-10-18
4969504105,9318046986,121829165.57,128.49,1.92,973.08,122.61,2024-10-18
4969504105,8721336193,250751169.15,201.76,11.63,1293.34,187.64,2024-10-18
3551284065,1189084818,878230006.08,592.8,10.13,6014.64,598.04,2024-10-18
3551284065,7197465869,130483748.81,243.06,36.26,534.89,245.21,2024-10-18
3551284065,8079664411,317457120.0,189.25,1.91,1893.76,190.92,2024-10-18
3551284065,4624545640,767441600.0,263.47,5.47,2409.81,265.8,2024-10-18
6853780578,7255015719,24053688.0,5.47,0.0,9.62,6.34,2024-10-18
8201637580,2326143061,16454487179.35,109.27,33.3,187.18,97.07,2024-10-18
9792369345,4082776459,14147428.71,99.68,121.2,116.74,99.08,2024-10-18
3017575657,3244083729,80485950.0,626.81,0.0,1923.19,575.86,2024-10-18
3017575657,5091038607,999846246.85,671.5,223.41,41002.87,714.07,2024-10-18
3017575657,3234842012,550204004.06,377.17,130.02,22047.32,386.58,2024-10-18
3017575657,5610352905,2085717897.39,1108.63,24.72,56186.41,11537.28,2024-10-18
3017575657,1614985433,117041219.97,78.49,14.65,4251.31,96.14,2024-10-18
1366387738,9081041370,261184038.99,285.25,0.0,15151.0,511.32,2024-10-18
9421916553,8096740886,614227653.82,446.73,19.48,157955.94,15492.99,2024-10-18
9421916553,1230438343,29184250.72,19.65,0.0,21166.13,4523.92,2024-10-18
9421916553,8539464552,59522408.47,29.99,0.0,42367.52,8736.07,2024-10-18
9421916553,4673513346,123329240.71,20.68,0.0,18528.23,4591.33,2024-10-18
9421916553,2723120523,268733803.78,111.68,4.14,22692.84,5553.0,2024-10-18
3941929869,5355702391,14192217471.76,179.31,103.22,408.11,190.11,2024-10-18
3941929869,3162512464,5200014258.59,41.9,6.21,78.89,44.43,2024-10-18
6895993816,1183507887,234631397.35,442.15,0.0,8564.2,425.62,2024-10-18
6895993816,7161064251,676529062.0,425.54,0.0,2649.06,409.63,2024-10-18
9251961671,7402141402,1070597176.76,2941.64,12.17,83800.73,3336.55,2024-10-18
9251961671,4528080068,0.0,188.32,0.0,6089.53,209.35,2024-10-18
9251961671,9165644078,1716107095.38,1019.48,76.92,14281.05,1134.33,2024-10-18
9251961671,9974168549,425421530.0,169.31,0.0,753.01,188.22,2024-10-18
9251961671,6946305841,437096205.93,200.09,44.8,106730.33,4926.82,2024-10-18
4195391340,5897383886,225936518.53,167.16,2.58,7749.42,645.6,2024-10-18
4195391340,6812326356,40882239.0,13.84,0.0,211.39,13.71,2024-10-18
4195391340,6908734197,93392061.0,35.14,0.0,1927.43,34.81,2024-10-18
4195391340,5353159573,124313242.0,63.88,1.06,1897.89,63.29,2024-10-18
4195391340,9837893618,83619661.25,835.79,1.6,8274.67,828.1,2024-10-18
4195391340,5056705383,660935729.02,212.94,4.87,17557.36,6554.09,2024-10-18
5213587138,6878701653,697249224.0,96.47,36.9,786.61,92.87,2024-10-18
5213587138,4439037584,982318764.0,115.76,43.41,841.24,111.44,2024-10-18
5213587138,5060747707,756983220.0,279.76,65.66,3882.42,269.32,2024-10-18
5213587138,8993837157,153803852.8,111.91,35.82,1159.06,107.73,2024-10-18
5213587138,7421121529,198119143.31,72.35,27.13,1660.63,69.65,2024-10-18
5213587138,7132317463,1985206917.65,2187.94,777.1,20493.69,2164.8,2024-10-18
7383324448,5196645487,90318834.0,20.54,0.0,126.07,19.84,2024-10-18
7383324448,9466691561,20563333.49,8.65,0.0,95.04,8.35,2024-10-18
7383324448,7145751907,34375725.0,9.73,0.0,95.04,9.4,2024-10-18
7383324448,4337750790,35805787.64,21.62,0.0,399.56,20.89,2024-10-18
7383324448,2484793823,99976518.0,19.46,0.0,134.8,18.8,2024-10-18
7383324448,8089325590,73360585.1,57.3,1.81,194.93,55.35,2024-10-18
7383324448,5921669220,35707446.0,12.97,0.0,159.05,12.53,2024-10-18
7383324448,4890778267,178634673.0,33.52,0.9,294.82,32.37,2024-10-18
7383324448,1497719860,310432362.22,136.23,1.81,847.61,131.58,2024-10-18
7383324448,2063370673,13685328.0,21.62,0.0,118.32,20.89,2024-10-18
4328703191,3380333754,243179312.86,1065.15,2079.79,5110.03,923.71,2024-10-18
7401912762,6484512949,419475653.47,214.71,0.0,19174.15,7648.43,2024-10-18
7401912762,9608921836,36333381.39,121.64,0.0,1012.95,121.77,2024-10-18
8458175737,9156515811,351775007.87,839.05,200.87,18717.34,1585.18,2024-10-18
8458175737,7709962372,39769374.98,39.62,0.0,139.21,35.67,2024-10-18
8458175737,3867256799,265029037.71,522.12,12.69,9113.72,529.61,2024-10-18
5048405933,1919148507,759198200.0,574.73,7.5,1550.86,576.84,2024-10-18
5048405933,4312981896,93000781.76,2296.97,0.0,76028.77,2306.4,2024-10-18
5048405933,2009557613,39513397.93,5.87,0.0,24411.9,17694.5,2024-10-18
5048405933,9306718535,37495532.88,174.28,0.0,52193.02,307.59,2024-10-18
5048405933,6573609639,100602889.62,300.58,0.0,72994.2,12758.39,2024-10-18
4260952526,3606935181,175771060.0,103.14,0.25,1375.7,87.32,2024-10-18
4260952526,2659546832,217544864.0,215.95,1.71,920.79,182.83,2024-10-18
4260952526,8920824529,398546325.34,5476.22,0.0,194636.71,4636.23,2024-10-18
7107398469,4466502603,645700272.0,1154.87,35.33,2191.62,1032.93,2024-10-18
7107398469,9107666682,565073386.0,1006.17,35.02,53593.06,899.93,2024-10-18
1544027227,6958179722,103740504.0,116.87,4.78,386.8,129.24,2024-10-18
1544027227,9985101441,30682512.0,37.06,1.06,173.43,40.98,2024-10-18
1544027227,7112430573,327331706.18,274.61,3.0,20060.24,387.71,2024-10-18
1544027227,2071822071,122466510.43,503.61,25.38,12150.72,717.63,2024-10-18
1544027227,8524498833,86367700.88,131.13,6.64,7253.64,148.15,2024-10-18
8698180854,5906162395,313024666.02,396.64,2.22,20498.16,504.0,2024-10-18
8698180854,3189287361,459962854.55,1298.29,339.02,26431.44,1921.49,2024-10-18
8698180854,9316065235,124368284.76,2085.26,0.0,133670.61,2152.85,2024-10-18
8698180854,4620856285,1839611329.6,1555.0,21.21,155368.88,7184.13,2024-10-18
8698180854,9827003350,117641934.71,151.5,0.0,10730.42,174.88,2024-10-18
4243137714,1038789390,281219100.0,167.19,0.24,766.8,177.48,2024-10-18
4243137714,2685270103,475615866.36,347.08,7.4,27394.92,621.7,2024-10-18
4243137714,6745556142,1909491574.66,2239.91,28.52,142765.77,2598.9,2024-10-18
4243137714,5857688676,39899040.0,125.15,1.86,3458.64,132.85,2024-10-18
4243137714,6003426856,118581441.12,34.22,0.3,2640.78,717.19,2024-10-18
4243137714,6032670287,438248521.18,433.12,8.58,32035.43,473.28,2024-10-18
6912959742,5756705575,277126341.96,9.87,1.85,25960.19,20166.09,2024-10-18
6912959742,2879752140,1352476129.47,974.56,33.26,68759.01,1130.94,2024-10-18
6912959742,5619950522,4354695517.76,4142.14,98.24,217406.96,4399.67,2024-10-18
6912959742,6568151555,538512900.16,739.56,17.11,38848.95,954.2,2024-10-18
6912959742,5918988896,94566536.75,957.78,825.81,110780.24,939.16,2024-10-18
6912959742,8005066054,184742077.86,143.17,0.0,68741.04,22836.91,2024-10-18
6912959742,3626331029,1008753784.91,946.92,11.01,53636.28,1369.73,2024-10-18
6912959742,3411206172,683756474.77,672.42,16.82,22820.85,1586.89,2024-10-18
6912959742,3276622494,571759947.12,1126.62,10.38,36863.53,1537.06,2024-10-18
8651798558,6050620149,415532715.25,792.9,703.47,19908.17,864.61,2024-10-18
7886265417,4880365383,1053104342.75,1602.41,26.15,12413.83,1625.03,2024-10-18
7886265417,3609786103,2711354054.89,5404.87,70.01,389442.29,9807.2,2024-10-18
7886265417,3961746063,1034158817.7,3097.57,33.6,247192.64,3999.75,2024-10-18
7886265417,4983585281,1774484730.0,10181.89,379.48,22325.46,10325.65,2024-10-18
7886265417,1123732602,676898540.52,1641.97,21.99,54986.64,3716.77,2024-10-18
7886265417,7105210380,1042075476.65,1710.69,30.23,157449.13,5164.41,2024-10-18
7886265417,6922823699,643190159.81,1037.04,28.63,51169.7,2017.82,2024-10-18
7886265417,7599638977,894030784.3,2022.01,681.04,58009.15,2119.19,2024-10-18
7886265417,6989208372,1022722051.31,4180.42,23.47,181945.79,4253.17,2024-10-18
1967633865,1708818240,126438472.0,267.1,3.03,538.89,295.44,2024-10-18
1967633865,4093331596,1735953716.33,617.37,2.11,62856.47,703.43,2024-10-18
1967633865,1004425178,291041713.81,179.05,2.58,528.3,198.04,2024-10-18
1967633865,3359896630,44668315.15,12.72,0.0,973.85,14.07,2024-10-18
5479808415,3942400990,21743264.58,48.87,0.67,117.04,44.65,2024-10-18
5479808415,6336938172,81312178.62,112.94,0.09,10820.51,124.03,2024-10-18
5479808415,1793444744,137306885.78,127.06,0.0,9579.11,261.94,2024-10-18
5479808415,6337013290,82771966.15,82.54,2.13,4722.28,114.1,2024-10-18
6135802989,7687567696,66549543.35,68.49,0.97,2083.01,77.79,2024-10-18
6135802989,8959948793,405016628.35,654.86,40.2,2432.63,743.79,2024-10-18
6135802989,4396396231,846386046.0,6418.23,207.93,9581.08,7289.77,2024-10-18
6135802989,3584054416,82809682.15,128.53,55.23,2979.68,145.99,2024-10-18
6135802989,6274026841,1148639285.89,1606.2,9506.86,112584.67,14311.01,2024-10-18
6135802989,5331021189,1331818705.21,3522.0,86.84,292842.09,6228.43,2024-10-18
6135802989,7619307467,259317060.43,432.51,10.68,12508.18,4204.86,2024-10-18
6135802989,7465767490,780665059.89,2366.14,71.66,154847.16,3310.82,2024-10-18
2899793385,4193135974,74215307.64,88.1,0.0,1118.84,92.62,2024-10-18
2899793385,6121797834,243078865.54,615.75,9.86,46179.89,765.85,2024-10-18
2899793385,2717881924,698884935.26,1605.67,32.27,120107.71,2686.94,2024-10-18
2899793385,7204286513,197238494.59,63.47,6.24,3503.57,1377.33,2024-10-18
2899793385,7915374708,469006488.9,1268.43,15.0,59288.74,1449.03,2024-10-18
2899793385,8693756271,41035793.0,196.09,3.12,263.37,206.15,2024-10-18
2899793385,2424527313,142248703.99,80.52,1922.96,10218.52,2586.35,2024-10-18
2899793385,6853543392,70829698.6,151.57,54.08,3679.47,159.34,2024-10-18
2899793385,1925767988,201317427.71,547.54,5.64,44282.48,657.29,2024-10-18
2899793385,1198964695,270749984.53,278.51,2236.0,35214.52,4158.88,2024-10-18
2899793385,5126518639,128098551.73,122.2,90.48,13060.79,538.78,2024-10-18
2899793385,2716818077,96024822.77,233.04,2.07,11241.23,310.72,2024-10-18
6128140551,1645932763,100018704.0,43.23,0.0,148.36,43.09,2024-10-18
6128140551,6060385949,105053373.49,46.24,0.0,3860.34,96.19,2024-10-18
6128140551,2510381002,150996519.08,294.55,0.0,8054.02,309.62,2024-10-18
8493138820,7732723605,428583254.72,464.17,15.13,47174.24,1529.57,2024-10-18
8493138820,1353798642,814629490.67,1277.21,26.69,47469.68,1673.98,2024-10-18
8493138820,6150843659,117649009.28,3207.8,0.0,211227.65,3310.33,2024-10-18
8493138820,4781576966,121018053.66,203.01,14.04,9738.38,243.06,2024-10-18
7730435073,9079900845,337721314.07,138.69,0.12,4517.1,125.73,2024-10-18
7730435073,1449066116,155008420.29,183.11,0.05,15834.94,210.21,2024-10-18
7730435073,7169890315,303810250.77,276.29,1.12,20490.57,303.53,2024-10-18
7730435073,2229250178,842424919.3,932.89,4.24,75144.47,1049.1,2024-10-18
8180638008,2805544111,1056582019.58,458.81,0.0,441788.65,180176.98,2024-10-18
7486359225,3336705782,151625796.82,277.08,4.27,17208.26,254.12,2024-10-18
7486359225,3890043293,334987305.21,73.25,50.96,104452.28,69194.2,2024-10-18
7486359225,8311574091,101097392.08,7.43,12.67,31476.72,22385.5,2024-10-18
7486359225,7004536122,198095932.37,11.68,14.87,34479.24,23022.69,2024-10-18
7486359225,8265285593,84771641.42,2.12,0.0,17000.59,7659.49,2024-10-18
7486359225,4510626781,84590260.98,1191.12,435.74,53291.51,4654.23,2024-10-18
7486359225,4896998066,575097446.02,571.14,144.46,169692.22,81601.1,2024-10-18
7486359225,4685700372,19421328.06,10.62,5.29,2911.67,2273.94,2024-10-18
7486359225,1056437758,21172489.37,5.31,3.17,4076.55,2984.55,2024-10-18
9347899940,4013113338,22144523.16,18.32,0.0,22081.6,21.99,2024-10-18
9347899940,7598644715,21116927.42,86.12,5.9,4300.44,157.26,2024-10-18
9347899940,4381480336,306670059.13,329.83,0.0,227552.17,395.89,2024-10-18
9347899940,7667846469,574931540.0,1890.12,17.33,16023.25,2268.68,2024-10-18
9347899940,6718965299,458555080.05,5035.44,71.3,12070.04,6043.95,2024-10-18
9347899940,9307016844,413989688.19,393.05,0.0,304655.34,471.77,2024-10-18
8452065073,5022527307,668418606.61,613.79,8.49,30326.61,1304.29,2024-10-18
8452065073,3890167511,873974763.82,815.01,8.65,46303.33,2241.25,2024-10-18
8906508432,2145286589,48085368.4,147.84,0.0,1187.24,423.66,2024-10-18
2826827076,7917601552,18614370.06,80.5,0.0,1064.66,83.95,2024-10-18
2826827076,9804129007,59613281.0,165.85,0.99,2507.24,172.97,2024-10-18
2826827076,8749274022,382009196.73,1284.15,20.07,54341.51,1344.28,2024-10-18
1684414765,4918513042,110966246.19,397.95,9.6,3648.68,385.72,2024-10-18
1672862023,2227416260,39368811.5,163.07,1.06,2825.99,182.75,2024-10-18
1672862023,3486787600,474174685.52,1968.23,11.69,145496.79,2421.67,2024-10-18
1672862023,9225294647,426876268.48,552.13,6.95,44062.2,702.14,2024-10-18
8564269730,5835984744,385119360.0,1406.09,43.78,7044.33,1403.55,2024-10-18
8564269730,5488495274,407770675.71,7085.91,0.0,465235.29,7077.78,2024-10-18
8564269730,7549467939,3198011377.98,3053.74,86.42,266044.48,4149.66,2024-10-18
8564269730,6580069600,256126606.59,32.9,0.0,61720.8,11488.26,2024-10-18
8564269730,1415407628,517299050.37,427.65,6.44,30833.63,949.46,2024-10-18
8564269730,2290518834,765645644.22,7536.12,0.0,256789.42,7522.49,2024-10-18
8564269730,8902194999,890298215.49,781.06,16.73,43116.01,883.78,2024-10-18
7732825977,6794666852,10443447.0,3.85,0.0,47.92,4.11,2024-10-18
3457456980,8279836363,177011474.6,112.4,3.81,13540.32,186.04,2024-10-18
3457456980,8154994072,651443366.09,408.47,8.9,36615.75,612.73,2024-10-18
3457456980,9639842429,85934502.0,37.13,0.0,601.26,37.41,2024-10-18
3457456980,9080141482,136016900.0,162.58,4.36,13030.83,164.81,2024-10-18
3457456980,3203595397,233068537.94,650.33,354.99,15327.86,655.19,2024-10-18
3457456980,5191566403,491515646.65,7105.49,0.0,218364.84,7234.42,2024-10-18
4786168179,6554414209,3675846.48,4.95,3.15,37.94,4.73,2024-10-18
7676611041,9159060721,441413224.0,533.43,0.0,30211.46,561.52,2024-10-18
7676611041,4173543421,1898818373.03,27513.49,0.0,1095156.03,28963.2,2024-10-18
7676611041,6506702451,1065119874.51,60.06,0.0,114187.36,89501.1,2024-10-18
9421829897,5984326638,1018547712.0,1054.76,706.77,1749.55,892.55,2024-10-18
9421829897,8735863082,141633024.0,115.38,44.47,2284.67,97.64,2024-10-18
9421829897,8277662477,22521791.39,64.22,483.29,1482.52,61.71,2024-10-18
9421829897,2163215242,138081511.53,101.23,0.0,49793.75,29147.29,2024-10-18
9421829897,1690097482,44274204.75,176.34,473.65,2725.79,201.72,2024-10-18
9421829897,7779192286,9624576.0,52.25,0.0,284.11,44.21,2024-10-18
3610097806,9150607321,74549584.83,56.12,31.34,435.04,54.59,2024-10-18
3610097806,9859745335,69312223.74,144.46,57.71,2050.89,131.77,2024-10-18
6876393557,1660019400,717006034.21,0.0,0.0,119598.08,36129.84,2024-10-18
3274209063,1649291633,1824430560.06,2438.78,44.72,67751.62,5070.89,2024-10-18
3274209063,5261809469,1733691481.37,2067.09,28.62,8879.7,1822.88,2024-10-18
7579730738,9566874645,2438943235.52,2441.61,22.14,14277.99,2844.62,2024-10-18
7670223529,8610503394,949360310.53,1035.0,14.43,61180.93,8589.76,2024-10-18
6278335695,4287236914,4066398758.71,10368.77,219.31,17174.71,11367.06,2024-10-18
6278335695,6049165360,40195859.97,113.86,1.28,186.32,124.83,2024-10-18
6278335695,2939448075,74223063.3,171.25,4.61,292.64,187.74,2024-10-18
4161132680,2512933297,675375614.59,1275.78,30.17,34856.04,2813.95,2024-10-18
6699715634,9290265495,218892595.64,202.33,3.08,821.39,214.67,2024-10-18
6699715634,7458774535,607416444.18,558.08,17.07,1892.05,592.13,2024-10-18
4045471774,2796688175,2597106143.14,2847.52,50.5,12074.7,2701.41,2024-10-18
3000721614,2912481878,167080049.12,435.46,2.63,12966.56,638.86,2024-10-18
4139303472,6972972483,390417475.98,358.17,6.54,2271.85,376.94,2024-10-18
4139303472,1602734432,266554067.2,387.78,4.94,2851.62,408.11,2024-10-18
4139303472,3265100668,97841172.0,186.95,6.15,1535.33,196.75,2024-10-18
4139303472,8928276408,57838050.59,112.91,5.69,987.72,130.52,2024-10-18
1467415627,8915146228,23309395526.99,21017.49,445.94,891138.7,63140.65,2024-10-18
3566905478,5109703433,4881880799.19,8601.42,42.77,241563.66,19398.35,2024-10-18
3566905478,1890293086,7871920768.69,5392.26,14.94,28953.88,5552.76,2024-10-18
2587290667,1597047940,3239699755.18,3236.52,393.06,261101.02,158646.61,2024-10-18
2587290667,4724192710,1634395417.35,1029.93,13.04,271085.92,9342.33,2024-10-18
2901644731,4606888347,4941463864.72,6721.5,1415.4,346112.78,30862.73,2024-10-18
8441168105,5204044983,1061708484.76,416.99,24.12,26221.53,454.23,2024-10-18
6849650164,7394209600,957813014.52,548.82,0.0,78848.12,561.41,2024-10-18
6849650164,2424533275,64279919.27,27.65,0.0,3918.54,389.5,2024-10-18
6849650164,5811814902,402346993.0,125.5,10.14,2211.77,193.66,2024-10-18
8399250647,2102605149,276212697.68,97.7,32.35,9014.13,98.0,2024-10-18
8399250647,1157335857,3310388849.58,1720.17,24.25,146258.78,12163.89,2024-10-18
8399250647,8809159114,852134713.19,678.0,62.69,269022.61,692.93,2024-10-18
8399250647,8534198515,2391.12,0.0,0.0,139.07,0.0,2024-10-18
8399250647,7018283203,1430902285.43,274.36,30.26,4595.86,455.35,2024-10-18
7758876258,4407691866,223176416.0,13.79,0.0,177.04,13.59,2024-10-18
4688974689,2436297072,1030761791.92,535.34,59.91,38268.56,523.55,2024-10-18
4688974689,3648580833,61173628.39,20.06,4.99,177.65,19.32,2024-10-18
4688974689,8781378157,2082447638.96,525.84,8.44,47769.08,3002.02,2024-10-18
4688974689,5647068373,2480584536.0,723.29,0.0,10259.4,696.37,2024-10-18
4688974689,2553998288,906945720.0,59.13,1.0,474.06,56.93,2024-10-18
4688974689,1639691860,817152072.0,62.3,0.0,549.37,59.98,2024-10-18
4688974689,5466645091,2042100624.0,157.33,0.0,1571.83,151.47,2024-10-18
4688974689,9189695020,1526585376.0,523.73,1.0,6060.44,504.23,2024-10-18
4688974689,4223178498,6252449904.0,206.96,5.92,2144.38,199.25,2024-10-18
4688974689,2250986373,265564709.29,90.81,5.49,1525.49,199.25,2024-10-18
4688974689,3952870289,4837999224.0,804.6,22.97,5763.07,774.65,2024-10-18
1359714703,2774834781,8271709.0,44.83,21.91,480.38,41.96,2024-10-18
1359714703,2908273637,10121342.0,37.53,9.13,539.39,35.13,2024-10-18
1350574641,1740321088,9505981453.91,6896.76,637.49,140075.16,6938.61,2024-10-18
1350574641,4756683233,144473352.84,107.97,878.59,299849.14,47420.3,2024-10-18
8513664892,8860503080,1784940542.23,1289.68,218.07,17497.15,1335.71,2024-10-18
8513664892,4637291021,2281992375.87,6675.23,204.54,13558.4,6913.46,2024-10-18
6877336869,8147179191,133282840.0,106.27,19.66,1436.76,114.96,2024-10-18
6877336869,7922071634,148661206.11,235.18,9.36,9003.83,254.39,2024-10-18
6877336869,9880176382,24447232.0,59.04,6.55,523.6,63.86,2024-10-18
3963692963,3490386482,340121215.68,497.91,34.38,28328.18,474.42,2024-10-18
7286328073,4631425922,12851761498.67,1008.77,0.0,1609529.47,10611.22,2024-10-18
7286328073,6818824209,7763773795.37,119.47,0.0,319019.98,209418.55,2024-10-18
4482504627,8798004302,229613817.47,563.71,553.94,21097.6,2756.54,2024-10-18
9407111886,5687828130,443187394.29,58.08,14.5,143.15,55.31,2024-10-18
7545204145,2579343065,153641297.61,2522.38,6.63,73976.37,2827.97,2024-10-18
7761714523,5162629915,181278674.01,478.71,3.55,12841.33,549.88,2024-10-18
1591927154,7892995928,1494484425.0,4570.73,1543.28,8721.35,4551.15,2024-10-18
1591927154,2495827244,113078478.74,32.86,14.74,12587.98,2378.34,2024-10-18
1591927154,1853034732,496963053.07,125.28,60.98,33513.57,10214.77,2024-10-18
1591927154,2374214424,1508335261.76,1548.57,406.53,10735.18,1716.78,2024-10-18
4096109405,8177353206,30543744.0,75.05,10.09,115.31,73.01,2024-10-18
4096109405,1082572444,22668800.0,2.14,1.83,16.02,2.09,2024-10-18
4096109405,6316191193,463831890.37,301.29,5.5,23365.55,295.17,2024-10-18
4096109405,4372533818,44367936.17,54.68,0.0,5438.86,54.24,2024-10-18
4096109405,3565494725,56709303.97,878.13,0.0,26346.57,855.26,2024-10-18
4096109405,6213047467,27678032.17,2.14,0.0,8158.3,1428.91,2024-10-18
4096109405,2998977824,28710528.0,6.43,0.0,170.83,6.26,2024-10-18
4096109405,7527921894,52276224.0,12.87,0.92,352.34,12.52,2024-10-18
4096109405,5554671881,141354752.0,22.52,0.0,689.73,21.9,2024-10-18
4096109405,6343008695,4854219.96,4.29,0.0,3152.92,4.17,2024-10-18
4096109405,3945426133,35160735.95,3.22,0.0,531.71,227.37,2024-10-18
4096109405,8739937969,19879552.0,7.51,0.0,155.88,7.3,2024-10-18
4073978577,9974179771,744303000.0,94.74,31.23,373.67,103.0,2024-10-18
4073978577,6158524322,14620477.49,13.53,0.0,5927.02,2426.99,2024-10-18
4073978577,8069231929,109345170.09,108.28,23.01,2043.25,123.61,2024-10-18
4073978577,9807472407,234828162.11,296.86,96.44,2153.56,324.71,2024-10-18
4299868633,3207855760,88789312.0,10.71,0.0,185.97,10.88,2024-10-18
4299868633,1120393615,717643200.0,651.05,0.0,40015.8,661.44,2024-10-18
6487975423,9367414059,176406353.26,203.62,3.13,10580.84,307.04,2024-10-18
6487975423,8594247048,64781484.0,35.45,0.0,149.24,40.59,2024-10-18
6487975423,4767033454,35560404.0,39.09,1.03,95.74,44.75,2024-10-18
3501640769,3505867541,892748.0,6.67,3.23,11.21,6.54,2024-10-18
3501640769,2498003752,7538364.11,18.11,0.0,542.97,17.75,2024-10-18
3600040380,8669313064,847348110.18,495.13,14.41,48699.34,2990.73,2024-10-18
3600040380,3672066950,10252367883.7,4474.37,95.82,1594640.56,20514.77,2024-10-18
3600040380,1618780767,468900427.06,131.54,8.54,17343.23,1557.97,2024-10-18
3600040380,8821057891,710429817.63,13779.22,1.92,345774.41,22623.13,2024-10-18
3600040380,2642690147,113372703.31,112.29,11.16,251.01,101.92,2024-10-18
3600040380,8419382377,1062113950.65,71.65,7.16,1961.65,65.04,2024-10-18
3600040380,8704095502,1384518948.16,133.67,0.59,5984.41,121.34,2024-10-18
3600040380,5396238075,319069717.14,149.72,2.81,17728.74,1373.54,2024-10-18
3600040380,4392194616,1359066223.84,422.41,25.69,33403.01,11825.07,2024-10-18
3600040380,7308648127,5444380925.78,1625.49,63.03,1205699.4,1078524.39,2024-10-18
6877471451,6605087850,57298300.0,95.89,1.1,674.76,107.42,2024-10-18
8500403487,2289406064,8960957.12,14.32,0.0,267.15,14.66,2024-10-18
7180277247,9604138681,92500935.0,71.74,0.94,168.56,80.81,2024-10-18
7180277247,6004924097,5329728.39,2.91,0.0,41.46,3.28,2024-10-18
8324519661,9279903724,34635547.95,385.18,29.33,6314.33,1549.88,2024-10-18
8324519661,2307735518,15563814.0,8.82,2.17,238.05,8.32,2024-10-18
2896757076,8639435964,97273065.32,24.12,2.17,273.08,20.15,2024-10-18
6111885933,5614632723,85680316.23,20.78,0.97,273.57,18.79,2024-10-18
6111885933,9680600093,242338976.0,131.93,0.0,1648.91,119.3,2024-10-18
6111885933,8376161580,137757104.27,23.89,3.87,298.78,23.49,2024-10-18
3550535444,8777719213,142465829.78,54.17,15.33,656.13,59.15,2024-10-18
3592936300,9502266016,1853692.0,2.14,0.0,14.8,1.95,2024-10-18
3592936300,4277074349,38927332.05,36.46,5.03,2156.48,33.11,2024-10-18
3592936300,3669934874,14079728.0,6.43,0.0,68.71,5.84,2024-10-18
7869137619,9602299584,29540234.85,14.24,0.0,4895.5,13.17,2024-10-18
7869137619,6874138218,31366942.67,41.61,4.27,1170.46,38.49,2024-10-18
7869137619,4216214883,14394427.78,16.43,1.07,572.8,16.2,2024-10-18
7869137619,1753880817,11206489.65,8.76,0.0,690.67,18.23,2024-10-18
7869137619,4772615072,500011638.97,555.22,10.0,14423.14,528.68,2024-10-18
7869137619,1728339149,137959888.33,90.89,1.07,1279.13,134.7,2024-10-18
7869137619,5891705973,228251296.0,131.41,1.07,775.4,121.54,2024-10-18
7869137619,8301030791,103446679.82,1587.89,0.0,52782.3,1468.56,2024-10-18
7869137619,1637185984,204195324.85,83.23,0.0,1843.64,76.97,2024-10-18
7869137619,4981776879,164602136.02,160.98,2.13,12295.86,463.86,2024-10-18
7869137619,8772629694,49465.0,1.1,0.0,139.98,1.01,2024-10-18
2672329958,5026756656,67124097.0,24.65,0.0,3079.09,26.95,2024-10-18
2672329958,8403774764,264825228.42,482.15,0.0,25522.94,878.65,2024-10-18
2672329958,3588650281,789131286.33,692.17,0.93,4464.4,756.83,2024-10-18
2672329958,1675865207,121471248.0,24.65,0.93,794.05,26.95,2024-10-18
2672329958,5195544539,506750262.31,236.64,4.65,1981.32,258.74,2024-10-18
2672329958,1678744082,330654044.97,79.87,0.35,23711.1,106.73,2024-10-18
2672329958,4039371228,78673991.84,70.99,0.0,610.3,77.62,2024-10-18
2672329958,6747047245,58054289.62,96.63,0.0,278.97,105.65,2024-10-18
2672329958,8161042002,52469643.97,809.51,0.93,11530.88,1037.13,2024-10-18
2672329958,1991332580,46441031.55,78.88,0.0,2706.82,218.85,2024-10-18
2672329958,8512080594,98461088.49,268.19,1.86,11423.3,336.37,2024-10-18
2672329958,6347921401,347445911.57,871.62,5.34,5315.57,953.04,2024-10-18
2672329958,9528901661,24339180.52,2423.59,0.0,67063.07,8356.35,2024-10-18
2672329958,6577302930,125361796.97,129.17,1.25,440.82,141.23,2024-10-18
2672329958,1847005861,116846612.34,141.98,3.72,492.24,155.25,2024-10-18
2672329958,2712355981,38940997.35,11.83,0.0,4312.06,17.25,2024-10-18
2672329958,3125094279,9136574.45,9.86,0.0,4601.5,11.86,2024-10-18
2672329958,6248317177,36430470.87,7.89,0.0,7054.11,8.62,2024-10-18
2672329958,2236835106,1714959.0,1.97,0.0,43.8,2.16,2024-10-18
2672329958,1473694934,57710966.86,79.87,0.0,6396.21,349.3,2024-10-18
2672329958,4099380703,88784187.63,66.06,0.0,77866.55,1458.67,2024-10-18
2672329958,5362926328,77062200.16,25.64,0.0,69319.54,41154.31,2024-10-18
8347115882,8677429552,224274952.0,93.64,12.0,187.74,100.4,2024-10-18
8347115882,2135211737,3418007195.84,1749.87,73.81,171147.98,2355.14,2024-10-18
8347115882,6700896402,675977376.1,407.72,37.05,78986.28,35731.85,2024-10-18
8347115882,7930638749,243338741.02,33.16,1.06,2723.85,524.99,2024-10-18
1021909544,9058740817,75904601.21,288.57,1.87,857.49,342.35,2024-10-18
8181642239,5685356628,7271866369.91,5009.35,313.9,132772.22,6018.67,2024-11-25
8181642239,8265655789,10375157144.08,8630.56,329.72,265123.59,10369.52,2024-11-25
8181642239,3986578542,6240542441.53,8081.08,279.49,318484.78,9709.31,2024-11-25
8181642239,2910777905,1387329298.2,1205.27,22.96,53504.31,1448.12,2024-11-25
9565398844,4338791803,798280127.92,1393.9,24.67,11934.12,1401.94,2024-11-25
9565398844,8260044871,1201733299.5,915.27,75.25,5152.47,898.3,2024-11-25
9565398844,5063768715,224045404.24,44.78,4.28,3223.12,43.95,2024-11-25
5093545797,8531591077,24543554.9,196.82,0.0,4955.07,1707.34,2024-11-25
5093545797,4945706789,61451343.54,508.2,0.0,11505.58,3533.33,2024-11-25
5093545797,8364417966,10756564.16,33.32,0.0,987.91,290.59,2024-11-25
5093545797,5227603385,48918889.31,270.76,0.0,7086.88,2761.1,2024-11-25
5093545797,4003217991,91145948.34,144.75,0.0,5737.74,2414.21,2024-11-25
5093545797,6952268514,32932540.68,177.04,0.0,4933.18,1551.49,2024-11-25
5093545797,7622493878,81537476.0,329.08,0.0,10147.31,3667.06,2024-11-25
5093545797,9274612791,10228778.22,85.39,0.0,1684.83,599.28,2024-11-25
5093545797,7605239427,8268.16,0.0,0.0,1.82,0.0,2024-11-25
2338105289,6141094342,302916698.67,376.43,143.55,2144.83,368.59,2024-11-25
2338105289,6846572130,399855734.07,606.68,220.24,2535.85,594.04,2024-11-25
2314964908,7132132014,593979840.0,303.96,7.01,8020.81,317.88,2024-11-25
3374138392,8628650305,463188743.74,1216.42,37.5,38397.44,1131.92,2024-11-25
7512191086,4600540743,2434869667.84,1428.74,7.5,69430.44,1671.87,2024-11-25
5889434127,1576808568,960726024.21,440.49,1.08,23029.89,6612.08,2024-11-25
4841158851,1124247233,2248768985.14,2599.96,0.98,132445.06,23542.61,2024-11-25
8002572593,7378283788,1501147064.19,1480.51,63.1,119020.21,1598.11,2024-11-25
1824064407,6566423954,7817076.0,3.73,0.0,810.98,3.98,2024-11-25
1824064407,5288807034,9049644.0,12.12,0.0,970.1,12.93,2024-11-25
5982728792,6718585329,36261675.55,25.64,4.19,47.82,25.29,2024-11-25
5982728792,8168056870,96155024.14,81.19,8.38,1842.51,92.74,2024-11-25
4996588654,6507606882,39136119.0,28.6,0.0,199.33,29.73,2024-11-25
3059796702,8864383469,5479811166.93,13029.56,2162.76,4422203.7,306434.33,2024-11-25
3059796702,2000353642,7914579056.06,6433.75,2171.09,482192.84,215321.53,2024-11-25
3059796702,4917032890,8211149318.08,19122.85,4187.36,3146548.33,458023.19,2024-11-25
2902900350,6611122365,6295740513.88,17644.58,745.08,1286070.37,20118.42,2024-11-25
2902900350,9693458382,34679905125.43,281695.26,10680.23,16347150.98,321263.95,2024-11-25
2902900350,9540439464,7428001266.78,16058.42,715.45,864691.3,18703.06,2024-11-25
2902900350,9437400903,16472057454.17,39683.68,987.47,1959125.28,45240.12,2024-11-25
2902900350,6045022501,9593600807.31,23938.43,1251.9,1384386.8,27291.09,2024-11-25
2902900350,6660883269,19519980751.29,28215.62,1150.08,1478590.51,32164.83,2024-11-25
2902900350,2149395624,0.0,0.0,0.0,51.51,0.0,2024-11-25
2902900350,9875099280,10420234544.56,11362.74,400.42,646642.4,12953.13,2024-11-25
2902900350,5324252958,44517274289.75,34754.28,884.11,1539795.5,39618.68,2024-11-25
2902900350,2154850971,18232634522.93,27432.24,805.84,1825563.89,31271.8,2024-11-25
2902900350,8249577716,14952994893.05,25625.29,576.24,1948640.47,29211.94,2024-11-25
2902900350,3837869381,14180319726.47,67662.81,1612.41,4506032.18,77134.31,2024-11-25
2902900350,3349601533,72729182194.61,203960.26,3970.81,10085645.88,232532.9,2024-11-25
2902900350,4200568857,7519428296.51,18143.43,935.29,1294470.54,20940.89,2024-11-25
2902900350,5680136608,8155868811.29,37397.27,978.26,2830229.07,42757.97,2024-11-25
2902900350,4977201727,13696944695.8,67164.88,1832.69,4646242.4,102259.17,2024-11-25
2902900350,1441569885,1303220110.0,3364.48,195.54,282777.78,3874.35,2024-11-25
2902900350,4533806763,25243332713.19,19619.66,544.27,993356.21,22365.74,2024-11-25
2902900350,7295659962,8858978034.2,22734.72,935.18,1257349.0,27573.32,2024-11-25
2902900350,5836072222,37129139615.85,122874.64,3974.14,8209635.52,140072.83,2024-11-25
2902900350,4973133192,51685522355.83,40540.96,902.67,2034247.06,46216.35,2024-11-25
2902900350,2537172895,8900433109.68,28647.96,779.8,1779349.32,32657.68,2024-11-25
2902900350,9205575678,15279374647.3,45849.12,1896.2,2379257.0,53849.22,2024-11-25
2902900350,6740613329,38164552295.72,36353.38,464.15,2930152.41,41442.64,2024-11-25
2902900350,9966452308,5781192724.32,9076.34,354.88,506749.32,10347.76,2024-11-25
2902900350,9985732846,5068999042.29,4529.39,157.68,216379.37,5266.55,2024-11-25
2902900350,9125167175,74134360584.98,49591.43,1713.27,2507255.31,56532.51,2024-11-25
7220654458,9850379070,227352549.01,845.64,58.31,24784.27,797.11,2024-11-25
2756827689,3668065024,50583644.57,1318.21,502.05,16285.02,7156.73,2024-11-25
4168681528,9654050745,4316762973.24,10876.91,3482.74,331277.13,22937.91,2024-11-25
3356181707,9934204949,3750515693.54,1715.69,3175669.31,465637.56,189182.63,2024-11-25
3356181707,5242907807,4902013685.11,5648.13,733.1,420051.33,109474.14,2024-11-25
1035543794,3155687170,2073421338.92,3737.53,156.6,147750.69,3512.94,2024-11-25
1035543794,9810953116,12600332193.9,14959.63,537.7,922648.77,13884.2,2024-11-25
1035543794,2766691656,198479759.16,612.36,15.4,32276.75,568.34,2024-11-25
1035543794,6704993855,2020566570.32,3735.42,90.33,140900.55,3539.4,2024-11-25
1035543794,9171905185,9179642830.28,29548.67,899.85,1747690.52,27428.38,2024-11-25
1035543794,9629269597,8428011291.38,15715.58,410.67,567132.91,14596.59,2024-11-25
1035543794,1336677625,13889164131.03,38614.83,1028.24,2573461.02,38017.18,2024-11-25
1035543794,5209603741,24016477.5,38.01,0.0,1195.04,35.28,2024-11-25
1035543794,4158408252,924328455.9,2411.45,42.14,167274.66,2256.71,2024-11-25
1035543794,1297958966,478277473.97,676.77,8.7,41657.81,634.0,2024-11-25
1035543794,6726098895,826936887.71,1446.45,19.07,79717.7,1342.46,2024-11-25
1035543794,5195913239,3533665411.5,5021.38,239.25,435904.71,4660.4,2024-11-25
1035543794,3910991376,3245010106.13,5044.61,127.55,372697.76,4681.96,2024-11-25
1035543794,7056375315,221422677.71,543.74,15.54,30462.85,504.65,2024-11-25
1035543794,2169782023,19006114314.61,59624.19,1673.71,3507221.53,55408.45,2024-11-25
1035543794,5218888928,2380013768.27,8569.93,238.35,352514.39,7958.75,2024-11-25
1035543794,2069071835,2687740322.91,5710.82,148.33,336883.91,5308.12,2024-11-25
1035543794,8086386225,2576574600.49,5513.39,182.22,391086.44,5117.04,2024-11-25
1035543794,6993590041,2615455767.18,3949.75,57.32,183684.05,3781.43,2024-11-25
2656837900,6807029253,883194107.54,1915.41,48.79,43699.74,1879.78,2024-11-25
2656837900,2037772526,643592290.68,1256.53,32.29,20079.33,1233.16,2024-11-25
2656837900,2048221727,676862112.0,1167.3,35.25,22325.61,1145.59,2024-11-25
2656837900,5645259899,3952858212.32,5013.68,103.77,80823.34,4920.43,2024-11-25
2656837900,6135997853,1079498870.21,1767.03,34.25,56389.54,1734.16,2024-11-25
2656837900,6335643178,256878288.0,155.64,6.79,8000.52,152.75,2024-11-25
2656837900,2455323576,1364526964.64,1505.56,55.7,30925.77,1477.55,2024-11-25
2656837900,1382432916,454784743.58,632.94,11.22,23882.4,621.16,2024-11-25
2656837900,4795723974,2715112127.99,2481.94,108.54,46575.92,2435.77,2024-11-25
2656837900,3594508629,9019512.0,22.83,0.0,1283.45,22.4,2024-11-25
2656837900,4832074778,370575864.0,509.46,8.1,16248.84,499.99,2024-11-25
2656837900,7349241964,222567504.0,247.99,2.35,9493.94,243.37,2024-11-25
2656837900,2757176174,1032497633.9,1220.22,34.94,30363.02,1197.52,2024-11-25
2656837900,1999681134,88380246.55,177.43,2.83,6918.53,174.13,2024-11-25
2656837900,9764154719,2621775481.79,4042.49,101.59,131749.94,3967.3,2024-11-25
2656837900,2330044393,125304913.15,163.94,20.89,521.14,160.89,2024-11-25
8842840036,2536633717,1041600396.98,3936.81,215.01,239679.79,3554.27,2024-11-25
8842840036,6495955476,2398724504.65,9822.42,482.11,574791.51,8867.96,2024-11-25
8842840036,5833357753,678163406.08,3803.66,110.6,217968.36,3434.05,2024-11-25
9058771111,6989875358,1159334963.24,875.78,38.27,10952.72,779.08,2024-11-25
9058771111,1014702892,2087935566.98,4768.13,109.88,252296.89,4283.11,2024-11-25
5445022053,6884672541,501177133.4,2018.81,251.43,86216.75,2075.41,2024-11-25
2595365035,9169516187,215534891.71,811.25,9.66,39124.99,722.1,2024-11-25
7658197888,9068616129,123787684.85,354.09,4.24,3144.15,384.68,2024-11-25
7658197888,8092448106,300381246.49,875.16,22.88,41714.47,955.97,2024-11-25
3886905599,3970824931,499310383.69,376.13,0.14,126894.02,342.94,2024-11-25
9218342578,8783617718,48168880.13,551.12,21.85,7447.03,592.24,2024-11-25
9218342578,5102935462,46699496.0,315.45,4.72,1049.51,333.44,2024-11-25
3487944451,9563956867,86614977.11,294.66,8.99,2431.74,312.6,2024-11-25
1757896755,3355555497,1949504649.88,2467.22,93.09,12689.04,2262.3,2024-11-25
7302109982,7888950621,44114467.89,187.49,4.03,7334.3,183.94,2024-11-25
7302109982,5393892775,2320896.0,13.93,1.01,1147.06,13.51,2024-11-25
3972900593,2271022462,157331987.56,26.62,1.08,26151.9,16401.53,2024-11-25
4695215334,9369397988,3146664605.18,399.74,36.6,4342.18,424.77,2024-11-25
4695215334,7231652811,949743707.56,247.04,35.07,542.77,262.51,2024-11-25
4695215334,2528213058,9302400.0,0.97,0.0,60.42,1.03,2024-11-25
4695215334,1416940205,117410173.06,82.67,1.03,949.34,87.85,2024-11-25
4695215334,7351226864,47581399.01,31.12,1.66,2700.55,33.07,2024-11-25
4695215334,7979269146,365059540.28,121.58,4.12,3522.9,129.19,2024-11-25
4695215334,7462260664,259479507.4,158.53,2.06,13189.38,1146.15,2024-11-25
3618949692,8901620453,7278934974.28,3758.01,335.43,21041.61,3980.51,2024-11-25
3618949692,7453680893,119513856.0,40.3,4.17,814.24,42.69,2024-11-25
3618949692,3201800528,46208316.0,21.63,1.07,536.14,22.91,2024-11-25
3618949692,3622151857,231260106.0,97.32,12.03,529.76,103.08,2024-11-25
3618949692,5988888032,11909667.0,5.9,0.0,41.94,6.25,2024-11-25
3618949692,6013351162,98743953.0,60.95,3.19,216.1,64.55,2024-11-25
3618949692,2761618346,458615145.43,178.91,16.72,939.15,189.5,2024-11-25
3618949692,3238401785,7737004912.24,4087.31,127.78,608854.45,8703.39,2024-11-25
5007176908,2285836728,430221266.34,187.36,72.52,897.0,165.92,2024-11-25
5007176908,3126286823,211248308.0,287.84,120.74,1385.89,254.9,2024-11-25
5007176908,8176883866,345202444.7,209.34,69.46,957.34,185.38,2024-11-25
5007176908,1895939592,268978812.26,99.44,52.6,484.81,88.06,2024-11-25
3539058667,7442020486,120899927.47,89.73,51.6,551.46,91.0,2024-11-25
3539058667,2770179294,266285119.34,36.89,34.4,477.73,37.41,2024-11-25
3539058667,4902344444,1692113.0,1.99,0.0,57.57,2.02,2024-11-25
3539058667,4748942002,392740198.04,19.94,9.67,251.49,20.22,2024-11-25
2830511829,7144493587,17826940.69,5.97,0.96,137.17,5.45,2024-11-25
2830511829,4777687174,128319770.0,48.74,26.01,1057.85,44.47,2024-11-25
2830511829,8781058829,43881470.0,12.93,8.67,205.25,11.8,2024-11-25
2830511829,1474814690,476724497.91,103.45,55.87,2190.7,94.38,2024-11-25
2344918624,5644608669,1299307730.32,187.3,135.12,520.01,180.75,2024-11-25
2344918624,7705066015,399186931.97,26.29,16.35,41.1,25.37,2024-11-25
2344918624,1619923008,4468495140.0,166.49,0.0,2135.48,160.66,2024-11-25
5460111518,1350919357,88680098.09,109.9,35.83,913.01,123.27,2024-11-25
5460111518,6102580605,109792212.79,281.79,67.27,2496.17,326.62,2024-11-25
5788584904,5163624195,281638924.99,142.62,16.91,1818.13,163.9,2024-11-25
1638662180,6818642470,2366629927.8,767.12,117.79,4115.5,686.01,2024-11-25
1638662180,8640916512,6837995876.57,813.32,171.53,7346.94,727.33,2024-11-25
1638662180,7132173676,9453255280.0,854.15,246.19,2340.93,763.84,2024-11-25
1638662180,1790138662,943179888.0,67.69,16.86,215.49,60.53,2024-11-25
1638662180,8273602724,519207386.16,1788.88,298.08,14181.86,1613.18,2024-11-25
1638662180,7105264940,7358782705.81,536.13,164.7,1451.34,479.44,2024-11-25
1638662180,3287337869,531883296.03,366.37,12.76,15692.14,466.95,2024-11-25
1638662180,2294937187,1121028277.54,107.44,27.8,349.02,96.08,2024-11-25
2212125296,7951537734,738998000.0,54.98,0.0,623.09,51.27,2024-11-25
2212125296,7549592899,276951366.24,888.89,0.0,37829.98,2221.6,2024-11-25
2212125296,9669598602,918187168.0,28.51,1.96,516.8,26.58,2024-11-25
7192602240,3506484865,1384563208.68,810.3,14.02,54640.7,1837.42,2024-11-25
7192602240,8953918493,174411041.72,3651.07,5928.63,183101.07,3736.31,2024-11-25
7192602240,9111403695,1380811931.07,926.2,24.16,31097.0,1469.72,2024-11-25
2009937203,8374222542,11747192.89,2.05,0.12,120.38,52.54,2024-11-25
2009937203,9345487133,53231541.0,29.73,4.84,423.17,30.47,2024-11-25
2009937203,1059161998,214535104.3,293.21,12.87,13586.06,862.71,2024-11-25
2009937203,1343358832,64893348.77,147.63,2.97,7014.19,172.33,2024-11-25
2009937203,4928869787,149442108.53,2566.08,0.48,163684.85,2630.15,2024-11-25
9061489677,4046852002,765578182.62,43.2,2.66,2290.14,38.6,2024-11-25
6096057999,5662612239,3494491750.29,356.83,8.6,11014.45,355.59,2024-11-25
7954325167,9562350162,2061247572.0,366.03,25.6,3730.7,379.09,2024-11-25
7954325167,3348231639,2245895824.0,341.05,41.63,2951.55,353.23,2024-11-25
7954325167,8585424144,2056887003.55,1802.27,105.72,3392.39,1866.62,2024-11-25
7954325167,1818867866,966715654.59,1126.9,76.01,8074.48,1167.13,2024-11-25
7954325167,2898627509,1320895285.75,453.45,18.76,8506.08,759.18,2024-11-25
7954325167,5630152235,1440964457.82,3189.52,161.44,206274.34,3305.39,2024-11-25
7954325167,8273398625,1151994792.24,613.89,25.85,20786.96,1592.0,2024-11-25
7954325167,4215430353,629220970.49,2224.98,680.47,21172.43,2376.06,2024-11-25
7954325167,1907675586,1033630088.0,410.22,47.72,8219.03,424.87,2024-11-25
2908459842,4563707323,46920570.0,28.32,4.71,5079.1,32.22,2024-11-25
2908459842,2608223019,215784332.0,81.19,6.92,5591.18,92.37,2024-11-25
6617865151,9128115937,784165323.26,1503.69,201.7,58589.27,2084.48,2024-11-25
6617865151,6528345021,27263012.5,111.83,1424.93,37243.66,98.62,2024-11-25
6617865151,8317646362,26488252.91,102.06,1028.14,28835.1,90.01,2024-11-25
6617865151,6882971632,256955767.92,548.28,81.82,23217.72,1995.43,2024-11-25
4434935446,3510772354,324422938.7,180.92,464.11,8545.23,1144.6,2024-11-25
4434935446,2989226273,325240737.91,191.03,231.58,3822.74,227.92,2024-11-25
4434935446,2809867366,265840636.13,145.11,120.11,3864.46,165.22,2024-11-25
4434935446,4660790053,963016882.78,1015.75,256.56,34757.35,3595.02,2024-11-25
4434935446,4222581182,270268475.96,209.4,335.35,10771.36,938.57,2024-11-25
4434935446,4950338471,232735996.14,146.94,79.75,10914.53,507.6,2024-11-25
4434935446,6256019503,11419084.82,11.94,7.69,4726.28,64.69,2024-11-25
4434935446,9448350294,3051694161.0,2665.2,909.01,28796.64,2888.36,2024-11-25
3841673253,8869552614,79301828.5,151.32,35.49,2660.31,153.09,2024-11-25
7903592262,4426424720,190879801.0,180.57,28.63,2566.24,184.9,2024-11-25
7903592262,9137835136,65058357.0,70.12,54.41,2121.67,71.8,2024-11-25
2600150899,2876450235,1773993690.0,1505.51,26.52,13389.97,1486.71,2024-11-25
2600150899,6259337769,4986249297.88,2755.03,1616.38,102632.05,2720.63,2024-11-25
9566447651,5676327830,117450830.0,55.34,9.69,1287.73,54.19,2024-11-25
9566447651,5581486490,271622680.0,92.55,11.92,229.08,90.63,2024-11-25
6835683414,6993359403,2432276608.14,4501.57,519.73,382713.33,101988.05,2024-11-25
9634558898,7838387266,2671468696.68,1339.47,141.91,104759.91,1402.22,2024-11-25
3086145695,6335093711,1794484035.97,1744.04,11.87,31306.1,1562.49,2024-11-25
3086145695,5853075766,3672306558.79,6352.02,59.13,31079.33,5690.78,2024-11-25
3086145695,5339572796,92346314.0,69.0,2.06,2245.77,61.81,2024-11-25
3086145695,6475291845,109690439675.08,46436.38,1043.15,7298752.32,107842.45,2024-11-25
3086145695,5320558629,136823770326.27,70450.69,752.88,5445248.48,317251.7,2024-11-25
3086145695,8844330100,5563400796.05,5280.96,106.74,152320.51,4933.79,2024-11-25
3086145695,1428400726,5213696583.3,52228.98,1245.76,86961.89,46792.05,2024-11-25
3086145695,2519937943,4573086246.27,8369.93,15356.73,624193.99,60774.61,2024-11-25
5082057286,8231113788,835985515.13,277.91,4.11,2336.42,288.25,2024-11-25
5082057286,6231057249,3208172915.71,3503.52,50.62,358514.34,3735.75,2024-11-25
5128952228,4826991541,44747441255.9,416.78,84.3,4021.89,406.63,2024-11-25
5128952228,8051023404,13178980036.63,1610.25,0.03,67416.9,1595.23,2024-11-25
7757875170,1384237602,18729799394.94,369.94,1260.42,20837.52,399.72,2024-11-25
7757875170,4365941222,13784555764.8,282.04,426.13,14690.34,304.74,2024-11-25
7757875170,9729384781,191674837097.59,1224.29,20.99,66752.69,1322.83,2024-11-25
7757875170,5407833538,131669809656.18,12586.3,7032.74,633673.32,13599.3,2024-11-25
7757875170,6725224788,85228512459.01,76.0,458.38,121299.25,97265.94,2024-11-25
7757875170,6495380016,147013652559.31,1.83,324.29,129191.09,102603.75,2024-11-25
8018066855,7567643025,45325926405.45,184.33,53.9,1766.53,187.69,2024-11-25
2009975355,2260404453,106179974632.96,1211.92,23.56,59470.38,1439.65,2024-11-25
2009975355,2986277351,182789312074.67,193.63,49.33,27831.11,16784.67,2024-11-25
4539006085,3806583041,651149616.0,8087.59,403.16,12245.35,8783.14,2024-11-25
4539006085,7932418416,4987937507.52,3161.89,137.26,18876.53,3433.82,2024-11-25
4539006085,7037738587,14638340025.48,13700.88,552.11,884038.37,60300.18,2024-11-25
4539006085,6495592888,5838391737.4,3985.0,137.5,531897.9,12194.23,2024-11-25
4539006085,8378401490,640770567.3,347.78,21.04,14788.31,2288.85,2024-11-25
4539006085,3876540741,1041514870.02,919.77,47.56,80108.8,21465.44,2024-11-25
8009589948,9864867232,2053250621.7,1846.34,187.36,256531.09,65480.41,2024-11-25
8009589948,4175437243,1500212962.19,1009.66,68.77,153563.92,28010.05,2024-11-25
3155375047,1588591084,1450360056.31,676.22,140.38,16015.03,2787.62,2024-11-25
3155375047,8676952369,10840600180.09,3526.82,1154.48,11480.37,3151.06,2024-11-25
1138743890,9903728134,17992876164.22,27686.4,1112.9,1861947.53,32516.11,2024-11-25
1138743890,8843712267,813153537.26,4685.68,24.38,14117.04,5502.71,2024-11-25
1138743890,9485654731,9838687640.21,5901.22,415.07,481448.89,44863.37,2024-11-25
1138743890,1016181444,18313455870.27,10371.71,5426.59,1008673.02,141819.55,2024-11-25
1138743890,1903846420,751150250.35,416.89,249.26,17489.9,491.69,2024-11-25
7187956485,6052274693,2081231152.0,600.5,33.85,16610.51,649.7,2024-11-25
7187956485,4592167784,806366252.6,117.17,16.57,322.72,126.77,2024-11-25
7187956485,7452930527,232112768.0,140.06,2.83,1615.56,151.53,2024-11-25
7187956485,3538731235,88177269.91,126.33,188.99,5455.58,136.68,2024-11-25
7187956485,1179319468,468743072.54,283.77,21.3,3209.4,307.02,2024-11-25
7187956485,4948876257,617027536.0,488.82,827.95,11474.69,528.87,2024-11-25
7187956485,7688470220,1074587248.0,625.22,36.37,8583.07,676.44,2024-11-25
7187956485,5348860985,1145727680.0,622.47,35.07,7910.0,673.47,2024-11-25
7187956485,1353031982,2718997968.0,2102.67,129.53,22505.27,2274.95,2024-11-25
7187956485,1936745141,783595351.68,4214.5,4596.79,135579.34,4559.8,2024-11-25
7187956485,7560207348,193434272.0,212.37,373.29,5525.65,229.77,2024-11-25
7187956485,9440589686,165308256.0,83.3,2.98,1399.42,90.13,2024-11-25
7187956485,5599971951,2464731059.15,1460.98,53.58,28936.89,1580.68,2024-11-25
7187956485,4376248396,3531978261.18,583.11,1455.23,5196.03,630.88,2024-11-25
4840214693,3709496046,293147497.13,273.57,13.51,32623.54,1124.63,2024-11-25
4840214693,8096022562,193292779.22,184.28,4.71,30088.68,186.32,2024-11-25
3979990204,2938322847,1170727405.37,996.95,80.58,2008.27,1028.38,2024-11-25
3979990204,3056539348,19339588682.02,8015.28,118.58,831272.14,9952.39,2024-11-25
3979990204,2137524281,909127618.84,449.55,14.38,14668.76,463.72,2024-11-25
3979990204,3387794418,20365816252.39,12940.02,189.61,1250870.34,14098.27,2024-11-25
3979990204,5409356300,1183433285.47,464.32,67.84,12901.02,478.96,2024-11-25
3979990204,2199955905,1229381139.52,268.62,13.47,19572.02,5532.28,2024-11-25
3979990204,8065536728,1367134085.46,731.1,34.71,141870.2,8189.87,2024-11-25
6292432130,5629323074,611537036.89,481.77,19.34,22638.04,485.14,2024-11-25
2796961178,4311565091,143279599.69,331.44,240.54,30839.79,1311.66,2024-11-25
6660540879,4515946768,997174871.04,2381.03,1003.64,226428.42,114301.91,2024-11-25
6727254708,9001638496,848805270.0,47443.74,1030.34,76718.55,47297.58,2024-11-25
6727254708,6426126727,410051490.0,221.23,8.01,10796.62,220.55,2024-11-25
6727254708,6363425590,110414290.43,46.13,5.0,970.08,45.99,2024-11-25
6727254708,1715477885,105260133.57,57.43,4.58,183.5,57.25,2024-11-25
6727254708,9677875686,278914680.0,212.76,8.1,12336.78,212.1,2024-11-25
6727254708,8668544912,10263907905.73,7076.5,4002.31,910626.96,40332.04,2024-11-25
6727254708,2300290420,9027673553.69,18292.34,126.57,1520404.31,82603.02,2024-11-25
6727254708,4530195234,2346932018.2,4090.38,125.35,261637.27,4077.78,2024-11-25
6727254708,6234691981,2128818534.46,313.49,30.07,87922.37,6601.41,2024-11-25
6727254708,9834565478,8405437525.75,5988.25,145.19,476537.65,6065.53,2024-11-25
6727254708,9797989145,11619805718.09,8451.89,238.3,592615.96,8484.98,2024-11-25
6727254708,4874827991,36965257593.8,28442.52,615.08,1454109.19,36041.22,2024-11-25
6727254708,9853798226,39510047729.95,49505.4,955.57,2809506.62,74527.22,2024-11-25
6727254708,3844284608,19025817520.64,11696.9,93.54,518231.37,12011.86,2024-11-25
6727254708,8722238649,22259842207.87,29139.15,357.88,2014262.11,29055.02,2024-11-25
6727254708,4626874233,1183093534.12,1717.11,33.99,126307.93,1711.82,2024-11-25
6727254708,2596669440,4092676922.32,2693.35,91.46,188469.14,3694.87,2024-11-25
4765961919,5249567097,583384798.97,1029.44,19.23,35759.61,950.22,2024-11-25
4765961919,8642879381,710029316.0,1047.25,12.42,47894.53,966.66,2024-11-25
4765961919,3723944607,103400991.44,208.66,1.15,8217.12,192.6,2024-11-25
4765961919,9059403974,4256661653.8,9000.97,1065.89,498621.54,20359.09,2024-11-25
4765961919,8132244576,3973445085.98,2346.66,42.68,93866.11,2377.84,2024-11-25
4765961919,3161828814,8378098025.76,18641.75,329.99,796188.24,17777.69,2024-11-25
4765961919,3950869417,4175140643.07,6255.78,112.74,312599.46,6360.39,2024-11-25
4765961919,3714096025,1387076983.3,2492.03,276.17,98663.9,4407.0,2024-11-25
4765961919,2758948117,1139416652.57,2647.29,80.22,149301.95,6295.58,2024-11-25
4765961919,3104077214,5369018384.71,11830.21,186.47,560646.8,10933.52,2024-11-25
4765961919,9905648853,17676061365.62,34120.02,564.89,1559923.07,32440.0,2024-11-25
4765961919,7047568737,3498855684.63,40733.78,762.14,68643.43,37599.14,2024-11-25
4765961919,1552313917,2546142899.09,5366.76,3498.14,1639664.21,79985.93,2024-11-25
4765961919,1088558816,1656326142.77,3292.05,2113.35,1067577.48,50800.06,2024-11-25
4765961919,2589061087,1127402787.01,2054.93,2196.34,789631.41,29566.5,2024-11-25
2759887172,7118148908,521582289.29,275.27,3.44,11796.66,253.22,2024-11-25
5660113447,2575775551,5024133318.71,8199.65,179.31,14337.08,7869.95,2024-11-25
5660113447,1595196350,81881806.81,230.9,0.32,24331.82,221.62,2024-11-25
4969504105,6061790334,278061192.46,92.35,8.66,1511.26,97.53,2024-11-25
4969504105,3535519842,85678049.78,74.28,7.82,1756.67,90.1,2024-11-25
4969504105,9526321766,74408653.79,36.14,7.33,485.12,67.81,2024-11-25
4969504105,5461287230,564035880.76,251.95,20.97,22927.61,1446.3,2024-11-25
4969504105,1627501892,173158788.53,72.27,0.2,1541.58,145.84,2024-11-25
4969504105,1137288043,587988583.86,137.52,4.88,2880.4,330.69,2024-11-25
4969504105,8700443363,67697623.05,201.76,20.85,1058.36,186.71,2024-11-25
3551284065,6326171655,1362198275.0,577.03,6.63,4678.37,582.13,2024-11-25
3551284065,9589327374,1058422830.0,427.67,4.85,4126.53,431.45,2024-11-25
3551284065,4624545640,596933065.0,206.88,4.17,1708.24,208.71,2024-11-25
8000140564,8607415353,103690807.54,71.78,2.63,498.74,67.93,2024-11-25
8000140564,4010991219,254437257.14,153.14,19.44,1150.73,144.91,2024-11-25
8000140564,1359798990,622412159.23,375.18,34.32,2496.42,355.03,2024-11-25
8000140564,8686722746,394671076.5,120.59,20.31,1155.26,114.12,2024-11-25
8000140564,1735350712,616715688.35,199.08,26.68,1591.43,188.39,2024-11-25
8000140564,1761543400,496256105.71,219.18,30.3,2013.1,207.41,2024-11-25
8000140564,2508835288,136084949.0,50.73,8.93,227.61,48.0,2024-11-25
8000140564,8498327917,159009759.15,55.51,13.13,719.09,52.53,2024-11-25
8000140564,5745932655,140397133.51,98.58,11.03,826.09,93.29,2024-11-25
8000140564,2536940292,555780107.18,257.46,32.57,2886.34,243.63,2024-11-25
8000140564,5434935750,278543118.35,123.47,7.88,622.97,116.84,2024-11-25
8000140564,6929001598,307396996.19,165.58,11.56,1059.14,156.69,2024-11-25
8000140564,8822076937,37694322.74,36.37,4.82,140.55,34.42,2024-11-25
8000140564,9564366225,347538805.29,155.05,23.64,1393.75,146.72,2024-11-25
8000140564,9010567738,139692723.29,115.81,8.41,340.05,109.59,2024-11-25
8000140564,8213009323,80197214.11,39.24,3.37,100.65,37.13,2024-11-25
8000140564,8955262572,158187380.82,67.95,12.91,290.18,64.3,2024-11-25
8000140564,6880254442,76068667.18,46.9,7.06,221.26,44.38,2024-11-25
8000140564,1073664272,203316592.11,170.36,10.24,1624.99,161.21,2024-11-25
8000140564,1130813901,141043922.0,67.0,6.83,282.01,63.4,2024-11-25
8000140564,3559894019,132070044.54,53.6,15.76,353.65,50.72,2024-11-25
8000140564,7746577361,218649443.77,157.92,8.41,22712.62,154.87,2024-11-25
8000140564,3358981893,205214233.39,173.24,15.76,6082.81,164.84,2024-11-25
8000140564,7562814826,160765728.78,113.89,9.98,5265.79,115.93,2024-11-25
8000140564,5116056585,347315282.16,264.16,1.07,9687.34,267.18,2024-11-25
8000140564,7897054373,81927253.25,68.91,3.16,426.2,69.74,2024-11-25
8000140564,7772324276,142580858.01,123.47,9.46,2654.2,144.01,2024-11-25
8000140564,1445280414,52388229.08,50.73,3.67,3820.35,51.62,2024-11-25
8000140564,4641876052,541385587.73,273.73,10.86,12559.18,287.11,2024-11-25
8000140564,4322279418,712926377.33,189.51,51.16,2789.32,179.33,2024-11-25
8000140564,1111124926,540347913.15,207.69,53.24,1928.76,196.54,2024-11-25
5954988949,8140644609,9222004764.91,645.73,388.17,970.43,547.74,2024-11-25
5984451547,2786017824,1503385401.86,1258.15,559.71,2407.44,1071.25,2024-11-25
3313050187,1296125507,11996037872.42,57774.06,2378.56,2055956.24,57085.39,2024-11-25
2990144704,8914597988,12758457116.66,172.8,100.63,261.3,172.37,2024-11-25
4631721175,3173294802,179382904905.68,1396.89,75.76,62509.44,6249.48,2024-11-25
7825259319,7747558724,6100639061.19,1113.54,422.36,2631.38,1195.12,2024-11-25
8308372271,6372356361,4309270090.2,1012.43,648.37,1657.62,956.81,2024-11-25
8308372271,7648332970,10969880266.42,10839.29,598.6,500248.85,86627.7,2024-11-25
9792369345,6862406128,36828201.81,86.52,29.0,1108.99,85.99,2024-11-25
9792369345,1572530171,49701381.8,1264.84,60.26,52199.23,8755.33,2024-11-25
6991056822,3737602943,359702694.43,662.38,16.39,1955.7,654.16,2024-11-25
6991056822,8034712815,101358001.18,167.21,68.46,5205.71,175.79,2024-11-25
6991056822,5766394111,141041417.97,401.31,215.98,7702.46,397.39,2024-11-25
6991056822,8883986582,174816025.28,452.02,119.56,10330.58,1667.35,2024-11-25
6991056822,7862626830,263322068.76,764.87,384.72,17540.67,755.37,2024-11-25
6991056822,2540757224,152917510.1,252.44,119.56,8272.91,251.43,2024-11-25
6991056822,9736254613,186483155.7,402.39,179.34,11555.07,399.52,2024-11-25
6287055608,9377088651,48630927245.98,156.61,77.51,7753.2,155.38,2024-11-25
6287055608,4254250703,9069789100.61,42.79,18.3,1684.44,42.46,2024-11-25
3017575657,7880712419,1748229188.29,996.35,238.06,80607.07,1020.53,2024-11-25
3017575657,3234842012,1786840389.51,1103.18,261.86,70068.72,1361.04,2024-11-25
3017575657,5208105534,943485743.56,434.95,74.16,5817.79,430.64,2024-11-25
3017575657,1614985433,383470417.79,208.21,37.54,11989.27,391.59,2024-11-25
3017575657,8346324433,4543751148.98,7804.03,571.33,154273.98,33147.65,2024-11-25
3017575657,5610352905,3999981191.13,1655.86,43.95,98108.67,22686.98,2024-11-25
7949948303,6892208816,228539654.0,178.8,12.8,9285.11,187.12,2024-11-25
7949948303,2199960913,29448094.0,53.18,30.68,390.77,55.66,2024-11-25
7949948303,5115055765,20538436.0,59.6,16.46,1025.42,95.0,2024-11-25
5509067989,7754362270,1633462629.7,866.33,27.74,15156.22,941.5,2024-11-25
5509067989,6558812493,138010031.62,1173.32,0.98,21710.95,4923.43,2024-11-25
5509067989,2290075946,73596553.22,841.49,0.11,20138.91,6054.96,2024-11-25
3878840424,2141041580,19575788451.68,5640.46,93.97,108609.17,5574.32,2024-11-25
1366387738,4211213242,668757750.68,249.07,45.31,28916.67,5140.69,2024-11-25
1366387738,7732926047,3362712163.63,664.54,14.1,18109.64,632.26,2024-11-25
7526521017,7414501658,4098673285.01,898.16,35.16,3259.69,948.26,2024-11-25
7526521017,1141378532,5702830370.15,3851.06,15.73,264916.13,7629.34,2024-11-25
7526521017,2018846477,2057804154.13,693.37,20.95,8672.72,732.05,2024-11-25
3851958960,2399471509,2521335.62,66.72,3.33,86.62,60.03,2024-11-25
1517367026,4055192345,127186960.6,61.78,4.6,7175.63,83.78,2024-11-25
1517367026,9426529104,786086885.8,416.99,17.34,26792.41,451.59,2024-11-25
5928471422,8690631971,4255632812.2,4313.25,163.51,167117.25,3962.05,2024-11-25
5928471422,6421432379,282712599.0,266.87,3.82,10614.44,245.14,2024-11-25
5928471422,7051951348,121806256.0,69.04,9.67,4299.51,63.42,2024-11-25
5928471422,3779138848,219584467.43,343.12,11.87,20613.86,315.18,2024-11-25
4925883884,8225329822,9101407609.67,7304.82,348.08,581171.52,6475.41,2024-11-25
5604802559,3385426367,11911265069.5,3919.99,569.77,23089.01,3937.6,2024-11-25
4221243019,4986587715,1469948387.15,547.88,36.71,55537.54,2496.69,2024-11-25
4221243019,4202971078,6171364569.63,3107.85,16615.95,272624.26,40693.79,2024-11-25
3818150017,8122939110,700960041.56,540.21,2466.16,1645.55,598.98,2024-11-25
3818150017,4215149292,5849067422.88,2622.35,49.89,310789.59,2907.63,2024-11-25
9999862340,2161927728,3790266615.0,1700.46,36.74,6241.0,1445.58,2024-11-25
3144474603,5411794774,461921128.68,106.18,8.25,916.07,103.65,2024-11-25
3144474603,9306888902,161932166.8,36.12,6.85,308.69,35.26,2024-11-25
3144474603,6125812716,5952243122.0,1427.36,207.3,4133.67,1393.45,2024-11-25
3144474603,7822222889,478724070.03,134.64,12.07,1019.57,131.44,2024-11-25
3144474603,3571613788,161385769.0,33.93,2.2,234.24,33.13,2024-11-25
3144474603,1664212110,386008338.17,119.31,16.68,680.93,116.48,2024-11-25
3144474603,1475482059,7923450346.25,2988.26,237.41,10585.21,2917.28,2024-11-25
3144474603,5468254698,591846352.0,160.91,20.04,488.45,157.08,2024-11-25
3144474603,1327726942,363768009.27,88.66,9.9,1119.44,86.56,2024-11-25
3144474603,8716075927,342658081.0,87.57,9.91,198.83,85.49,2024-11-25
3144474603,6021828990,608948333.55,581.23,25.61,40245.39,567.43,2024-11-25
3144474603,5875435663,833247837.62,1205.15,48.17,56259.84,1176.53,2024-11-25
3144474603,9182583014,490177933.94,172.95,28.59,1251.09,168.84,2024-11-25
3144474603,7648731408,657282822.98,189.37,17.59,1667.81,184.87,2024-11-25
3144474603,4073287612,317576426.84,124.78,15.94,1297.39,121.82,2024-11-25
6591765169,4625701000,35463347.78,49.32,3.35,680.39,50.32,2024-11-25
6591765169,1371302159,32964479.54,58.19,2.39,1805.19,59.38,2024-11-25
5966024179,5622165991,8773217381.76,5015.35,481.65,12639.65,5602.02,2024-11-25
4328703191,6261792295,105320138.41,405.52,1949.43,33122.04,7450.27,2024-11-25
8458175737,9156515811,441717435.62,911.17,231.28,21586.63,1578.77,2024-11-25
5048405933,7025589629,289274549.98,369.12,5.88,29014.65,379.32,2024-11-25
5048405933,3442067474,718397722.29,429.82,5.57,38793.06,668.24,2024-11-25
5048405933,3310651800,52258440.0,28.39,0.95,256.67,28.5,2024-11-25
5048405933,4791256610,208911011.95,153.72,19.56,12912.61,156.25,2024-11-25
4260952526,5007300728,2785902576.0,2333.6,59.05,3763.71,1975.65,2024-11-25
4260952526,6742553630,3070724821.0,2680.63,35.26,120387.58,8124.55,2024-11-25
4260952526,7949461645,1350536295.14,1338.7,19.51,80432.9,2118.46,2024-11-25
1544027227,6958179722,344711976.0,246.1,13.09,819.86,272.13,2024-11-25
1544027227,9985101441,97612200.0,69.36,2.11,265.93,76.7,2024-11-25
1544027227,2071822071,55202873.93,244.2,14.8,6978.25,498.03,2024-11-25
8698180854,6683136554,867696703.02,326.15,12.82,1713.96,336.72,2024-11-25
8698180854,3189287361,88794722.52,437.67,88.53,9827.37,460.55,2024-11-25
4243137714,3073885350,318141298.3,113.41,1.92,235.43,120.4,2024-11-25
4243137714,1038789390,280498152.0,141.77,0.02,620.25,150.5,2024-11-25
4243137714,1602511292,372413792.66,196.52,2.24,6486.13,208.62,2024-11-25
4243137714,2685270103,608892330.31,368.59,16.8,23467.31,6071.71,2024-11-25
4243137714,3771177059,2525744987.5,2156.81,33.48,158212.41,4161.98,2024-11-25
6912959742,6568151555,1176514046.54,1303.37,22.21,37631.14,1612.27,2024-11-25
6912959742,5918988896,122538666.86,979.5,851.74,101436.09,1449.63,2024-11-25
6912959742,7944967537,353871585.0,241.91,0.61,12975.6,230.32,2024-11-25
6912959742,8971521228,1045659778.18,1203.64,18.77,37059.17,1159.14,2024-11-25
6912959742,3132009097,1624853038.03,2080.45,39.19,74819.08,4136.44,2024-11-25
6912959742,3411206172,1230686593.24,1146.37,11.7,45605.76,1588.77,2024-11-25
6912959742,9968457051,664923293.74,859.04,7.16,43914.81,1206.15,2024-11-25
6912959742,1803464434,734674466.55,513.45,7.48,8560.56,559.36,2024-11-25
6912959742,3533308622,54611685.37,20.74,2.25,3030.54,1289.82,2024-11-25
6912959742,5231048421,1794599407.32,1130.57,15.15,79073.41,1831.31,2024-11-25
4295580695,2960047847,1733150439.44,13619.9,561.89,24034.9,11972.06,2024-11-25
4295580695,2823847807,287113243.53,313.62,39.54,20672.54,385.59,2024-11-25
4038498033,1553846774,1649577177.25,3190.81,26.06,106523.18,3203.92,2024-11-25
4038498033,3942403651,360589912.72,860.39,7.33,55845.58,983.57,2024-11-25
7886265417,2391458328,3413360084.04,7754.86,84.46,678551.92,8102.98,2024-11-25
7886265417,4983585281,2011143138.0,18632.27,370.08,38231.42,18895.33,2024-11-25
7886265417,8327801375,8040250285.17,15875.18,156.71,1115951.06,19541.54,2024-11-25
7886265417,7105210380,2077560580.77,2903.91,34.12,259504.07,3100.12,2024-11-25
7886265417,5415419238,1508448121.25,1993.9,31.2,130384.05,2437.02,2024-11-25
7886265417,1221323529,1325766848.98,649.71,1.74,12748.98,658.88,2024-11-25
7886265417,6989208372,5640706336.77,8256.72,83.59,352242.16,8448.26,2024-11-25
5479808415,5139605877,109274822.34,71.68,0.64,6273.33,79.38,2024-11-25
5479808415,6337013290,55459115.42,74.93,1.68,4074.39,70.45,2024-11-25
5479808415,5963149601,40621490.46,53.21,2.74,4631.04,69.45,2024-11-25
6135802989,7687567696,65678022.0,51.6,0.9,1607.92,58.61,2024-11-25
6135802989,1338861216,112056276.61,130.41,57.17,6656.76,640.43,2024-11-25
6135802989,5331021189,674807200.76,1729.1,54.86,96451.07,4062.07,2024-11-25
2899793385,4193135974,230167899.38,131.67,2.08,2823.04,138.43,2024-11-25
2899793385,2717881924,2107653455.57,4105.6,46.5,336605.51,5520.27,2024-11-25
2899793385,7079228468,23063199.61,40.73,33.28,364.29,42.82,2024-11-25
2899793385,2424527313,1212835860.14,1299.7,7147.92,109809.41,11309.44,2024-11-25
2899793385,2716818077,208814605.83,246.3,2.65,17734.14,712.07,2024-11-25
6128140551,4995551374,644382320.3,431.27,9.49,27214.12,492.98,2024-11-25
7730435073,3817287127,1305242029.87,892.8,13.02,1886.14,809.42,2024-11-25
7730435073,9079900845,424733599.44,248.12,1.17,9433.71,224.95,2024-11-25
7730435073,7583852292,2115803525.66,1750.94,11.26,146348.02,1895.84,2024-11-25
7730435073,1449066116,182083378.75,141.94,0.15,8264.29,279.96,2024-11-25
7730435073,7169890315,178162165.14,140.85,0.34,8474.08,241.65,2024-11-25
7486359225,7004536122,732288431.76,11.68,10.57,102164.69,69022.9,2024-11-25
7486359225,6271964660,306462234.56,151.81,81.32,62385.61,24460.85,2024-11-25
7486359225,4896998066,2459415482.05,874.76,197.0,756367.21,411660.17,2024-11-25
9347899940,6014387531,829531485.02,4.58,301.77,118244.96,84420.67,2024-11-25
9347899940,3932653772,48408673.25,44.89,0.43,1811.8,433.28,2024-11-25
9347899940,9544690545,136223966.71,2922.68,34.35,10346.34,3756.58,2024-11-25
9347899940,9361952843,302219069.1,4570.92,61.15,15202.35,5552.39,2024-11-25
8452065073,2932844757,2848922208.0,1484.18,21.45,3170.86,1618.29,2024-11-25
8452065073,7687297864,4389504538.33,3337.57,36.81,233166.0,4576.1,2024-11-25
8452065073,9893624496,1242593379.52,431.96,172.79,261342.69,146699.91,2024-11-25
8452065073,5022527307,720420926.82,339.66,4.4,15886.69,1161.39,2024-11-25
2826827076,3384572039,140908761.0,284.18,0.33,4784.89,296.37,2024-11-25
2826827076,9804129007,75933655.0,78.56,1.32,810.69,81.93,2024-11-25
1684414765,3878041365,1084421250.0,8158.58,65.44,17509.53,7907.76,2024-11-25
1684414765,4208562937,160065146.59,960.21,6.87,9256.72,930.69,2024-11-25
1684414765,8994641466,504522175.49,930.34,14.66,45649.7,1421.89,2024-11-25
1672862023,9278357968,50179392.68,249.84,7.81,11842.98,280.0,2024-11-25
1672862023,5063240975,52382234.0,110.62,1.11,2528.29,123.97,2024-11-25
2395255119,3620753035,614574072.0,284.33,28.98,1057.55,309.4,2024-11-25
8564269730,5835984744,2310979132.86,3331.01,80.56,12246.05,3324.98,2024-11-25
8564269730,4348859579,4220425566.21,3142.09,91.23,291177.24,8280.55,2024-11-25
3457456980,9335146426,2679123108.37,1733.22,40.12,172752.16,2372.04,2024-11-25
3457456980,9080141482,2130406103.91,1111.99,24.73,108926.72,1308.36,2024-11-25
3457456980,8585978406,115081253.53,52.19,0.93,712.15,52.58,2024-11-25
3610097806,3180925154,124202237.18,82.1,20.4,870.08,74.35,2024-11-25
3610097806,8081929504,5475983.42,12.47,6.97,78.36,11.29,2024-11-25
3610097806,7973817554,113378292.03,135.11,31.34,2215.72,122.36,2024-11-25
3610097806,4470976807,61955691.07,114.32,20.89,1460.03,105.41,2024-11-25
3610097806,7814768919,98448003.14,130.95,55.85,777.3,118.59,2024-11-25
3274209063,3729190315,256328240.0,524.92,6.75,2989.25,462.91,2024-11-25
7579730738,9566874645,2214349037.76,2665.79,12.82,15349.8,3105.79,2024-11-25
7579730738,1400855285,804473501.48,1013.74,26.39,13875.11,2882.38,2024-11-25
9686881868,5656157535,185097462.0,286.27,6.68,1771.55,324.73,2024-11-25
9491774733,4287103268,1037891858.58,1186.37,14.82,8398.22,1213.84,2024-11-25
8145530460,9620409285,306009950.0,497.72,13.53,2671.47,547.71,2024-11-25
8145530460,5030016691,325926968.23,524.23,6.99,2809.32,576.88,2024-11-25
6278335695,6049165360,31469689.9,194.02,4.0,309.86,212.7,2024-11-25
6278335695,2952239687,138459720.21,430.86,13.02,766.54,472.34,2024-11-25
4161132680,2512933297,1179113773.65,1972.63,42.59,43362.37,3973.51,2024-11-25
4161132680,2720085185,1114036487.35,1536.74,39.19,7308.86,1677.61,2024-11-25
6699715634,7458774535,431424300.8,546.57,13.48,2236.84,579.92,2024-11-25
6699715634,4980716259,960771357.83,872.6,12.44,3246.38,925.83,2024-11-25
4045471774,2796688175,1309082292.0,2430.09,36.68,10177.89,2305.39,2024-11-25
4045471774,4967547877,5964415453.24,9164.75,162.58,190373.19,14303.79,2024-11-25
2274795399,1214129606,10046118920.08,5952.37,27.55,39530.24,5326.8,2024-11-25
3000721614,2912481878,54298060.31,178.38,7.45,2951.71,201.9,2024-11-25
4139303472,4782769018,128242296.0,252.66,3.84,1639.83,265.9,2024-11-25
4139303472,1349168393,79482038.4,123.09,2.71,715.42,129.54,2024-11-25
4139303472,3265100668,189817770.09,360.02,6.18,2928.99,378.89,2024-11-25
4139303472,8119256320,363281856.5,681.17,13.53,14156.63,1038.28,2024-11-25
4139303472,3637424578,180297156.19,251.74,5.18,3167.13,360.38,2024-11-25
4139303472,5927091987,90963548.29,184.17,4.58,2007.59,400.31,2024-11-25
1467415627,7012204096,1313942530.0,2006.3,27.68,8454.05,2285.49,2024-11-25
1467415627,8915146228,22739032000.52,19508.56,475.05,711253.69,192277.23,2024-11-25
3722240279,2110203587,1496794089.17,1461.17,182.45,76711.22,1491.54,2024-11-25
8399250647,2776638908,3296866023.27,597.07,38.35,5770.5,598.89,2024-11-25
8399250647,2139655532,741625569.04,241.79,30.32,26226.15,370.22,2024-11-25
8399250647,1157335857,6087571169.84,3234.07,25.53,467743.3,16627.35,2024-11-25
4688974689,3648580833,999252655.61,346.34,20.47,2663.81,333.44,2024-11-25
4688974689,9950164097,910289206.74,337.89,11.7,23032.97,490.0,2024-11-25
4688974689,8778588214,722491763.26,215.4,1.99,16326.61,1547.27,2024-11-25
4688974689,8465502459,1457483455.83,372.73,4.49,6330.78,358.86,2024-11-25
4688974689,7316748556,367198692.61,149.94,26.57,189.24,144.36,2024-11-25
7192602240,9376668521,50546490.19,4.21,0.0,7567.82,6000.74,2024-11-25
2009937203,5080006577,195173185.31,3778.89,0.0,137770.37,10533.22,2024-11-25
9061489677,7304948139,100708076.51,567.05,0.0,70208.09,629.11,2024-11-25
6617865151,5475005438,120694747.64,66.23,0.0,9762.99,59.37,2024-11-25
1020002691,1037603409,33867507.41,18.15,0.0,278.69,17.67,2024-11-25
9265546982,3234983267,646809055.68,28.96,0.0,255121.65,3732.72,2024-11-25
6896348925,2155503376,249068948.0,107.37,0.0,3529.34,102.66,2024-11-25
5082057286,4939341304,247468244.44,3528.61,0.0,261531.39,3659.79,2024-11-25
3155375047,6558623822,342700193.95,1535.91,0.0,46754.53,1372.27,2024-11-25
4840214693,5310377525,92113063.3,1145.58,0.0,34232.4,1158.24,2024-11-25
4765961919,6656023901,75869371.63,16.81,0.0,22160.91,3393.79,2024-11-25
4338917831,7400138590,129221890.52,7.17,0.0,9724.77,7969.8,2024-11-25
4969504105,7951503660,114070862.4,44.17,0.0,538.18,53.88,2024-11-25
4969504105,6201504117,1252691.7,1.0,0.0,16.11,0.93,2024-11-25
2775728868,2341830154,0.0,0.0,0.0,1.99,0.0,2024-11-25
2775728868,8573837168,0.0,0.0,0.0,3.97,0.0,2024-11-25
2775728868,2931418574,4560.81,0.0,0.0,3.97,0.0,2024-11-25
8000140564,2033805706,65843647.88,39.24,0.0,416.22,37.13,2024-11-25
1430064570,8094586695,166451215.0,38.45,0.0,587.53,34.49,2024-11-25
9421916553,9447707344,1282800200.33,3.1,0.0,211400.18,110201.51,2024-11-25
5509067989,3096214023,24587640.0,35.77,0.0,1457.25,38.87,2024-11-25
2415874979,3441628948,391422070.92,36.54,0.0,1138.81,41.84,2024-11-25
2415874979,2683557521,49599455.35,35.63,0.0,164176.32,40.79,2024-11-25
3878840424,9847694192,111809844.61,1721.27,0.0,30408.12,1701.09,2024-11-25
8367057304,3540231905,313889692.86,65.19,0.0,2110.51,73.47,2024-11-25
3818150017,4688839915,70418925.0,11.66,0.0,347.5,12.93,2024-11-25
3144474603,6781095765,423674317.02,226.58,0.0,17455.29,1607.17,2024-11-25
3144474603,3173046149,32525863.0,8.76,0.0,43.58,8.55,2024-11-25
6591765169,3559242576,49531843.53,54.25,0.0,975.39,55.36,2024-11-25
6591765169,9301388575,65248040.0,76.93,0.0,1734.77,78.51,2024-11-25
6591765169,8716558496,51818890.0,29.59,0.0,357.8,30.2,2024-11-25
6591765169,4727621274,27689615.2,324.49,0.0,12779.99,399.58,2024-11-25
6591765169,7721676256,27728793.06,629.26,0.0,7688.93,2658.17,2024-11-25
1258133092,2057260031,1171417301.56,1767.57,0.0,1609707.64,1487.54,2024-11-25
7401912762,6484512949,309103406.35,122.69,0.0,11415.73,4444.2,2024-11-25
7401912762,6062249316,98225246.41,3.17,0.0,13802.86,9457.04,2024-11-25
7401912762,1206672148,364271944.23,186.16,0.0,235312.06,186.37,2024-11-25
5048405933,4312981896,21102385.12,736.28,0.0,15345.03,738.99,2024-11-25
5048405933,5718715180,106811915.29,46.02,0.0,39513.25,6193.96,2024-11-25
4260952526,3606935181,225263560.08,157.94,0.0,3250.23,133.71,2024-11-25
8698180854,9827003350,64581863.5,107.31,0.0,5976.64,119.48,2024-11-25
8698180854,1711188315,1340196916.66,22325.56,0.0,1234717.27,23049.16,2024-11-25
4243137714,2201898890,254778402.22,13.69,0.0,69810.05,1240.29,2024-11-25
6912959742,5756705575,274172608.29,69.12,0.0,54590.56,49605.32,2024-11-25
1967633865,1936722188,39302968.17,55.77,0.0,2971.58,126.62,2024-11-25
5479808415,6397512605,39948724.0,20.63,0.0,1722.47,26.79,2024-11-25
2899793385,6782716339,250819304.0,120.31,0.0,6056.52,126.48,2024-11-25
6128140551,8544551464,336962986.01,4959.14,0.0,353347.18,4942.87,2024-11-25
6128140551,2510381002,632288755.15,1446.63,0.0,22915.43,1528.05,2024-11-25
7730435073,4654192802,103586371.85,2094.41,0.0,119487.33,2315.28,2024-11-25
8180638008,1331819083,936805915.18,197.41,0.0,419544.68,14477.21,2024-11-25
8180638008,3655267716,504556088.52,7148.1,0.0,432559.31,7367.24,2024-11-25
9347899940,3459834245,110596459.47,101.7,0.0,76524.79,122.07,2024-11-25
9347899940,3574552221,322585352.99,311.51,0.0,218926.42,373.9,2024-11-25
8906508432,2145286589,83865027.35,77.0,0.0,1623.59,230.43,2024-11-25
8906508432,7105944179,62052838.53,141.68,0.0,5717.56,255.83,2024-11-25
8564269730,2290518834,121420494.27,1587.49,0.0,101170.74,2164.43,2024-11-25
8564269730,3816969198,122922039.81,1711.56,0.0,120799.61,1708.46,2024-11-25
3457456980,7851040508,172337672.72,1327.76,0.0,53609.74,1590.46,2024-11-25
3457456980,4772388606,2195813389.48,24752.79,0.0,1750100.91,24937.77,2024-11-25
4786168179,5408092787,6535200.0,3.96,0.0,15.18,3.78,2024-11-25
4786168179,3433689330,3342288.0,6.93,0.0,75.89,6.62,2024-11-25
7676611041,4383355009,699631684.54,25.45,0.0,141581.33,83208.67,2024-11-25
3610097806,3451531026,11276327.94,16.63,0.0,484.58,15.06,2024-11-25
6876393557,8928186552,72424528.95,0.0,0.0,4934.16,1610.5,2024-11-25
6876393557,2685978600,140575158.41,11.3,0.0,44453.04,3805.64,2024-11-25
2071901562,5790044076,5587497.0,1.82,0.0,10.97,1.95,2024-11-25
6849650164,2656330342,387867043.07,15.95,0.0,124.65,16.32,2024-11-25
4688974689,7185782165,1047118355.62,553.29,0.0,79945.33,8324.94,2024-11-25
6292432130,3590118124,1315070757.11,1134.97,3.87,48417.98,1237.38,2024-11-25
4969504105,6126702802,332884278.06,202.77,3.91,5792.07,397.57,2024-11-25
8000140564,2753947240,79446479.74,36.37,4.2,240.3,34.42,2024-11-25
5928471422,3266634425,269563060.0,167.96,4.17,9696.12,154.28,2024-11-25
3144474603,3883882510,110869261.0,42.69,4.4,518.41,41.68,2024-11-25
8000140564,7567478824,265834364.75,81.35,13.66,745.39,76.98,2024-11-25
3878840424,5690205900,252411692.61,461.36,11.86,80657.86,580.56,2024-11-25
4571331389,7373867838,66839659550.67,2926.7,2.92,211604.54,3106.79,2024-11-25
6292432130,7485219380,931464196.94,760.55,2.9,50729.17,794.03,2024-11-25
4765961919,7607483967,1030365236.5,333.26,3.01,284433.87,57876.08,2024-11-25
6853780578,7489097484,225114139.25,150.55,2.78,3730.84,174.22,2024-11-25
8698180854,3222226374,162213890.57,291.43,3.02,8018.0,1318.65,2024-11-25
4139303472,4229325786,68461641.16,124.94,2.77,2909.9,275.64,2024-11-25
1293703091,4750419406,3188325885.12,34135.53,11.27,646788.68,203894.64,2024-11-25
1430064570,6419812257,146381295.63,60.42,11.1,544.0,54.2,2024-11-25
2901644731,3377938243,3376908147.9,5582.28,11.18,551394.42,19499.97,2024-11-25
8000140564,9920379687,157522542.67,79.44,7.35,184.08,75.17,2024-11-25
3144474603,5687911352,354266033.51,64.58,7.7,450.32,63.05,2024-11-25
9061489677,3538890159,325082446.0,48.6,2.13,814.41,43.42,2024-11-25
4434935446,1142044751,1236504.2,1.84,1.92,152.64,24.88,2024-11-25
3979990204,6307478183,263106265.65,95.08,2.1,6298.75,816.04,2024-11-25
9999862340,2731598159,1301173267.19,159.25,2.11,242750.0,81931.19,2024-11-25
5048405933,9197432099,74507560.0,30.35,1.96,152.7,30.46,2024-11-25
4260952526,9269169364,229504465.47,207.36,2.05,7822.15,402.95,2024-11-25
7486359225,4811656025,122775587.41,3.18,2.11,23187.34,9747.07,2024-11-25
9095094092,6413476554,174979384.14,241.33,5.85,11370.58,284.05,2024-11-25
6292432130,6452905443,565045395.76,347.35,5.8,14433.48,392.47,2024-11-25
6287055608,8073283371,130025681831.82,279.52,6.46,3996.21,277.34,2024-11-25
6287055608,9574689388,2911946945.41,10.93,6.46,300.76,10.84,2024-11-25
3144474603,4274346245,73756548.0,25.18,6.6,326.84,24.58,2024-11-25
8399250647,3678641816,1101952230.14,347.39,6.07,68035.0,3373.58,2024-11-25
7954325167,6506295216,736818268.0,83.58,1.07,1275.35,86.56,2024-11-25
7954325167,8964027578,52116214.59,0.96,1.07,5889.77,4343.18,2024-11-25
4434935446,3536882226,7550846.37,3.67,0.96,104.29,3.98,2024-11-25
8000140564,2662654131,81935311.17,39.24,1.05,147.81,37.13,2024-11-25
8000140564,8689306085,97776953.92,67.0,1.05,8427.8,72.46,2024-11-25
8000140564,9033483068,40647852.14,15.31,1.05,1235.06,132.23,2024-11-25
8000140564,6835413833,86778786.26,40.2,1.05,310.13,39.85,2024-11-25
1430064570,3999456724,120105680.0,31.86,0.92,705.23,28.58,2024-11-25
1430064570,8080751021,120246605.0,29.66,0.92,766.55,26.61,2024-11-25
6853780578,7255015719,30199524.0,15.51,0.93,25.02,17.95,2024-11-25
3144474603,7281889257,27803155.6,33.93,1.1,345.0,33.13,2024-11-25
3144474603,5869584462,100115646.0,37.22,1.1,180.67,36.33,2024-11-25
6591765169,6064052387,58035744.41,144.0,0.96,1475.93,146.95,2024-11-25
4260952526,2659546832,206394920.0,339.51,1.02,1324.44,287.43,2024-11-25
6912959742,7514738114,91582285.2,1822.74,0.93,35329.29,1988.31,2024-11-25
5479808415,6746622336,19772675.0,10.86,1.06,17.51,9.92,2024-11-25
8180638008,3268576036,2869074473.92,1527.87,1.01,40803.43,1578.96,2024-11-25
7486359225,4929620447,6766681.33,1.06,1.06,1203.82,875.32,2024-11-25
2826827076,7917601552,50067129.64,169.73,0.99,1786.97,177.01,2024-11-25
2826827076,2307771009,59935069.14,569.33,0.99,6136.04,593.75,2024-11-25
1672862023,2557683416,58747447.51,282.27,1.06,7559.35,316.34,2024-11-25
6850670091,9511860235,365720.0,1.09,1.01,92.21,1.04,2024-11-25
6876393557,7363795064,393002198.33,54.44,0.98,118476.55,10338.99,2024-11-25
6629749215,6829243539,146277834.22,46.64,0.95,2839.46,103.36,2024-11-25
8399250647,4847824106,86199552.51,30.59,1.01,357.31,30.69,2024-11-25
4688974689,4016868787,873048854.08,493.11,1.0,34783.1,7223.96,2024-11-25
4688974689,8541871283,216689654.18,83.42,1.0,4881.57,1582.85,2024-11-25
8000140564,9621784460,143110828.51,64.13,5.25,146.9,60.68,2024-11-25
8000140564,7159278524,91867312.98,76.57,5.25,3979.95,76.98,2024-11-25
2899793385,6378031866,45933115.99,94.73,5.2,12445.62,250.97,2024-11-25
4688974689,5647068373,1095733244.42,252.36,4.99,3066.43,242.97,2024-11-25
2415874979,4996100541,93218997.0,5.48,0.0,17.89,6.28,2024-11-25
4688974689,6575206573,16747654.34,6.34,0.0,77.24,6.1,2024-11-25
3144474603,9479639228,39294015.0,9.85,2.2,243.32,9.62,2024-11-25
6591765169,7816992429,6844200.0,8.88,0.0,98.01,9.06,2024-11-25
4786168179,5719045659,24077544.0,8.9,0.0,28.19,8.51,2024-11-25
3144474603,7735661983,57661801.0,12.04,2.2,95.33,11.75,2024-11-25
1430064570,8671464923,32074530.0,15.38,0.0,219.58,13.8,2024-11-25
3144474603,2433395297,81758053.0,15.32,3.3,249.67,14.96,2024-11-25
8000140564,1794260163,72253622.0,17.23,0.0,92.49,16.3,2024-11-25
4434935446,1810470943,16223607.5,8.27,0.96,218.06,17.92,2024-11-25
6096057999,6436369303,61223379.92,1.01,0.0,12148.68,20.09,2024-11-25
1430064570,4765257026,60128000.0,21.97,0.0,416.41,19.71,2024-11-25
8000140564,8427882277,40640754.0,19.14,2.1,52.59,18.11,2024-11-25
3144474603,5914937715,82349247.0,21.89,5.5,236.96,21.37,2024-11-25
4969504105,2995206711,43430802.98,20.08,0.0,186.66,22.29,2024-11-25
7401912762,9608921836,9662215.22,25.38,0.0,336.58,25.41,2024-11-25
8000140564,9927481046,51368366.0,22.97,4.2,194.96,21.74,2024-11-25
8000140564,7369273684,23627272.3,22.97,1.05,837.88,21.74,2024-11-25
8000140564,2811877026,12340230.6,24.88,2.61,170.48,23.55,2024-11-25
2373677586,5193588750,73665822.5,27.01,42.34,417.34,27.38,2024-11-25
8000140564,9909230565,91286482.0,24.88,4.2,212.19,23.55,2024-11-25
3144474603,4367602894,23733155.93,28.46,1.1,128.92,27.78,2024-11-25
1020002691,8467043498,263929250.0,54.46,0.0,502.05,50.21,2024-11-25
5509067989,9673455954,86535720.0,53.65,0.0,350.21,58.3,2024-11-25
8000140564,7979078816,117160568.16,50.73,3.15,2517.28,48.91,2024-11-25
3155375047,8290166887,185682092.96,62.9,20.04,237.87,56.2,2024-11-25
8000140564,6986423266,51984846.44,54.55,4.21,572.19,57.06,2024-11-25
9251961671,7575884773,165588910.0,28.07,0.0,58.39,31.2,2024-11-25
9251961671,1397988471,688834811.97,2921.73,302.16,106377.99,12125.31,2024-11-25
9251961671,3403659950,353220376.27,105.93,0.0,70067.33,7166.28,2024-11-25
9251961671,7156583675,489002688.62,265.28,110.3,147536.92,6067.18,2024-11-25
4195391340,9934713171,3239936084.88,409.91,5.86,11932.91,406.14,2024-11-25
4195391340,3629968085,3822685632.67,577.07,11.14,16139.48,571.76,2024-11-25
4195391340,4162756987,1848595237.0,163.96,3.33,2379.75,162.45,2024-11-25
4195391340,6812326356,268729537.0,53.23,2.96,804.94,52.74,2024-11-25
4195391340,5353159573,2873783922.84,1264.86,4.73,83305.16,1253.22,2024-11-25
4195391340,4978576353,15266365476.24,2979.03,158.28,369457.85,8605.87,2024-11-25
4195391340,5232571047,872287754.0,117.12,1.96,1975.43,116.04,2024-11-25
4195391340,1940636587,1573912476.54,1035.95,6.47,85544.6,1560.2,2024-11-25
4195391340,7947044794,4695106456.31,3588.04,19.76,962017.9,5760.81,2024-11-25
4195391340,9190697408,187084421.23,57.49,1.64,5381.67,1472.64,2024-11-25
4195391340,1489150798,2769234923.59,1383.05,13.63,92670.01,3434.75,2024-11-25
4195391340,9508032118,285970293.32,43.65,2.48,9294.69,1933.63,2024-11-25
4195391340,3368646826,307617536.0,104.34,1.79,15068.68,3886.25,2024-11-25
5213587138,3094106768,778981392.0,174.61,39.61,3808.92,168.09,2024-11-25
5213587138,6460754568,218988153.89,194.87,16.66,7121.24,195.96,2024-11-25
5213587138,3110143732,1099167093.22,405.17,42.9,33896.92,595.3,2024-11-25
5213587138,3912305227,315361451.37,53.06,17.72,10334.25,2402.55,2024-11-25
5213587138,7336854083,6282108.0,2.89,1.09,3.97,2.79,2024-11-25
5213587138,4622642131,218524832.23,160.14,41.24,1059.74,154.16,2024-11-25
5213587138,2487448392,240006545.87,53.06,7.56,7324.85,237.75,2024-11-25
5213587138,8394430387,263541035.45,66.56,27.13,1967.53,65.01,2024-11-25
7383324448,4679243793,29222073.0,9.73,0.0,160.02,9.4,2024-11-25
7383324448,5051082658,15903479.31,16.22,0.0,190.08,15.66,2024-11-25
7383324448,9466691561,15201519.43,9.73,0.0,55.28,9.4,2024-11-25
7383324448,5277806011,17235357.3,8.65,0.0,116.38,8.35,2024-11-25
7383324448,4337750790,33536986.54,19.46,2.94,283.18,18.8,2024-11-25
7383324448,3877900334,11519928.0,29.19,0.0,426.71,28.2,2024-11-25
7383324448,4890778267,84374811.0,18.38,0.0,225.96,17.75,2024-11-25
7383324448,1497719860,246026266.96,65.95,0.0,925.19,63.7,2024-11-25
7383324448,2972921462,93252951.0,17.3,0.0,224.02,16.71,2024-11-25
7383324448,7300413707,101886293.61,109.2,5.42,18304.98,108.61,2024-11-25
7383324448,5479883217,78539231.23,70.28,1.81,516.9,67.88,2024-11-25
1350574641,9434768408,3517209400.3,6486.67,180.51,714253.96,6643.02,2024-11-25
1350574641,1740321088,11122797335.71,6374.55,613.8,232849.24,6413.23,2024-11-25
1350574641,9975320653,567721723.5,490.03,30.09,40998.25,493.0,2024-11-25
1350574641,4756683233,440485063.63,156.77,2295.4,927045.9,134733.19,2024-11-25
1350574641,8826360405,572955930.0,357.14,21.03,70312.21,359.31,2024-11-25
8513664892,8860503080,1408875553.3,911.32,154.9,16355.36,943.85,2024-11-25
8513664892,8276517622,1559090135.55,1305.96,257.07,29747.47,1425.25,2024-11-25
6877336869,2788821594,10516461172.55,13079.33,592.91,1452403.57,14166.1,2024-11-25
6877336869,6047551061,82899548.86,82.66,2.81,9417.47,89.41,2024-11-25
6877336869,5472048469,981180053.97,781.3,72.77,26171.62,845.13,2024-11-25
6877336869,1543102856,492414014.01,396.55,25.38,10828.05,428.95,2024-11-25
4482504627,2446577130,2532278204.04,1646.34,17.35,7383.14,1759.24,2024-11-25
4482504627,8798004302,396959085.0,2588.97,1171.02,92072.78,2894.16,2024-11-25
4482504627,3502651069,1779744199.7,1059.3,268.81,26814.8,3202.33,2024-11-25
9407111886,8458218697,263633964.0,49.22,15.58,115.98,46.87,2024-11-25
9407111886,5687828130,1801417407.39,98.44,20.36,345.86,93.74,2024-11-25
9407111886,9875480375,6800256679.52,695.97,275.77,42924.49,4613.88,2024-11-25
7545204145,7383630212,45021000.45,36.09,0.95,19129.07,6517.97,2024-11-25
7761714523,5162629915,616669596.17,925.05,0.37,19053.57,1062.59,2024-11-25
7761714523,2258782074,86654756.34,1753.98,17.15,125263.21,2014.77,2024-11-25
7761714523,1503707132,111017149.3,720.44,35.36,31251.46,827.55,2024-11-25
1591927154,8003109042,3481581434.67,2697.67,89.56,42619.7,2686.11,2024-11-25
1591927154,2895792806,3557243108.58,2345.44,108.95,37631.14,2335.39,2024-11-25
1591927154,2374214424,204341226.31,440.54,292.69,3377.29,1030.68,2024-11-25
4096109405,1082572444,31016832.0,10.72,0.92,160.15,10.43,2024-11-25
4096109405,4862761370,235449984.0,31.09,0.92,999.37,30.25,2024-11-25
4096109405,2998977824,66025344.0,15.01,0.0,811.45,14.6,2024-11-25
4096109405,7527921894,147258496.0,23.59,1.83,990.83,22.95,2024-11-25
4096109405,1907218334,37462656.0,8.58,0.0,325.65,8.34,2024-11-25
4073978577,2412713281,669840056.66,201.21,93.16,3237.8,218.76,2024-11-25
4073978577,3545887451,47828620.0,21.66,10.96,223.6,23.54,2024-11-25
4073978577,6158524322,14997120.14,4.51,0.0,4317.07,3881.82,2024-11-25
4073978577,6519406958,140435403.33,138.95,37.26,1723.25,151.07,2024-11-25
9079538262,4404421686,145483582.92,333.5,381.84,22568.18,369.82,2024-11-25
6005829971,4304584543,155438920.92,304.39,255.8,28225.82,352.25,2024-11-25
3483707322,4485439868,161222198.26,311.32,650.92,15408.18,322.08,2024-11-25
6487975423,4413950909,924192724.95,635.39,7.17,33233.95,1001.25,2024-11-25
6487975423,1796798028,489200114.08,277.24,5.06,21047.17,457.95,2024-11-25
6487975423,9367414059,1355639815.0,834.46,24.13,92530.0,1262.49,2024-11-25
3501640769,2331428672,30145148.51,17.16,2.02,378.96,42.04,2024-11-25
3501640769,3505867541,2377076.0,6.67,2.78,18.34,6.54,2024-11-25
3501640769,1666070295,59783084.94,7.63,4.43,123.26,24.29,2024-11-25
3501640769,4165720224,23065509.52,235.49,2.02,13563.99,234.51,2024-11-25
3600040380,8669313064,4874978658.08,3096.98,16.37,389896.88,14819.68,2024-11-25
3600040380,3672066950,2786586988.44,1870.38,26.63,2136218.27,3967.25,2024-11-25
3600040380,8722360619,2654034821.7,837.34,49.57,42489.5,8316.96,2024-11-25
3600040380,9092437557,1536321365.66,12243.56,25.01,376078.18,28116.33,2024-11-25
3600040380,5396238075,736941981.66,259.86,8.83,30501.73,1580.3,2024-11-25
3600040380,4392194616,814096035.14,302.64,27.15,16172.49,4111.89,2024-11-25
3600040380,9144131453,297309452.29,5056.12,0.0,169146.24,4650.62,2024-11-25
3600040380,6841605576,277663471.17,122.98,0.27,4342.91,111.63,2024-11-25
3600040380,2383968225,4932630575.01,360.39,30.78,973685.61,978072.47,2024-11-25
7180277247,9604138681,88608705.0,35.87,0.0,105.46,40.4,2024-11-25
7180277247,1658840432,93095881.05,20.36,6.55,242.48,22.93,2024-11-25
7180277247,2669966094,100877346.01,14.54,1.87,179.38,16.38,2024-11-25
8324519661,9279903724,2530416.76,5.88,0.0,201.85,5.55,2024-11-25
6111885933,5614632723,49814542.0,12.47,3.38,145.66,11.27,2024-11-25
6111885933,2648107141,640650474.45,159.98,34.79,1896.34,144.67,2024-11-25
6111885933,7893657813,116831228.0,27.01,0.0,376.28,24.42,2024-11-25
3550535444,8777719213,576825325.79,97.89,29.3,1303.47,106.89,2024-11-25
3592936300,6606509525,49320631.1,28.95,0.0,622.63,27.27,2024-11-25
3592936300,9502266016,37131955.33,41.82,0.0,731.51,37.98,2024-11-25
3592936300,3669934874,82153099.88,20.37,0.0,404.87,18.5,2024-11-25
7869137619,2352084330,280843158.7,343.86,6.18,804.87,318.02,2024-11-25
7869137619,1040208115,163121767.29,209.16,29.15,8576.34,197.5,2024-11-25
7869137619,9295737134,286470115.07,421.61,7.0,13266.49,409.17,2024-11-25
7869137619,1491766291,517666288.08,1045.82,29.93,40037.97,968.24,2024-11-25
7869137619,7819848755,427593968.81,893.6,11.81,147553.97,1180.92,2024-11-25
7869137619,7216313258,10175925.95,5.48,0.0,90.25,16.2,2024-11-25
7869137619,2736534320,33980905.76,7.67,0.0,933.79,27.35,2024-11-25
7869137619,1951770677,138194454.33,572.74,11.92,99610.99,950.01,2024-11-25
7869137619,5727693856,45700079.36,35.04,4.27,1200.85,50.64,2024-11-25
2672329958,5026756656,4643427.0,0.99,0.0,606.49,1.08,2024-11-25
2672329958,8403774764,364518984.31,243.54,0.0,33058.82,985.38,2024-11-25
2672329958,2994202305,2788062.0,1.97,0.0,82.83,2.16,2024-11-25
2672329958,5195544539,986122327.44,439.76,29.28,3704.62,480.83,2024-11-25
2672329958,9880426255,111451927.99,26.62,0.0,14418.6,29.11,2024-11-25
2672329958,1133297879,47296215.41,7.89,0.0,7096.0,8.62,2024-11-25
2672329958,3187528652,69926251.75,44.37,0.03,361.8,48.51,2024-11-25
2672329958,3674379497,4362615.0,2.96,0.0,23.8,3.23,2024-11-25
2672329958,5257646125,30801362.66,21.69,0.0,501.76,23.72,2024-11-25
2672329958,1991332580,28923272.95,37.47,0.0,753.11,67.92,2024-11-25
2672329958,7367371014,3329886143.45,2301.32,79.58,6320.99,2516.29,2024-11-25
2672329958,2316648692,1208274863.9,522.58,32.62,3001.97,571.39,2024-11-25
2672329958,8045212593,8584824.0,5.92,0.0,577.92,6.47,2024-11-25
2672329958,7076139057,150893578.03,305.66,4.67,4767.16,334.21,2024-11-25
2672329958,4892717709,3901281.0,0.99,0.0,444.63,1.08,2024-11-25
2672329958,1796779381,14241180.0,27.61,0.0,712.17,30.19,2024-11-25
2672329958,6577302930,112106424.54,126.21,5.79,470.34,138.0,2024-11-25
2672329958,4695594436,1484292.0,1.97,0.0,235.17,2.16,2024-11-25
2672329958,9016137510,58274970.74,65.08,1.25,225.65,71.15,2024-11-25
2672329958,3654815198,393001570.97,73.95,0.0,29119.98,20979.83,2024-11-25
2672329958,2903658545,4342557.0,4.93,0.0,421.78,5.39,2024-11-25
2672329958,1847005861,176394438.68,188.33,5.02,704.55,205.92,2024-11-25
2672329958,3125094279,5374739.67,10.85,0.0,4016.91,16.17,2024-11-25
2672329958,9511976970,380888175.7,263.26,8.27,1019.7,287.85,2024-11-25
2672329958,6350769054,60896088.0,29.58,0.0,591.25,32.34,2024-11-25
2672329958,5326493874,87894681.52,647.8,0.0,19376.19,5009.93,2024-11-25
2672329958,3831694056,19665272.38,176.49,0.0,5186.09,1261.38,2024-11-25
2672329958,5362926328,41843142.23,149.87,0.0,47170.84,23891.77,2024-11-25
2672329958,6942829596,15043288.39,164.66,0.0,3664.63,1116.91,2024-11-25
2672329958,9211984685,10209618.28,65.08,0.0,1975.61,487.3,2024-11-25
2672329958,1167487033,7912881.0,4.93,0.0,8.57,5.39,2024-11-25
2672329958,7219058823,12115032.0,9.86,0.47,18.09,10.78,2024-11-25
2672329958,1211818461,41345621.59,135.08,0.0,56911.78,33100.9,2024-11-25
2672329958,6319136040,140320879.87,1687.05,0.0,43155.84,13084.9,2024-11-25
8347115882,2135211737,4731656117.61,1943.0,105.72,173134.98,2890.59,2024-11-25
8347115882,7930638749,684453228.65,142.41,16.15,15315.43,5072.13,2024-11-25
8347115882,3746656817,189891064.0,9.75,0.0,48.83,10.46,2024-11-25
8181642239,9366896534,474071216.11,354.01,4.17,14226.54,425.34,2024-10-04
8181642239,9860661686,24222219.0,43.24,1.04,2647.07,51.95,2024-10-04
8181642239,2824471977,31861032.0,157.64,0.02,25945.95,189.4,2024-10-04
8181642239,6878121145,76350822.0,153.14,6.3,8327.09,183.99,2024-10-04
8181642239,7102733264,234499434.0,294.56,2.09,18019.58,353.91,2024-10-04
8181642239,5471548278,32831040.0,80.17,1.04,7698.45,96.32,2024-10-04
8181642239,6658554190,30872370.0,49.54,7.31,2359.78,59.53,2024-10-04
8181642239,9801992902,150920187.0,777.39,20.87,94758.1,934.02,2024-10-04
8181642239,3965833100,74821194.0,221.6,5.22,13032.87,266.25,2024-10-04
8181642239,5685356628,1276193569.61,908.91,19.83,18914.3,1092.04,2024-10-04
8181642239,8265655789,1063043115.36,790.9,13.57,21298.47,950.26,2024-10-04
8181642239,5810359398,366490651.71,336.0,12.52,17893.43,403.7,2024-10-04
8181642239,3582622100,243803893.44,440.49,16.7,13120.86,529.24,2024-10-04
4590233378,1716425741,1776426370.46,1557.26,49.95,11950.45,2930.78,2024-10-04
9565398844,4932352743,4993449112.97,1450.81,91.71,11894.34,2250.79,2024-10-04
9565398844,8260044871,3867816234.04,1567.44,79.64,9899.9,1538.38,2024-10-04
9565398844,9316316207,5197202859.25,3732.0,214.1,36328.55,3662.8,2024-10-04
9782017208,6945741994,129936058509.78,471843.9,94109.05,16873336.56,4038502.44,2024-10-04
5158673107,3698137269,5247711420.08,6679.31,35034.37,703081.81,145302.77,2024-10-04
2338105289,6846572130,538742319.91,827.38,391.81,2948.76,810.14,2024-10-04
2338105289,5118711289,173503493.57,563.69,193.56,6455.36,576.27,2024-10-04
2756827689,3668065024,81314459.47,2924.63,1072.03,33067.7,12585.51,2024-10-04
1035543794,9730564285,10672221429.15,33696.91,724.37,1962616.33,31669.39,2024-10-04
1035543794,6335684328,1201337734.72,3158.95,43.39,235641.61,3023.97,2024-10-04
1035543794,3028312303,2298318217.86,8523.47,144.41,709219.96,8010.68,2024-10-04
1035543794,4007318043,23092319132.12,64238.04,1208.95,4358479.47,60188.4,2024-10-04
1035543794,3572750171,1294890773.63,4514.6,120.38,233578.04,4190.05,2024-10-04
1035543794,1807732047,3915163477.89,11613.8,242.61,550713.91,10845.53,2024-10-04
1035543794,4158408252,92165462.47,513.12,8.04,35872.54,478.19,2024-10-04
1035543794,6726098895,401279195.73,1046.3,12.85,51395.26,971.08,2024-10-04
1035543794,6376026786,277072507.46,1047.35,9.59,80639.59,972.06,2024-10-04
1035543794,5195913239,35501195.29,100.3,0.0,8964.93,93.09,2024-10-04
1035543794,2752917760,820075273.53,1348.26,107.06,111860.01,1268.97,2024-10-04
1035543794,5321997374,10780966845.82,37491.46,628.3,2487655.02,34908.94,2024-10-04
1035543794,9053347342,933640822.92,1926.83,7.65,126111.93,1788.32,2024-10-04
1035543794,3910991376,1263884205.0,2293.2,27.01,173546.48,2128.34,2024-10-04
1035543794,4088242496,13147587.0,34.84,2.86,351.04,32.34,2024-10-04
1035543794,5218888928,4108743871.26,10214.86,186.73,763352.07,9480.53,2024-10-04
1035543794,4474940371,8137327959.24,21326.1,464.57,1558468.74,19793.0,2024-10-04
1035543794,6993590041,144301019.81,442.38,5.72,30145.95,412.54,2024-10-04
2656837900,1072430225,1454037581.27,4477.24,135.59,86104.69,4393.96,2024-10-04
2656837900,6913745275,263667168.0,822.82,14.75,15512.07,807.51,2024-10-04
2656837900,2037772526,148859664.0,503.24,8.79,8872.55,493.88,2024-10-04
2656837900,1382432916,18297648.0,71.59,0.0,3734.96,70.26,2024-10-04
2656837900,1252682934,33448704.0,67.44,4.62,1866.06,66.19,2024-10-04
2656837900,5429175304,1712909856.0,34102.8,1461.46,44675.81,33468.47,2024-10-04
8842840036,8273252362,244261330.3,843.31,43.75,43180.21,761.36,2024-10-04
8842840036,7145950917,122326395.54,436.62,17.1,28270.26,396.99,2024-10-04
8842840036,6495955476,885225593.02,4056.55,219.16,282283.06,3662.37,2024-10-04
8842840036,2183479825,130057365.07,492.36,10.37,35253.97,444.52,2024-10-04
4126844175,7977352067,157588912.0,3744.67,122.13,5435.84,4010.4,2024-10-04
9058771111,7872450852,711432637.0,1242.24,13.7,94267.21,1105.08,2024-10-04
5445022053,9801716838,447649952.42,1672.4,17.61,14499.1,1711.15,2024-10-04
2595365035,1075751872,92556510.12,302.55,10.23,2842.77,267.95,2024-10-04
2595365035,9169516187,299909984.69,959.96,13.47,52402.38,868.33,2024-10-04
3886905599,5894201699,558800557.0,1312.86,27.35,62930.48,1193.74,2024-10-04
1757896755,3355555497,1480052380.1,1268.67,27.84,7838.44,1163.3,2024-10-04
4695215334,3340990657,1747401653.03,601.07,14.58,106780.86,4435.78,2024-10-04
4695215334,7979269146,301618080.0,82.67,0.0,2185.43,87.85,2024-10-04
3618949692,4344615357,1593542207.59,1065.57,35.36,5041.34,1128.66,2024-10-04
3618949692,6013351162,47877060.0,37.35,0.0,188.74,39.57,2024-10-04
3618949692,8423532216,982232944.42,358.8,13.29,4350.2,380.04,2024-10-04
3618949692,3238401785,7358989708.66,3767.84,123.1,722020.68,11697.88,2024-10-04
5007176908,9655669412,12465520.0,17.79,5.11,84.89,15.76,2024-10-04
5007176908,8176883866,60098596.0,86.88,11.24,355.93,76.93,2024-10-04
3539058667,2770179294,1206425681.39,186.44,113.41,2449.25,189.08,2024-10-04
2830511829,8805696106,746442111.0,3960.9,210.0,80205.13,9026.9,2024-10-04
2830511829,7144493587,326957565.0,77.59,42.39,1083.51,70.79,2024-10-04
2830511829,3860904482,3460660878.26,579.91,305.37,1772.29,529.07,2024-10-04
2830511829,4777687174,893953993.49,184.02,104.04,2233.13,167.89,2024-10-04
2344918624,8848571191,956720779.85,500.55,103.52,2039.89,483.05,2024-10-04
1638662180,8640916512,85510544.0,226.7,6.38,1292.02,202.73,2024-10-04
1638662180,3523438294,6124093857.73,19759.29,1716.59,237242.26,17684.48,2024-10-04
1638662180,7105264940,3948021056.0,1695.4,320.85,5197.56,1516.14,2024-10-04
1295015522,9037273603,42951028608.35,7658.16,129.22,14558916.88,3101896.32,2024-10-04
5594503139,6933386075,4995051559.94,72333.09,2131.03,108667.97,63033.12,2024-10-04
3963576121,4063122935,2509698459.27,2359.31,34.93,10080.98,2095.43,2024-10-04
3963576121,3837806828,1055156251.38,917.33,8.58,3203.36,814.73,2024-10-04
3963576121,3461504551,2400553120.15,2200.52,71.25,12525.49,1954.4,2024-10-04
3963576121,6515712055,586049753.38,476.37,13.3,1508.7,423.09,2024-10-04
3963576121,5268390668,132715618.85,159.86,7.59,1083.78,141.98,2024-10-04
7963919960,6232421926,2216094452.88,6214.8,0.0,60680.09,7020.64,2024-10-04
3059796702,8864383469,1983830513.55,9216.08,1697.71,2391615.84,144983.61,2024-10-04
3059796702,2000353642,1110424710.26,3122.79,408.62,79325.1,25058.48,2024-10-04
3059796702,5926641707,17507434493.65,86496.08,93805.07,20530574.15,1329421.2,2024-10-04
2902900350,6611122365,29526908138.99,56919.94,1895.12,5137662.95,67928.11,2024-10-04
2902900350,6323160974,58936610711.32,47353.06,1099.56,3032209.88,53980.85,2024-10-04
2902900350,4009336267,1903226040.85,2244.83,41.21,227157.08,2559.03,2024-10-04
2902900350,2551761952,3779168988.03,8010.27,173.52,568887.55,9131.43,2024-10-04
2902900350,6452399867,20450165468.9,20746.7,795.41,2346757.22,23650.52,2024-10-04
2902900350,9437400903,12516709295.34,29531.11,807.55,1546745.31,33804.51,2024-10-04
2902900350,6045022501,3706538162.86,10844.49,553.68,638270.51,12371.82,2024-10-04
2902900350,9324158241,13354343590.0,27400.83,555.55,2081230.24,31968.96,2024-10-04
2902900350,9875099280,14747637760.42,15786.82,341.46,1000252.49,17996.43,2024-10-04
2902900350,9013986967,17810119652.89,24752.3,657.6,1757926.21,31320.25,2024-10-04
2902900350,6070159021,7752153367.6,10655.11,417.46,819658.43,12334.96,2024-10-04
2902900350,5096065509,3672227120.39,13042.21,189.52,1207271.18,14867.67,2024-10-04
2902900350,7843453157,9778976520.94,30808.73,1063.22,1587705.86,58073.2,2024-10-04
2902900350,7319587305,12005402331.79,52756.37,869.6,3250519.36,60140.43,2024-10-04
2902900350,4200568857,998623087.0,4225.46,225.12,368876.24,4816.88,2024-10-04
2902900350,7459071150,4176826836.18,12811.26,616.21,721096.57,14604.39,2024-10-04
2902900350,7345301105,10955480778.43,18973.93,446.86,1344641.28,21629.62,2024-10-04
2902900350,7295659962,4845791234.25,15022.84,483.62,987906.25,17131.83,2024-10-04
2902900350,8019489161,31005891060.71,64994.87,2666.57,4498800.58,74091.9,2024-10-04
2902900350,5836072222,26949637482.39,106018.06,2806.0,7720774.31,121861.57,2024-10-04
2902900350,4973133192,21703013854.65,26409.59,624.25,1231510.17,30106.02,2024-10-04
2902900350,6746883324,7964323455.72,7979.78,190.15,507318.96,9096.68,2024-10-04
2902900350,2486502180,3138327020.88,11054.19,341.14,783148.95,12601.39,2024-10-04
2902900350,5509512406,23163765047.38,87567.93,2523.73,7453444.48,100559.47,2024-10-04
2902900350,3379371919,1598161078.89,6931.27,284.73,464997.94,8021.46,2024-10-04
2902900350,3705418823,4432181380.63,15892.13,313.43,1131628.24,18116.48,2024-10-04
2902900350,7852007481,1572911912.77,3561.25,114.41,178951.8,5114.91,2024-10-04
5568905640,8331341244,295252337.86,283.55,3.2,12470.69,293.85,2024-10-04
5568905640,9681771290,144778921.0,164.21,6.26,9500.08,170.18,2024-10-04
5568905640,7400537566,551950618.0,717.93,11.19,42187.59,744.03,2024-10-04
5568905640,3795086457,95483455.0,166.12,2.01,7528.49,172.16,2024-10-04
5568905640,9444128794,371689289.0,517.45,5.36,29325.72,536.25,2024-10-04
5568905640,5101331446,408324322.0,682.61,28.79,29898.28,707.42,2024-10-04
5568905640,4094561929,941137463.59,2059.29,41.45,70156.44,2134.14,2024-10-04
5568905640,4561323400,41789572.0,66.83,3.02,3255.91,69.26,2024-10-04
2656837900,7483745038,0.0,0.0,0.0,71.88,0.0,2024-10-04
2656837900,8968503965,0.0,0.0,0.0,0.95,0.0,2024-10-04
2656837900,3550027521,0.0,0.0,0.0,4.73,0.0,2024-10-04
2656837900,4322763207,204744.0,1.04,0.0,39.72,1.02,2024-10-04
2656837900,2757176174,43104.0,1.04,0.0,112.55,1.02,2024-10-04
2902900350,1895816152,10087.0,0.92,0.0,3.03,1.05,2024-10-04
2656837900,2697824028,1864248.0,2.08,0.0,87.01,2.04,2024-10-04
8181642239,4167772456,391734.0,2.7,0.0,220.5,3.25,2024-10-04
2656837900,8590978411,1875024.0,3.11,0.0,52.96,3.05,2024-10-04
2656837900,7531249950,1605624.0,3.11,0.0,115.39,3.05,2024-10-04
3539058667,4902344444,2856052.0,2.99,1.07,33.33,3.03,2024-10-04
5568905640,2484790428,931321.0,2.86,0.0,149.02,2.97,2024-10-04
5568905640,2991650555,2941499.0,2.86,0.0,145.1,2.97,2024-10-04
2212125296,1158013787,76196081.21,4.07,0.0,60.46,8.54,2024-10-04
2212125296,6112711648,76692068.12,5.09,0.98,139.44,4.75,2024-10-04
3963576121,7420259622,3338335.0,5.36,0.0,35.99,4.76,2024-10-04
5007176908,2099106863,7183520.0,7.33,2.04,58.3,6.49,2024-10-04
2212125296,5303867796,166825824.0,7.13,0.0,88.73,6.65,2024-10-04
8181642239,4713999978,8636802.0,7.21,0.0,1109.92,8.66,2024-10-04
8181642239,5955936433,6165147.0,7.21,0.0,960.45,8.66,2024-10-04
1035543794,2904157192,1616617.68,9.5,0.0,90.69,8.82,2024-10-04
2830511829,6491765159,10871195.0,9.95,0.96,43.42,9.08,2024-10-04
3618949692,5988888032,19121025.0,10.81,1.07,42.85,11.45,2024-10-04
2656837900,5519481904,2058216.0,13.49,0.01,562.75,13.24,2024-10-04
3618949692,6102236756,17938998.0,12.78,0.0,57.44,13.54,2024-10-04
3963576121,5452206693,11961495.0,13.95,0.95,134.97,12.39,2024-10-04
2344918624,6354029885,14047920.0,15.33,2.18,40.15,14.8,2024-10-04
5568905640,5816261901,7598104.0,13.37,1.02,539.22,13.85,2024-10-04
2830511829,1809444259,18172180.0,14.92,0.96,42.43,13.61,2024-10-04
5568905640,2418257795,9451525.0,20.05,0.0,939.22,20.78,2024-10-04
5568905640,2271181821,3928146.0,21.0,1.02,627.46,21.77,2024-10-04
2656837900,6014370537,1918128.0,23.86,0.92,1224.81,23.42,2024-10-04
2212125296,6652402212,119963568.0,23.42,0.0,83.86,21.84,2024-10-04
5568905640,6534140596,13416555.0,21.96,1.06,1143.15,22.76,2024-10-04
8181642239,5765519280,26647239.0,22.52,0.0,1144.91,27.06,2024-10-04
5568905640,5877194390,25938673.0,24.82,0.0,789.22,25.72,2024-10-04
4695215334,7351226864,52046826.16,28.21,1.03,2829.59,65.11,2024-10-04
3963576121,9107766864,34024704.85,36.48,0.95,257.95,32.4,2024-10-04
5568905640,4859266669,7754861.0,33.41,1.02,2843.16,34.63,2024-10-04
8181642239,3811685231,50869458.0,33.33,0.0,1211.69,40.05,2024-10-04
3618949692,7453680893,138485886.0,36.37,3.19,763.18,38.52,2024-10-04
5426182721,8213946842,33401325.0,56.67,0.0,469.47,54.19,2024-10-04
3886905599,3588611877,15580934.71,76.26,1.15,1782.24,69.34,2024-10-04
3963576121,4168418729,76530844.3,79.39,2.93,517.9,70.51,2024-10-04
3618949692,2296553361,359119705.35,95.35,0.0,8016.55,649.71,2024-10-04
4590233378,7770677599,153906282.11,107.43,5.78,224.64,102.13,2024-10-04
4695215334,6209641996,652798586.36,98.23,2.06,2268.38,104.38,2024-10-04
9218342578,6819664604,36954666.0,101.79,2.55,7046.23,107.59,2024-10-04
8181642239,2031306506,119128162.67,127.91,2.09,5164.81,153.69,2024-10-04
9058771111,6989875358,32213734.98,147.0,8.17,607.01,130.77,2024-10-04
3963576121,6505395551,152279354.5,208.14,2.86,1035.79,184.86,2024-10-04
3886905599,3970824931,99025583.3,203.01,0.0,14142.8,767.4,2024-10-04
5568905640,1872370317,215527043.5,328.42,17.12,17032.49,340.35,2024-10-04
8842840036,1115575190,137353222.39,474.81,8.12,31152.82,428.67,2024-10-04
3886905599,5291960637,152825844.31,1087.18,14.37,3194.76,988.53,2024-10-04
2009937203,1059161998,83608435.92,93.29,5.02,6475.2,2215.09,2024-10-04
2009937203,5674742145,87210636.0,69.71,1.68,2778.86,71.45,2024-10-04
9061489677,9535527754,62781160.0,28.08,1.6,278.14,25.09,2024-10-04
7954325167,3348231639,847594312.0,170.04,17.78,1591.11,176.12,2024-10-04
7954325167,8234445409,492721604.0,709.0,97.08,5265.43,734.31,2024-10-04
7954325167,3042509830,665649270.83,335.28,9.07,7475.76,1131.32,2024-10-04
7954325167,8273398625,718012443.18,675.37,6.33,28198.13,1152.21,2024-10-04
7954325167,4215430353,255378557.11,1478.52,452.69,16238.14,1783.04,2024-10-04
7954325167,9112595358,2077924168.1,1239.3,23.23,27035.55,1546.23,2024-10-04
7954325167,8120927038,858877356.0,247.86,11.84,4153.09,256.71,2024-10-04
7954325167,1907675586,657417476.0,292.05,29.67,4039.29,302.48,2024-10-04
7954325167,6728383707,508087664.32,1105.77,62.41,50397.81,1148.23,2024-10-04
7954325167,5340206772,697118466.81,320.87,51.86,19843.77,334.32,2024-10-04
7954325167,1345886575,440690579.08,2542.97,21.34,91263.3,2633.76,2024-10-04
7954325167,2618600056,1750931612.29,1138.43,111.44,23867.68,2894.45,2024-10-04
2908459842,9570770806,257061730.35,119.9,8.78,602.39,136.41,2024-10-04
2908459842,4563707323,375143284.0,152.94,5.78,11175.42,174.0,2024-10-04
2908459842,2608223019,168531848.0,69.86,10.28,4514.43,79.48,2024-10-04
6617865151,8317646362,56048316.9,159.6,1019.37,41069.2,141.71,2024-10-04
6617865151,2393309764,135728908.44,166.11,0.55,1758.9,146.5,2024-10-04
6617865151,6882971632,343788593.03,763.25,94.85,31516.16,2544.08,2024-10-04
4434935446,6596566440,663990637.53,921.16,176.81,49058.49,2624.61,2024-10-04
4434935446,7192214337,442388967.43,265.42,155.67,6713.5,289.63,2024-10-04
4434935446,2989226273,129142652.55,37.65,30.75,1093.16,40.81,2024-10-04
4434935446,1620571336,110248347.61,46.84,25.94,4431.42,51.76,2024-10-04
4434935446,9161853591,103140942.62,58.78,46.12,1107.38,63.7,2024-10-04
4434935446,4358276183,82483832.45,37.65,15.37,555.59,40.81,2024-10-04
4434935446,1810470943,65930374.27,82.66,10.57,13708.58,1513.85,2024-10-04
4434935446,2809867366,197446397.86,112.04,93.21,2795.0,121.43,2024-10-04
4434935446,8765422900,442472689.62,474.81,91.29,5296.09,514.57,2024-10-04
4434935446,6680515663,3446968482.0,442.67,108.58,3592.35,479.73,2024-10-04
1885813372,9749556815,2634138115.71,3095.5,78.88,137853.97,42350.49,2024-10-04
1885813372,1641686735,38889046.86,191.29,86.87,1582.03,206.8,2024-10-04
1885813372,6390010854,80373301.56,379.59,340.09,7937.22,410.38,2024-10-04
1885813372,4363619017,67448767.0,597.78,503.32,11879.23,646.26,2024-10-04
1885813372,9001930207,94656543.84,831.91,648.41,22954.37,934.92,2024-10-04
1885813372,9713509274,70208385.97,479.22,411.71,9886.94,521.32,2024-10-04
1885813372,4749064720,62356343.07,543.98,460.97,17933.5,590.25,2024-10-04
1885813372,4925435346,32711677.7,351.69,278.42,8619.38,381.29,2024-10-04
3841673253,4709886055,631369915.58,117.69,3666.84,328818.39,217252.99,2024-10-04
3841673253,7126083100,1050208491.58,467.61,4207.1,878691.72,162977.48,2024-10-04
2600150899,2876450235,1749232170.0,1176.78,27.05,7072.24,1162.09,2024-10-04
8474378044,4448119828,491653800.0,367.49,1.88,6762.21,316.99,2024-10-04
8474378044,6167208021,352528110.0,1238.83,163.36,3299.91,1068.56,2024-10-04
6835683414,6993359403,2236213765.16,4022.17,676.72,241040.04,18776.66,2024-10-04
6835683414,4458422384,2532477764.44,39849.65,155.04,1681652.31,39257.2,2024-10-04
6835683414,3305626698,956212748.44,389.27,192.09,106292.51,67357.02,2024-10-04
3086145695,1782033956,528878174.85,629.47,4.33,9113.46,563.94,2024-10-04
3086145695,6335093711,182307758.0,254.76,0.05,6591.62,228.24,2024-10-04
3086145695,5853075766,1741382502.92,2284.35,10.65,14456.22,2046.55,2024-10-04
3086145695,8528996441,440602010.64,366.22,1.54,1736.37,328.09,2024-10-04
3086145695,3025673853,214099112.0,238.84,0.11,6574.1,213.97,2024-10-04
3086145695,7088147105,387974928.81,433.09,1.93,15202.25,388.01,2024-10-04
3086145695,7746993730,638251993.0,2050.82,62.09,759458.66,1837.33,2024-10-04
3086145695,7374326540,530051340.1,5493.26,3399.61,215672.18,4921.43,2024-10-04
3086145695,1291395621,3289046231.78,28334.62,16518.82,783729.46,25385.04,2024-10-04
5082057286,9057645034,1089787655.97,1068.51,10.8,98044.33,6859.64,2024-10-04
5082057286,5918784997,213380681.17,194.64,1.47,26464.89,210.2,2024-10-04
5082057286,6490168587,2893705604.06,2686.84,27.38,340205.57,7476.71,2024-10-04
5082057286,7983059613,582724303.57,4105.5,2522.5,92433.34,15141.77,2024-10-04
7017462971,5111421035,306346088.5,413.64,2.64,24381.25,403.37,2024-10-04
7757875170,1848559060,531107109207.52,2071.31,102.78,4625.87,2238.02,2024-10-04
7757875170,1507696332,728437178782.71,4279.07,221.56,194200.99,31734.02,2024-10-04
7757875170,5341551241,1524063012210.35,8804.46,1271.07,1135545.58,103288.41,2024-10-04
7757875170,7075266053,264293739183.33,548.5,318.9,414550.47,47416.99,2024-10-04
7757875170,9683495702,270234432303.77,306.76,187.75,570526.35,331.45,2024-10-04
4571331389,7924308711,58893711347.86,173.82,36.79,1663.35,184.07,2024-10-04
4571331389,2661434672,46976573118.26,139.46,31.81,2503.24,722.38,2024-10-04
8018066855,4788459244,106801299724.87,187.17,41.53,3380.21,1218.53,2024-10-04
8018066855,7567643025,38410985122.37,125.72,26.69,831.2,128.01,2024-10-04
2009975355,2260404453,105248831635.59,405.94,18.13,18178.33,487.19,2024-10-04
4539006085,5295510099,1904832474.31,1627.28,56.79,78954.92,10774.38,2024-10-04
4539006085,7037738587,6140587860.7,5798.63,183.07,427596.05,55234.41,2024-10-04
4539006085,2138725547,2919450395.73,5867.39,114.0,360305.87,7318.92,2024-10-04
8009589948,5571995140,4199536284.21,8846.53,6942.32,243270.99,8864.97,2024-10-04
8009589948,9864867232,2309488449.28,2724.35,45.84,255661.71,23424.12,2024-10-04
8009589948,4175437243,669363694.8,565.76,13.95,80217.62,11760.32,2024-10-04
3155375047,5530379259,699639996.29,417.26,25.22,3554.85,372.81,2024-10-04
1138743890,3988204634,10203915905.88,9604.57,1079.5,853451.08,130083.46,2024-10-04
1138743890,2133958043,210897630.46,162.07,14.55,7744.39,391.24,2024-10-04
1138743890,9485654731,2637514870.44,2894.79,155.49,213435.87,3609.96,2024-10-04
1138743890,2973779759,2254584752.31,3514.26,234.44,149531.84,5643.34,2024-10-04
7187956485,3538731235,313500562.88,309.41,378.58,11840.83,334.76,2024-10-04
7187956485,2512207212,2867088049.56,1930.58,1687.06,72344.7,2088.75,2024-10-04
7187956485,4948876257,530779296.0,400.03,687.47,7911.98,432.8,2024-10-04
7187956485,2626145410,316689619.5,209.63,411.27,8001.79,226.8,2024-10-04
7187956485,1936745141,437502215.2,2147.53,1921.78,78257.22,2323.48,2024-10-04
7187956485,9566513523,159332000.0,147.38,30.54,3042.61,159.45,2024-10-04
7187956485,8066112504,3126760550.91,827.52,15.49,8998.55,895.32,2024-10-04
7187956485,5599971951,2090508634.35,894.35,34.68,8732.09,967.62,2024-10-04
4840214693,6787951094,792235226.28,720.02,19.87,112379.56,1292.7,2024-10-04
3979990204,6573245053,7899251797.15,6380.47,200.32,16993.92,6581.61,2024-10-04
3979990204,7730939882,1281113855.37,885.25,26.94,18968.78,913.16,2024-10-04
3979990204,3502796478,2427992091.96,1235.11,31.2,6760.72,1274.04,2024-10-04
3979990204,8236843307,155331904.44,69.23,0.06,5306.07,413.25,2024-10-04
3979990204,5152956290,925181299.53,411.7,3.18,27382.7,4262.05,2024-10-04
6727254708,9175808397,313359450.0,365.26,4.78,12661.51,364.14,2024-10-04
6727254708,6863770246,2470826295.15,1083.55,147.31,111037.21,34330.33,2024-10-04
6727254708,9734535828,3717016922.62,7236.54,177.87,305811.33,7214.25,2024-10-04
6727254708,9797989145,14334155086.36,10221.72,202.24,661430.59,10224.96,2024-10-04
6727254708,6591498006,1774274670.0,1597.56,82.96,118762.77,1592.63,2024-10-04
6727254708,4874827991,15692168492.05,13933.66,189.8,899119.02,14005.24,2024-10-04
6727254708,9853798226,13549569187.45,18429.79,238.73,1119561.52,18483.76,2024-10-04
6727254708,7751781030,1453456751.5,1082.61,12.19,82651.38,1084.91,2024-10-04
6727254708,3844284608,8050712599.28,5415.87,52.92,321278.95,5402.01,2024-10-04
6727254708,5428795490,1811217014.4,2631.21,31.08,247298.48,2623.11,2024-10-04
6727254708,1810310292,5688785618.13,10207.6,98.25,757602.22,10176.16,2024-10-04
6727254708,6038097513,5508479662.26,7371.16,89.8,475803.65,7348.45,2024-10-04
6727254708,3903841507,2055527401.74,2869.39,39.28,268317.5,2868.99,2024-10-04
6727254708,8584019906,484520332.58,1360.32,47.32,73710.38,1356.13,2024-10-04
6727254708,2596669440,3422264114.78,1952.46,41.72,167264.56,1947.39,2024-10-04
6727254708,4261307984,1262919629.3,694.75,8.88,63982.81,854.97,2024-10-04
6727254708,2709039756,1590643003.34,2030.6,17.0,167360.43,2046.87,2024-10-04
4765961919,2908203709,398395965.19,877.15,10.6,4564.85,809.65,2024-10-04
4765961919,1465061450,1570332798.17,2967.69,274.4,101084.37,2894.49,2024-10-04
4765961919,8666345199,1070732326.04,3971.42,273.56,146216.22,3665.8,2024-10-04
4765961919,3714096025,1635495065.9,4127.67,362.64,159299.19,3810.03,2024-10-04
4765961919,3104077214,2645663861.9,7311.93,100.13,353941.96,6749.24,2024-10-04
4765961919,9862964062,7758779084.95,9397.52,99.86,372729.56,8674.34,2024-10-04
4765961919,4179876316,3379869972.93,8977.23,169.51,473888.7,8517.34,2024-10-04
4765961919,3542142104,2977330755.21,5520.04,136.82,236821.17,5670.31,2024-10-04
4765961919,9905648853,12104257274.81,26453.08,349.56,1425232.1,24417.4,2024-10-04
4765961919,8821356314,17518832885.54,29949.83,324.18,1197662.38,27649.62,2024-10-04
4765961919,9006028449,15448512819.69,8900.1,2471.43,990355.54,16188.51,2024-10-04
4765961919,7530825767,1963842869.32,6987.57,6725.47,1148920.44,34452.72,2024-10-04
4765961919,9292927231,2433665831.03,2743.21,27.09,102986.23,2541.24,2024-10-04
4765961919,5619011822,2842365984.79,11901.41,1551.41,199392.63,14102.76,2024-10-04
4765961919,1471162320,2048762369.14,950.33,2.38,420539.74,90164.56,2024-10-04
5660113447,1595196350,46040681.03,89.51,0.28,3152.92,86.89,2024-10-04
4969504105,2084267498,790729676.0,686.6,126.93,3450.8,636.3,2024-10-04
4969504105,5461287230,653772472.85,295.12,24.27,1265.86,273.1,2024-10-04
4969504105,1137288043,239157831.97,118.45,2.77,3341.83,143.05,2024-10-04
4969504105,5091832955,143357603.66,133.51,4.34,1744.35,123.54,2024-10-04
4969504105,9141777039,603572531.06,846.2,51.47,4997.12,783.99,2024-10-04
3551284065,2222826414,1702413867.2,615.99,4.83,12630.08,779.6,2024-10-04
3551284065,8072720832,480399657.03,292.23,14.91,13743.17,761.82,2024-10-04
8000140564,1631031521,203203770.0,207.69,59.95,1067.3,196.54,2024-10-04
8000140564,1728187946,242617041.93,148.35,18.91,852.39,140.38,2024-10-04
8000140564,5794855495,159225015.71,62.21,3.26,282.01,58.87,2024-10-04
8000140564,1761543400,235355132.57,107.2,8.2,1225.09,101.44,2024-10-04
8000140564,7567478824,299953237.52,128.25,19.89,1228.71,121.36,2024-10-04
8000140564,2309220827,316138858.0,152.18,31.52,910.43,144.01,2024-10-04
8000140564,6123740404,69294017.36,33.5,6.97,172.29,31.7,2024-10-04
8000140564,3791833890,211101898.0,71.78,8.53,263.88,67.93,2024-10-04
8000140564,5622752636,103499742.05,85.18,6.62,270.23,80.61,2024-10-04
8000140564,1425089400,115781405.39,153.14,7.08,514.16,144.91,2024-10-04
8000140564,2032517554,414518805.5,245.02,18.91,1110.83,231.86,2024-10-04
8000140564,8213009323,56021737.42,50.73,5.33,115.16,48.0,2024-10-04
8000140564,8915708680,91770550.73,157.92,8.41,436.17,149.44,2024-10-04
8000140564,3763543737,444462903.88,323.5,68.82,2893.6,352.32,2024-10-04
8000140564,8011185110,59080019.81,63.17,3.82,1677.58,83.32,2024-10-04
8000140564,3358981893,246318424.3,181.85,17.6,3469.42,175.71,2024-10-04
8000140564,7562814826,221816771.22,188.55,42.91,1395.57,178.42,2024-10-04
8000140564,5116056585,350864533.97,334.98,63.23,3015.11,317.9,2024-10-04
8000140564,6986423266,239843264.16,265.12,57.29,1271.33,250.88,2024-10-04
8000140564,7897054373,119508864.82,111.98,0.07,1521.61,123.18,2024-10-04
8000140564,5635453509,174557762.54,150.26,13.7,1222.37,152.16,2024-10-04
8000140564,8689306085,334697757.04,175.15,12.59,20405.72,191.1,2024-10-04
8000140564,4641876052,206927830.99,102.41,3.16,4104.18,162.12,2024-10-04
8000140564,4322279418,820164507.95,263.2,40.28,2840.1,249.07,2024-10-04
8000140564,5705819064,178128513.33,89.01,6.83,526.85,84.23,2024-10-04
8000140564,5878024733,191885834.0,106.24,8.41,262.07,100.53,2024-10-04
1430064570,7929233476,129028950.47,68.11,1.58,896.12,69.96,2024-10-04
9421916553,2328432792,147991816.65,88.93,0.3,12631.06,2374.14,2024-10-04
3941929869,5355702391,13252682117.99,130.58,74.13,250.32,138.45,2024-10-04
5954988949,8140644609,7858181268.43,618.41,325.38,863.2,524.57,2024-10-04
3313050187,5048092493,1122007134.83,2197.84,2463.87,3935.15,2171.03,2024-10-04
3313050187,6004347125,399181216.34,202.78,243.16,3918.47,200.3,2024-10-04
3313050187,1296125507,3715180072.94,25616.43,595.46,1301643.08,25684.06,2024-10-04
2990144704,4920939478,38399755038.11,163.7,156.76,4445.3,163.3,2024-10-04
2990144704,8914597988,19747810308.93,152.59,291.06,231.68,152.21,2024-10-04
4631721175,5289714503,28490887323.44,45.09,33.58,1438.37,45.61,2024-10-04
7825259319,7747558724,7707767226.29,1275.26,437.22,2553.24,1368.68,2024-10-04
9792369345,1572530171,27833954.58,758.9,80.4,36636.86,754.3,2024-10-04
7792039243,7495993717,218309581.99,4099.27,1312.69,832385.13,15399.26,2024-10-04
6991056822,1951746329,194667026.34,427.2,188.98,13771.65,874.69,2024-10-04
6991056822,5766394111,406066478.63,1182.36,556.34,29055.32,1609.82,2024-10-04
6287055608,8883449194,13926084688.6,52.81,19.38,2551.97,76.79,2024-10-04
3017575657,4843243076,256411295.51,212.57,52.19,9231.1,548.82,2024-10-04
3017575657,4152357966,419744962.82,303.05,75.99,19128.38,549.82,2024-10-04
3017575657,5208105534,277324716.65,175.51,27.47,9321.53,298.45,2024-10-04
3017575657,8443165821,2828612066.29,1443.29,35.71,40905.41,1325.99,2024-10-04
7949948303,2199960913,24481196.0,60.52,10.06,597.7,63.33,2024-10-04
3878840424,7008561256,7266300620.0,2964.94,40.54,60776.04,6247.39,2024-10-04
3878840424,1000525971,1547560468.43,897.89,5.54,55224.7,895.86,2024-10-04
1366387738,7732926047,1115180740.41,260.44,4.5,5159.99,247.79,2024-10-04
9251961671,7575884773,415678580.0,115.89,11.76,348.32,128.83,2024-10-04
9251961671,1397988471,687383910.41,5918.6,270.76,229753.1,6639.88,2024-10-04
4195391340,1396728285,2901819991.0,1368.14,32.2,4166.87,1355.55,2024-10-04
4195391340,9934713171,468316066.89,99.02,1.03,2789.61,98.11,2024-10-04
4195391340,1504316774,1225617420.33,419.49,0.89,9631.63,415.63,2024-10-04
4195391340,5909505277,488472762.0,142.67,3.26,3262.24,141.36,2024-10-04
4195391340,6812326356,140407112.0,27.68,0.25,370.16,27.43,2024-10-04
4195391340,3745897630,558318379.86,186.32,3.28,33589.76,1779.62,2024-10-04
5213587138,6878701653,805620984.0,76.21,34.19,671.4,73.37,2024-10-04
5213587138,4439037584,1018554222.0,90.68,34.21,619.76,87.3,2024-10-04
5213587138,3094106768,1351300860.0,377.2,70.23,3879.44,363.12,2024-10-04
5213587138,3237766774,353611440.0,72.35,13.2,253.27,69.65,2024-10-04
5213587138,5998217113,3362697996.0,1848.37,407.77,28188.01,1779.39,2024-10-04
1517367026,2679218740,107157053.44,195.62,4.36,12494.37,194.12,2024-10-04
1517367026,8875061965,1810140807.64,2212.61,33.64,132857.69,2195.63,2024-10-04
5928471422,8676621957,99898656.0,112.31,5.44,4221.81,103.17,2024-10-04
5928471422,4674690236,35131824.0,49.46,4.27,1365.77,45.43,2024-10-04
4925883884,4755186391,3482708830.23,3553.64,100.65,274887.04,3135.13,2024-10-04
4925883884,3576483186,3275045045.41,3888.93,43.09,300816.7,3445.18,2024-10-04
4925883884,3071680482,1876961852.62,2125.99,91.08,155544.33,1874.34,2024-10-04
4925883884,3869558152,1598775634.2,2098.23,48.89,202451.2,1842.49,2024-10-04
4925883884,7501348991,1673652112.95,3061.38,36.77,278516.45,2685.52,2024-10-04
4925883884,2876594793,915168416.65,651.36,26.59,42507.61,579.82,2024-10-04
4925883884,2739106312,2679699994.11,2082.21,66.11,194534.0,1896.82,2024-10-04
5604802559,3385426367,3795621563.16,1341.19,201.79,6602.58,1347.22,2024-10-04
4221243019,5582781761,454811362.78,1643.65,21.25,95842.19,17591.48,2024-10-04
4221243019,4986587715,1005949633.82,464.84,23.19,38221.08,3550.87,2024-10-04
3818150017,7908221650,751977675.0,1687.67,240.71,84264.88,1871.27,2024-10-04
2373677586,5193588750,73934683.0,51.95,35.36,469.27,52.65,2024-10-04
3144474603,6125812716,4996211073.0,1345.26,198.85,3142.24,1313.31,2024-10-04
3144474603,7477917966,362765937.47,121.5,9.44,1068.6,118.61,2024-10-04
3144474603,7333934532,1019052761.65,220.01,15.12,1729.55,214.79,2024-10-04
3144474603,1475482059,5994969726.58,2190.29,171.66,6586.81,2138.27,2024-10-04
3144474603,7648731408,236303244.66,75.53,11.55,564.71,73.73,2024-10-04
4748463484,7904486179,4739903784.0,2497.47,116.95,10905.28,2333.61,2024-10-04
9767077580,2409268224,1365642791.0,797.55,384.55,28472.29,5979.13,2024-10-04
5966024179,4237016550,3531656101.58,5416.47,1096.12,329900.21,35035.28,2024-10-04
4328703191,4353812705,33267695.63,113.29,1105.05,29781.83,236.9,2024-10-04
8458175737,9805345014,51169910.96,138.15,2.43,2467.59,124.4,2024-10-04
8458175737,3867256799,301358486.49,399.21,12.79,8262.49,823.23,2024-10-04
4260952526,6742553630,696250636.15,566.21,2.33,28939.96,1176.11,2024-10-04
4260952526,7949461645,1440535228.85,1558.95,6.42,99764.95,2219.42,2024-10-04
4260952526,8033674220,312327326.01,612.41,158.8,7275.72,521.2,2024-10-04
7107398469,4466502603,603465102.0,1051.75,27.27,2055.72,940.71,2024-10-04
7107398469,7742915989,329691270.0,178.01,3.38,452.39,159.21,2024-10-04
7107398469,9107666682,1881611618.0,2964.23,44.14,185389.78,2651.25,2024-10-04
4243137714,7440171285,2405043024.0,2357.23,25.11,3927.61,2502.38,2024-10-04
4243137714,3771177059,2361809067.18,1904.56,15.33,160513.75,3065.96,2024-10-04
4243137714,6729387006,2623262937.29,1825.37,15.95,138747.4,3252.78,2024-10-04
4243137714,6032670287,561169044.13,491.78,1.41,35360.75,542.82,2024-10-04
6912959742,5933561045,810250057.68,1205.62,23.96,5385.29,1147.86,2024-10-04
6912959742,8091990852,786710181.57,392.0,14.09,49607.55,392.02,2024-10-04
6912959742,1853635877,1410945739.2,2489.24,32.64,102644.91,2942.51,2024-10-04
6912959742,3626331029,1160832798.88,1022.95,28.16,40455.05,1533.3,2024-10-04
6912959742,9968457051,862962930.64,1209.56,19.13,50656.65,2005.23,2024-10-04
6912959742,8015048607,843926399.98,581.58,6.48,35829.39,1226.83,2024-10-04
4295580695,3476279915,220635528.57,181.41,97.32,29023.11,930.63,2024-10-04
8651798558,6807538284,559831818.03,1068.98,875.29,13291.63,1267.75,2024-10-04
7886265417,3609786103,4538310738.09,6463.77,97.23,551557.6,9116.64,2024-10-04
7886265417,1123732602,1188021103.0,1966.83,33.77,85570.74,5056.71,2024-10-04
7886265417,7105210380,842626635.81,1267.14,18.16,116079.33,4033.54,2024-10-04
7886265417,6922823699,318760863.26,495.61,5.05,36134.7,838.38,2024-10-04
1967633865,1708818240,223923824.0,240.69,3.87,455.17,266.22,2024-10-04
1967633865,4093331596,981515606.32,425.6,2.68,50268.63,499.98,2024-10-04
5479808415,6336938172,145865936.49,183.53,0.63,18489.14,203.4,2024-10-04
6135802989,8959948793,454395353.37,849.07,23.06,2511.97,964.37,2024-10-04
6135802989,5282504483,116057864.34,166.06,192.83,120313.37,6793.2,2024-10-04
6135802989,4396396231,932058414.0,7643.52,154.52,10870.74,8681.44,2024-10-04
6135802989,5331021189,1272816576.61,3886.02,72.65,304736.8,7301.49,2024-10-04
2899793385,7204286513,206671504.87,86.2,1.17,6096.89,1544.64,2024-10-04
2899793385,8693756271,40383647.0,447.13,4.61,692.06,470.06,2024-10-04
2899793385,5790083369,155961704.0,88.1,3.16,2184.81,92.62,2024-10-04
2899793385,6853543392,102681894.55,223.56,84.24,4952.1,243.0,2024-10-04
2899793385,1193481141,19662427.19,14.21,142.48,4085.1,412.3,2024-10-04
8493138820,3042807969,123032442.0,1097.85,26.06,1750.72,1132.94,2024-10-04
8493138820,1500727941,490898586.32,545.97,9.08,78189.34,730.21,2024-10-04
8493138820,7732723605,455225581.06,639.59,22.62,61527.96,1501.09,2024-10-04
7730435073,5325498258,98749520.14,130.02,0.08,10508.78,195.48,2024-10-04
7730435073,1449066116,171506519.71,186.36,0.18,17409.91,203.34,2024-10-04
7730435073,7169890315,98616970.06,128.94,0.84,6912.17,179.76,2024-10-04
7486359225,3141631769,296992948.95,309.99,15.67,105646.36,87899.61,2024-10-04
7486359225,4942408468,294533004.61,7.43,5.35,80594.34,34687.93,2024-10-04
7486359225,9256781206,288844110.19,3861.04,1400.75,230827.5,27528.22,2024-10-04
7486359225,3890043293,866073149.6,332.28,134.27,216934.35,131100.69,2024-10-04
7486359225,6271964660,457478677.86,280.26,122.7,105013.63,44383.23,2024-10-04
7486359225,9022501044,286068789.05,6001.22,2573.52,172597.4,26368.66,2024-10-04
7486359225,4811656025,233714805.26,4862.13,2065.99,189940.86,20535.1,2024-10-04
8452065073,9893624496,646623141.48,271.36,152.06,215613.75,108551.31,2024-10-04
8452065073,5022527307,935638458.24,1092.83,15.05,61190.69,1605.21,2024-10-04
2826827076,4660261064,195895291.55,382.14,11.86,21902.8,422.81,2024-10-04
1684414765,4208562937,81295303.5,329.67,3.93,3031.29,319.54,2024-10-04
1684414765,3075231399,1220089311.15,5145.66,30.99,303128.87,5469.35,2024-10-04
1672862023,9225294647,505319782.99,876.36,12.71,86184.06,1002.44,2024-10-04
8564269730,5835984744,192195200.0,1306.46,40.01,5198.86,1304.1,2024-10-04
8564269730,8765322273,1053630080.0,2610.1,83.7,9246.45,2605.38,2024-10-04
8564269730,5488495274,257665301.89,262.23,1.85,11694.33,720.54,2024-10-04
3457456980,1787115538,67466550.0,348.25,13.13,706.41,350.85,2024-10-04
3457456980,8154994072,529036179.46,380.36,10.8,20827.15,498.47,2024-10-04
3457456980,9080141482,230116053.23,172.62,7.33,16519.86,192.11,2024-10-04
4396365888,1734060858,685527453.03,3403.03,2338.59,237186.12,3895.21,2024-10-04
4396365888,5787085032,808918565.73,10803.24,7931.83,447305.13,12777.12,2024-10-04
4396365888,4542419236,347380808.83,60.05,31.22,176221.93,3018.27,2024-10-04
9421829897,5984326638,850457088.0,967.68,616.03,1789.07,818.86,2024-10-04
9421829897,8735863082,153064704.0,128.44,57.87,2529.26,108.69,2024-10-04
9421829897,6732017444,404332032.0,257.97,165.76,4145.3,218.3,2024-10-04
9421829897,8277662477,124368493.52,248.18,559.35,2642.48,219.22,2024-10-04
9421829897,8307487696,121766396.54,246.0,500.44,1354.35,208.17,2024-10-04
6850670091,3151935229,77138857.39,257.55,51.64,6923.19,245.39,2024-10-04
3610097806,3826135626,73357536.13,71.71,12.94,888.09,80.0,2024-10-04
3610097806,9967621124,271947264.64,904.19,283.41,14068.93,907.32,2024-10-04
3610097806,8081929504,59767810.11,141.34,58.93,1852.74,128.0,2024-10-04
3610097806,9859745335,65672559.1,229.69,118.9,6226.54,221.18,2024-10-04
6876393557,2853056910,1216313465.08,101.69,18.6,210029.03,83040.8,2024-10-04
3274209063,1649291633,1982070614.61,2745.26,45.21,88995.95,3946.69,2024-10-04
3274209063,5261809469,1156006261.2,1398.71,27.81,5982.85,1233.46,2024-10-04
9686881868,3506343281,428102009.36,435.55,8.16,3070.0,494.05,2024-10-04
9686881868,5656157535,111030060.0,163.45,7.2,1159.21,185.4,2024-10-04
9686881868,6425666894,949055036.67,1165.88,19.66,52561.71,3029.7,2024-10-04
7670223529,8610503394,1011765631.66,829.34,21.17,59421.49,11633.31,2024-10-04
9491774733,4287103268,809576532.18,858.68,16.26,5807.19,878.57,2024-10-04
9491774733,2425040661,212304975.03,250.64,1.16,15981.62,717.1,2024-10-04
8145530460,9620409285,306516769.14,414.28,7.61,2342.52,455.89,2024-10-04
6278335695,3562027590,622135540.15,2427.55,73.66,3792.19,2661.27,2024-10-04
6278335695,4620156997,123760789.94,338.85,14.04,605.53,371.48,2024-10-04
6278335695,5337936355,374197830.7,1176.88,27.49,1822.68,1290.19,2024-10-04
6699715634,9290265495,298715657.5,287.67,4.55,1111.74,305.22,2024-10-04
6699715634,9405246678,431528245.48,339.45,14.4,1194.83,360.16,2024-10-04
6699715634,9010404637,98547168.43,47.95,5.09,190.06,50.87,2024-10-04
6699715634,6452275656,269990625.04,224.38,4.52,986.62,238.07,2024-10-04
4045471774,4967547877,8939360899.97,10542.3,191.97,557000.01,35069.28,2024-10-04
4139303472,6972972483,449089651.92,448.87,13.03,2749.13,472.39,2024-10-04
4139303472,7546874441,252313927.46,254.51,12.14,2018.64,267.85,2024-10-04
4139303472,1349168393,237318924.85,262.84,13.37,1450.93,276.62,2024-10-04
4139303472,3265100668,67368564.0,116.61,6.05,1306.24,122.72,2024-10-04
4139303472,8119256320,388648960.8,640.45,18.39,12246.5,1158.09,2024-10-04
1467415627,8915146228,28108736454.24,22966.75,597.59,881708.16,74443.5,2024-10-04
3566905478,5686103085,2191931877.11,3796.76,10.87,182463.61,5455.2,2024-10-04
6849650164,2080299368,416745639.93,141.46,18.39,3107.77,172.99,2024-10-04
8399250647,2776638908,2865294828.53,848.73,179.76,7557.07,851.31,2024-10-04
8399250647,2139655532,1383696087.47,605.96,39.53,54452.82,1625.42,2024-10-04
8399250647,4707910745,2978080587.59,1657.01,201.19,1015676.68,1673.92,2024-10-04
8399250647,8809159114,1720801384.71,1426.07,94.85,651332.75,1438.32,2024-10-04
4688974689,2492531739,1837358663.54,919.69,1.02,63780.93,4748.54,2024-10-04
4688974689,9189695020,860657832.0,349.5,1.36,4243.37,336.49,2024-10-04
7192602240,8844347817,87306085.52,200.2,0.0,2187.68,204.88,2024-10-04
6096057999,7519803506,47800216.0,9.07,0.0,134.22,9.04,2024-10-04
6096057999,4268731454,37640376.25,26.21,0.0,179.3,26.12,2024-10-04
6096057999,1145550891,85593071.09,100.8,0.0,674.19,100.45,2024-10-04
2908459842,9436463834,3268850.0,3.78,0.0,18.86,4.3,2024-10-04
1020002691,8467043498,111800908.0,26.22,0.0,396.52,24.18,2024-10-04
9566447651,5581486490,173573470.0,67.74,0.0,216.82,66.34,2024-10-04
3086145695,9986824040,1327473640.21,23026.06,0.0,612039.42,21738.91,2024-10-04
5082057286,8222004527,68741136.0,34.11,0.0,161.0,35.38,2024-10-04
5082057286,4150597628,48081923.3,1048.45,0.0,43132.91,1087.43,2024-10-04
5082057286,4939341304,461056929.68,10332.99,0.0,609352.45,10717.14,2024-10-04
8018066855,6771028402,72997961810.84,2841.57,0.0,103414.41,2893.28,2024-10-04
5921987087,2262682058,38565557281.45,207200.45,0.0,9355638.89,369614.41,2024-10-04
4765961919,6656023901,83330220.96,14.83,0.0,22529.02,2915.48,2024-10-04
4765961919,1007791561,551139772.38,949.34,0.0,85349.91,3198.45,2024-10-04
4765961919,5444773830,20743668.79,34.61,0.0,3862.2,47.47,2024-10-04
4969504105,2231424269,8703120.54,5.02,0.0,74.85,5.57,2024-10-04
4969504105,8884983082,1539120.0,1.0,0.0,21.79,0.93,2024-10-04
1430064570,5145879059,191640057.43,51.63,0.0,5500.39,468.06,2024-10-04
9421916553,6798221224,166921372.76,126.16,0.0,56036.4,12659.61,2024-10-04
3941929869,6645625717,332355913.5,7.8,0.0,13.64,8.27,2024-10-04
5509067989,2290075946,70206816.01,1073.97,0.0,19341.21,6298.97,2024-10-04
6853780578,4020318879,8410572.0,8.21,0.0,122.21,9.5,2024-10-04
3878840424,1047649435,117445179.1,1322.95,0.0,32743.3,1307.44,2024-10-04
7526521017,7524350463,170710755.37,206.74,0.0,7503.94,345.95,2024-10-04
8367057304,7687930056,93062939.1,98.75,0.0,59324.92,111.29,2024-10-04
8367057304,1587827183,92224664.0,38.35,0.0,145.99,43.22,2024-10-04
8367057304,1905604235,50263955.0,18.22,0.0,600.89,20.53,2024-10-04
8367057304,2484584954,96008375.65,2064.08,0.0,42173.18,9162.64,2024-10-04
4195391340,1520705806,148114945.35,73.46,0.0,2233.9,72.79,2024-10-04
4195391340,6908734197,141140383.0,51.11,0.0,1915.43,50.64,2024-10-04
4195391340,9373530146,128616308.59,322.6,0.0,145763.03,319.63,2024-10-04
4195391340,9837893618,13432559.09,56.43,0.0,676.63,58.02,2024-10-04
7383324448,2232359166,23139842.26,9.73,0.0,54.31,9.4,2024-10-04
7383324448,5277806011,21710780.04,10.81,0.0,139.65,10.44,2024-10-04
1517367026,8344008125,147644254.08,219.3,0.0,22156.7,221.71,2024-10-04
5928471422,6421432379,53922570.0,77.28,0.0,2807.36,70.99,2024-10-04
3144474603,9479639228,14743489.53,4.38,0.0,91.7,4.27,2024-10-04
3144474603,9689305727,12506811.0,7.66,0.0,121.66,7.48,2024-10-04
6591765169,7816992429,17794920.0,18.74,0.0,145.59,19.12,2024-10-04
1258133092,2057260031,4255705059.33,4609.78,0.0,5742131.54,3879.46,2024-10-04
5048405933,4312981896,197785606.52,3651.06,0.0,110495.24,3705.76,2024-10-04
5048405933,6573609639,97022183.92,356.39,0.0,89548.94,665.29,2024-10-04
4260952526,8920824529,426455259.75,8194.45,0.0,335269.81,6937.52,2024-10-04
1544027227,8345657541,133048153.54,3022.59,0.0,159338.35,3342.28,2024-10-04
8698180854,9241913745,33503031.0,53.66,0.0,263.44,55.4,2024-10-04
8698180854,5259786139,123364372.09,668.08,0.0,51021.0,689.74,2024-10-04
8698180854,9316065235,125619788.23,2310.41,0.0,91042.72,2385.3,2024-10-04
4243137714,3073885350,218748689.15,131.01,0.0,291.21,139.08,2024-10-04
4243137714,5857688676,25549212.0,75.28,0.0,2485.72,79.92,2024-10-04
6912959742,7514738114,96539269.57,4285.32,0.0,187156.51,4080.03,2024-10-04
1967633865,1936722188,31995817.17,30.33,0.0,1101.83,133.11,2024-10-04
5479808415,5139605877,36802904.75,44.53,0.0,4148.12,63.5,2024-10-04
7730435073,6573169994,170903460.28,5241.97,0.0,70242.91,4752.37,2024-10-04
7730435073,6622504921,84191312.57,88.85,0.0,9644.51,135.56,2024-10-04
7730435073,5706004425,293761077.96,1.08,0.0,96517.38,84441.45,2024-10-04
7486359225,8265285593,240006067.26,4.25,0.0,35275.3,15894.99,2024-10-04
7486359225,5852235172,119438520.0,92.36,0.0,9898.8,81.88,2024-10-04
2826827076,7917601552,25624417.0,128.03,0.0,1177.43,133.52,2024-10-04
7732825977,6794666852,12051759.0,2.89,0.0,27.38,3.09,2024-10-04
3457456980,5727670791,195170777.7,4816.28,0.0,288690.4,5716.76,2024-10-04
3457456980,6090565245,170866833.65,2599.32,0.0,81568.86,2618.75,2024-10-04
3457456980,5084660400,214465183.56,3118.19,0.0,61339.15,10934.04,2024-10-04
7676611041,4173543421,367447045.78,6049.97,0.0,236206.63,6368.52,2024-10-04
2071901562,5790044076,68630454.0,6.37,0.0,50.3,6.83,2024-10-04
4688974689,8781378157,2417429615.16,440.31,0.0,41866.98,1647.91,2024-10-04
4688974689,2553998288,848885136.0,45.4,0.0,402.61,43.71,2024-10-04
1138743890,8843712267,744170656.16,7319.35,8.73,40836.99,8595.6,2024-10-04
8000140564,4414317584,396309003.72,123.47,9.46,418.03,116.84,2024-10-04
2826827076,9211652825,108554110.79,311.34,8.89,4449.64,324.69,2024-10-04
4765961919,5439890342,3234697734.65,4377.86,4.01,439195.05,45858.16,2024-10-04
8000140564,2753947240,91394850.22,37.33,4.2,201.31,35.32,2024-10-04
8000140564,9604791651,151748138.85,103.37,4.2,2492.79,147.63,2024-10-04
1684414765,4918513042,138501501.95,489.71,3.76,4351.62,474.65,2024-10-04
4434935446,8464971729,15402825.0,7.35,2.88,82.48,7.96,2024-10-04
9095094092,6332235627,170361792.0,23.75,2.92,144.78,23.75,2024-10-04
6835683414,7626827976,3135723677.55,771.83,2.93,1174145.19,73850.46,2024-10-04
8000140564,7111558543,137038408.77,113.89,3.15,8095.91,133.14,2024-10-04
1430064570,6119089379,425787967.11,505.31,2.77,11083.85,481.86,2024-10-04
3851958960,2399471509,1785490.41,27.34,3.15,35.29,24.6,2024-10-04
3144474603,7822222889,206543447.91,63.49,3.3,518.41,61.98,2024-10-04
8000140564,4826952692,348537466.58,123.47,7.35,1166.14,116.84,2024-10-04
8000140564,6861586485,113023789.27,112.94,7.35,585.79,106.87,2024-10-04
3144474603,5411794774,428729024.7,74.43,7.7,523.86,72.66,2024-10-04
3144474603,1327726942,166875432.38,50.35,7.7,532.94,49.16,2024-10-04
4434935446,8201401774,6215175.0,2.76,1.92,89.12,2.99,2024-10-04
8000140564,2269123162,184710344.0,53.6,2.1,363.63,50.72,2024-10-04
8000140564,9324747258,72388672.86,41.16,2.1,374.51,38.95,2024-10-04
8000140564,4470137380,79032170.0,82.31,2.1,221.26,77.89,2024-10-04
8000140564,1130813901,54221944.38,34.46,2.1,111.54,32.61,2024-10-04
8000140564,9075039806,50711056.51,38.28,2.1,1040.1,86.04,2024-10-04
6287055608,8073283371,21036969000.0,173.0,2.15,3407.6,171.65,2024-10-04
3878840424,2264846032,251303184.0,58.27,1.82,755.13,57.58,2024-10-04
9251961671,9974168549,404842770.0,97.78,1.81,427.85,108.7,2024-10-04
4260952526,3606935181,250697804.0,120.33,2.05,1559.67,101.88,2024-10-04
8564269730,1728794841,357618846.78,2637.36,2.14,91308.49,2702.02,2024-10-04
2908459842,5743413859,201892199.27,86.86,6.18,297.72,98.82,2024-10-04
7954325167,8964027578,55164039.06,2.88,1.07,7427.57,5982.94,2024-10-04
9095094092,4639728487,34636497.37,82.66,0.97,11352.23,82.65,2024-10-04
3979990204,8476444102,548633501.72,282.47,1.05,14703.12,3912.59,2024-10-04
4969504105,3703530704,333348845.46,99.38,0.98,17650.98,3453.65,2024-10-04
8000140564,6211815059,7090211.59,8.61,1.05,900.45,11.77,2024-10-04
1430064570,4230682381,75141210.0,38.45,0.92,343.22,34.49,2024-10-04
5509067989,3096214023,123059505.41,79.48,0.99,2745.24,86.38,2024-10-04
9251961671,5377923704,804638338.27,133.09,0.9,954.35,147.96,2024-10-04
5928471422,4167948901,95576884.0,76.25,1.04,2656.65,70.04,2024-10-04
3144474603,4274346245,74164268.0,20.8,1.1,234.24,20.3,2024-10-04
3144474603,6296949760,24147217.0,10.95,1.1,114.4,10.69,2024-10-04
4243137714,1602511292,390914240.76,211.18,0.93,5277.78,224.19,2024-10-04
5479808415,3942400990,60787323.43,47.78,1.06,106.91,43.66,2024-10-04
6128140551,2809191200,320919329.18,193.02,1.07,6131.08,361.72,2024-10-04
1684414765,2260433912,37328475.0,58.68,0.94,383.42,56.88,2024-10-04
3457456980,9639842429,122014204.0,49.18,0.94,1018.03,49.54,2024-10-04
4786168179,3433689330,14354796.47,14.84,1.05,133.34,14.18,2024-10-04
4688974689,5647068373,2474637504.0,671.55,1.0,6518.09,646.56,2024-10-04
9061489677,7076658116,616864791.03,130.69,5.33,402.2,116.75,2024-10-04
4969504105,5175470185,310971044.47,135.51,4.89,45594.65,7732.16,2024-10-04
8000140564,3005474923,105514903.61,62.21,5.25,446.15,58.87,2024-10-04
8000140564,9095205024,119611856.0,57.43,5.25,440.7,54.34,2024-10-04
8000140564,6835413833,168144229.17,80.4,5.25,511.44,76.98,2024-10-04
2600529780,2375961560,2085565386.02,1144.65,5.18,863955.8,15642.77,2024-10-04
3144474603,7253524132,202033061.72,64.58,5.5,292.34,63.05,2024-10-04
1684414765,5701592681,111423450.0,146.17,4.7,9244.35,141.67,2024-10-04
6598325001,3740945209,43324379.87,32.33,5.4,1897.74,323.79,2024-10-04
2901644731,3377938243,3400488186.96,6100.1,4.66,764031.63,17025.44,2024-10-04
7757875170,7369506704,43820790324.59,0.0,194.54,49299.4,41308.44,2024-10-04
4434935446,6256019503,56057.64,0.0,0.0,21.81,1.99,2024-10-04
4434935446,1031513478,296778.39,0.0,0.0,40.77,6.97,2024-10-04
4434935446,4587061032,28943.26,0.0,0.0,11.38,1.0,2024-10-04
3155375047,8290166887,0.0,0.0,0.0,11.13,0.0,2024-10-04
1020002691,3686585711,15477480.0,2.02,0.0,26.64,1.86,2024-10-04
5213587138,5863324920,1803192415.87,1.93,0.0,524497.99,81137.73,2024-10-04
4786168179,6554414209,19101456.0,1.98,1.05,1.08,1.89,2024-10-04
7954325167,4107157191,110094116.83,5.76,0.0,23341.75,19726.87,2024-10-04
7383324448,8168433238,11617371.0,6.49,0.0,102.8,6.27,2024-10-04
5479808415,6337013290,3272365.32,6.52,0.0,336.38,14.88,2024-10-04
2415874979,4996100541,23669934.0,5.48,1.04,31.57,6.28,2024-10-04
2156171975,9475566114,7816015119.41,10.8,0.07,16.12,11.82,2024-10-04
7383324448,8423881785,73439541.0,11.89,0.0,71.77,11.49,2024-10-04
3144474603,2433395297,64970182.0,12.04,0.0,147.99,11.75,2024-10-04
3144474603,5828492849,49120067.0,12.04,4.4,66.28,11.75,2024-10-04
1430064570,8671464923,32149690.0,13.18,0.0,173.09,11.82,2024-10-04
2009937203,8374222542,45681956.92,13.33,0.18,1342.46,621.02,2024-10-04
9999862340,2731598159,120340285.4,13.89,0.0,34337.0,30463.54,2024-10-04
5479808415,6397512605,18051099.16,14.12,0.0,2171.29,22.82,2024-10-04
6096057999,7286730284,19008649.07,16.13,0.0,7391.46,16.07,2024-10-04
8000140564,1794260163,74279044.0,15.31,0.0,44.43,14.49,2024-10-04
2908459842,9833047313,21727205.1,15.11,1.03,940.8,32.22,2024-10-04
7757875170,8295334438,49500234394.02,14.65,5.25,166542.46,609.47,2024-10-04
5213587138,7421121529,41859132.0,17.36,5.43,276.11,16.72,2024-10-04
8000140564,2560280729,43989316.0,19.14,1.4,45.34,18.11,2024-10-04
3144474603,9159247851,104280583.27,22.99,0.0,157.07,22.44,2024-10-04
7730435073,5994728722,36927703.44,22.75,0.0,421.6,48.13,2024-10-04
3144474603,2602717003,68242135.0,22.99,2.2,71.72,22.44,2024-10-04
2009937203,3322867880,44469636.0,22.55,2.24,370.27,23.12,2024-10-04
6727254708,6363425590,51775595.87,20.71,0.22,249.48,20.65,2024-10-04
7383324448,3840247928,59392258.81,25.95,1.81,98.92,25.06,2024-10-04
5082057286,8812845600,23617818.0,24.08,0.0,145.09,24.97,2024-10-04
7383324448,4679243793,80942652.0,25.95,0.0,532.42,25.06,2024-10-04
8000140564,3282279106,32477998.0,22.97,2.1,194.96,21.74,2024-10-04
7383324448,4890778267,199011087.0,30.27,0.0,356.89,29.24,2024-10-04
5048405933,9197432099,41509840.0,27.41,0.0,121.3,27.52,2024-10-04
1967633865,3359896630,80087702.86,27.4,0.0,949.79,30.3,2024-10-04
8000140564,1594190434,70738729.5,27.76,1.11,72.54,26.27,2024-10-04
2899793385,7079228468,11542830.06,27.47,27.04,537.31,28.88,2024-10-04
7486359225,9305815432,759296382.51,30.79,127.86,388803.83,41176.56,2024-10-04
7383324448,8089325590,69782443.5,31.35,0.0,137.71,30.28,2024-10-04
6128140551,1645932763,84644466.0,29.15,0.0,92.49,29.06,2024-10-04
6128140551,6060385949,50727282.96,29.15,0.0,1719.67,32.06,2024-10-04
8564269730,6580069600,195210714.94,27.26,0.0,54183.07,9991.83,2024-10-04
8000140564,2868113612,77475626.07,27.76,1.05,131.49,26.27,2024-10-04
2156171975,3180977400,45785435745.46,29.45,19.21,41.32,32.23,2024-10-04
1430064570,5942511755,68268827.63,32.95,0.0,510.38,35.47,2024-10-04
5213587138,3066511118,97451551.15,28.94,0.0,32016.8,9938.95,2024-10-04
7383324448,3877900334,17897031.0,32.44,0.0,248.27,31.33,2024-10-04
7954325167,2027030020,113335972.0,30.74,10.67,360.87,31.84,2024-10-04
3610097806,7973817554,23985930.5,33.26,7.82,651.21,30.12,2024-10-04
4969504105,1767048294,61640647.64,32.12,0.0,511.65,117.97,2024-10-04
9566447651,5676327830,100734690.0,31.49,12.05,635.38,30.83,2024-10-04
8000140564,8073694413,113861286.0,31.58,3.4,97.03,29.89,2024-10-04
7486359225,4646476274,364399268.02,35.03,28.88,118789.96,81848.63,2024-10-04
8000140564,6885490146,72290465.34,31.58,0.0,156.88,29.89,2024-10-04
1430064570,5234067991,72548190.0,36.25,0.0,358.05,32.52,2024-10-04
7383324448,5225355003,15764112.0,35.68,0.0,219.17,34.46,2024-10-04
9251961671,2978614828,65984000.0,29.88,0.9,1606.69,33.21,2024-10-04
4969504105,9381191144,73515034.91,57.22,2.44,515.44,56.66,2024-10-04
7954325167,6506295216,435865388.0,54.76,0.0,977.02,56.71,2024-10-04
7383324448,9179715962,60490449.0,61.63,0.0,177.47,59.53,2024-10-04
3144474603,1664212110,217598349.65,62.39,9.9,417.63,60.91,2024-10-04
7792039243,7133204508,21592709.54,76.36,38.84,2420.55,75.15,2024-10-04
2899793385,4193135974,81468845.0,69.15,1.56,1475.44,72.7,2024-10-04
6849650164,8452746102,203953739.54,77.64,8.37,474.1,79.42,2024-10-04
8399250647,4744810989,256069342.5,72.04,15.16,655.79,72.26,2024-10-04
6912959742,7944967537,114870045.0,72.08,0.0,2828.9,68.63,2024-10-04
1350574641,1740321088,11234007271.58,8807.05,729.14,240858.54,8860.49,2024-10-04
1350574641,5117983022,679949158.64,1942.47,47.31,23944.03,1954.26,2024-10-04
1350574641,9975320653,100117080.0,152.62,10.23,7636.14,153.54,2024-10-04
1350574641,7901625834,413857350.0,406.97,30.52,34160.84,409.44,2024-10-04
1350574641,9304096482,407862810.0,405.94,37.38,18350.84,408.4,2024-10-04
1350574641,1684605671,16245432900.0,190474.4,1137.1,249666.57,191630.24,2024-10-04
1350574641,7501988636,684295560.0,1465.94,48.84,26643.15,1474.83,2024-10-04
1350574641,5098121719,6567353640.0,2630.8,59.22,78798.43,2646.76,2024-10-04
8513664892,8860503080,1957040212.26,1415.8,232.35,25747.82,1466.33,2024-10-04
8513664892,7720992381,148407467.21,695.7,141.35,216011.16,27372.6,2024-10-04
6877336869,1698527014,209977405.73,194.83,17.66,1306.91,210.75,2024-10-04
6877336869,8147179191,80723356.0,83.64,9.36,756.08,90.47,2024-10-04
6877336869,9068270934,3964416.0,2.95,0.0,416.79,3.19,2024-10-04
3963692963,3052130660,532201254.0,1128.6,82.51,16422.59,1069.07,2024-10-04
7286328073,6818824209,7735147502.36,261.8,0.0,325767.54,241318.5,2024-10-04
9407111886,9875480375,6896747688.25,902.69,231.22,47209.63,7340.78,2024-10-04
7545204145,7383630212,53369125.6,53.65,0.0,27989.41,6708.62,2024-10-04
7545204145,8891564594,264132658.3,4997.95,0.0,96522.9,19737.4,2024-10-04
7761714523,5162629915,51363236.09,220.79,0.05,7425.42,253.62,2024-10-04
7761714523,1913265391,8142284.0,72.33,0.0,6397.02,83.08,2024-10-04
1591927154,8406369357,1288073487.49,768.12,172.22,1773.34,764.83,2024-10-04
1591927154,2495827244,105584998.64,43.13,10.17,12558.7,4388.57,2024-10-04
1591927154,2374214424,2056318727.52,3230.63,1050.93,19032.01,3524.56,2024-10-04
1591927154,8788068580,1574536917.11,1469.49,141.94,45739.77,15857.95,2024-10-04
4096109405,8177353206,6958336.0,55.75,11.92,77.94,54.24,2024-10-04
4096109405,8585961524,514727400.14,168.34,1.83,10032.11,173.14,2024-10-04
4096109405,9093532412,722493632.54,416.01,0.92,24626.5,430.76,2024-10-04
4096109405,6316191193,393596961.05,66.48,1.83,4011.35,222.16,2024-10-04
4096109405,1186630050,20114025.25,330.24,0.0,10616.14,321.24,2024-10-04
4096109405,8019519192,168768324.03,15.01,0.0,42121.83,10679.28,2024-10-04
4096109405,8161626560,98869135.41,20.37,0.92,1361.32,56.32,2024-10-04
4096109405,4089817632,30323634.88,9.65,0.92,350.21,9.39,2024-10-04
4096109405,2998977824,30593024.0,10.72,0.0,311.77,10.43,2024-10-04
4096109405,7527921894,69504512.0,7.51,0.0,218.88,7.3,2024-10-04
4096109405,7221627157,10062976.0,4.29,0.0,64.06,4.17,2024-10-04
4096109405,1907218334,13620992.0,4.29,0.0,167.63,4.17,2024-10-04
4096109405,4501674598,87969248.01,105.08,0.0,61147.18,102.21,2024-10-04
4096109405,5980974336,25362971.11,24.66,0.0,17569.0,23.99,2024-10-04
4096109405,3750127286,8477981.39,8.58,0.0,5939.62,8.34,2024-10-04
4096109405,2125860804,58505216.0,10.72,0.0,217.81,10.43,2024-10-04
4096109405,3945426133,29196515.53,8.58,0.0,704.68,161.66,2024-10-04
4096109405,8739937969,59510528.0,8.58,0.0,374.76,8.34,2024-10-04
4073978577,3545887451,16218020.0,12.63,4.93,178.88,13.73,2024-10-04
4073978577,8069231929,87336454.93,97.45,29.59,1151.81,110.85,2024-10-04
4073978577,4682379109,165592086.83,173.24,46.03,1805.73,249.17,2024-10-04
4073978577,6519406958,124317043.96,136.25,39.45,1466.85,214.84,2024-10-04
4073978577,9807472407,217033834.99,293.25,82.19,2532.2,428.7,2024-10-04
6005829971,4304584543,305837327.0,436.81,340.16,20755.95,505.5,2024-10-04
4299868633,8779908416,799025216.0,118.86,0.0,1938.29,120.76,2024-10-04
4299868633,3207855760,109517952.0,14.99,0.0,235.82,15.23,2024-10-04
4299868633,1120393615,735866720.0,659.61,0.0,37452.5,670.15,2024-10-04
1647595610,1196205083,305090349.32,1033.28,46.04,19107.22,989.62,2024-10-04
1647595610,9997328438,506063319.63,880.31,725.59,13393.25,843.12,2024-10-04
6487975423,8594247048,43763664.0,34.54,3.21,187.72,39.55,2024-10-04
3501640769,3505867541,107560.0,6.67,45.21,13.24,6.54,2024-10-04
3600040380,8722360619,2642674581.59,1042.66,66.16,51804.26,13471.37,2024-10-04
3600040380,1618780767,858078849.99,425.62,14.36,35647.87,1833.65,2024-10-04
3600040380,5396238075,354807271.76,155.06,5.38,13958.89,1023.12,2024-10-04
3600040380,1761037974,3265403107.77,1147.47,378.07,692450.56,660350.71,2024-10-04
6877471451,6605087850,60913430.0,95.89,2.19,730.33,107.42,2024-10-04
6877471451,2268083493,131047559.22,78.97,2.19,1204.65,93.73,2024-10-04
8500403487,6985941192,46760518.56,21.96,1.56,259.46,22.48,2024-10-04
8500403487,1808963021,63254165.36,9.55,2.6,173.71,9.77,2024-10-04
7180277247,2669966094,61157740.29,12.6,1.87,84.73,15.29,2024-10-04
6111885933,2648107141,240396849.23,71.68,17.14,1269.83,64.82,2024-10-04
6111885933,9323706607,38157826.0,6.23,0.0,112.98,5.64,2024-10-04
3550535444,8777719213,61984841.62,24.71,5.41,425.71,26.98,2024-10-04
3550535444,7499600335,106881163.23,31.36,15.33,499.23,34.25,2024-10-04
3592936300,6788200814,104883250.3,25.74,1.01,271.67,23.37,2024-10-04
3592936300,3538113685,87294522.92,22.52,6.04,223.05,20.45,2024-10-04
3592936300,3669934874,104098344.0,28.95,3.02,874.22,26.29,2024-10-04
7869137619,3184668181,257327975.53,339.48,2.48,10795.71,1524.26,2024-10-04
7869137619,1491766291,471746198.3,1029.39,36.15,38633.6,1040.15,2024-10-04
7869137619,9943898137,10357860.2,4.38,0.0,204.44,19.24,2024-10-04
7869137619,7720447243,205037485.27,935.22,6.14,28245.84,899.37,2024-10-04
7869137619,5205016196,294524503.0,101.84,0.0,763.43,94.19,2024-10-04
2672329958,6951255603,887588906.79,150.86,0.0,81733.02,189.75,2024-10-04
2672329958,8006829716,290199144.0,259.32,0.47,3680.82,283.54,2024-10-04
2672329958,8403774764,806014700.65,1210.81,0.93,64104.89,2046.23,2024-10-04
2672329958,5033663938,110388750.69,6.9,0.0,11259.53,7.55,2024-10-04
2672329958,3187528652,66030936.0,50.29,0.95,197.08,54.98,2024-10-04
2672329958,3630676019,11102103.0,17.75,0.0,382.74,19.41,2024-10-04
2672329958,3674379497,3199251.0,1.97,0.0,34.28,2.16,2024-10-04
2672329958,1991332580,17233109.51,66.06,0.0,2955.32,88.4,2024-10-04
2672329958,7621903361,11633640.0,4.93,0.0,1184.41,5.39,2024-10-04
2672329958,7367371014,3189201908.9,2404.85,30.69,4708.13,2629.49,2024-10-04
2672329958,2316648692,1684569572.5,756.26,14.27,4828.1,826.9,2024-10-04
2672329958,9875049019,3831078.0,0.99,0.0,206.61,1.08,2024-10-04
2672329958,7275036610,33547595.71,548.22,0.0,19017.25,652.25,2024-10-04
2672329958,1796779381,32334675.41,83.81,0.0,741.69,91.64,2024-10-04
2672329958,7109394127,26581968.8,396.37,0.0,25875.22,473.29,2024-10-04
2672329958,6817132890,29408236.28,3094.07,0.0,55565.51,13321.0,2024-10-04
2672329958,5879726832,344001383.33,360.88,1.86,1503.37,394.58,2024-10-04
2672329958,9511976970,258096558.7,169.59,0.93,598.87,185.43,2024-10-04
2672329958,9067581907,561624.0,0.99,0.0,6.66,1.08,2024-10-04
2672329958,7453232577,10119261.0,6.9,0.0,164.71,7.55,2024-10-04
2672329958,3831694056,20565547.63,174.52,0.0,6578.06,1757.3,2024-10-04
8347115882,6700896402,674226154.4,356.02,35.99,99238.28,27092.49,2024-10-04
8347115882,3746656817,108375520.0,7.8,0.0,271.3,8.37,2024-10-04
1021909544,9058740817,45986300.65,261.0,0.0,573.19,309.65,2024-10-04
1021909544,6379778729,177475930.53,167.26,0.01,15860.33,240.96,2024-10-04
1021909544,7258845784,344057006.56,258.24,1.4,18908.77,801.37,2024-10-04
8181642239,3782873703,76444092.0,187.37,5.71,7469.46,225.12,2024-03-04
8181642239,2824471977,32280747.0,619.75,2.09,85244.76,744.62,2024-03-04
8181642239,4513918041,3582416757.0,4089.63,92.9,153356.19,4913.64,2024-03-04
8181642239,6878121145,3851761863.0,4546.34,212.61,168900.43,5462.37,2024-03-04
8181642239,9831685871,22194324006.0,23484.76,575.4,690463.27,28216.64,2024-03-04
8181642239,5765519280,33054888.0,58.55,4.59,1532.9,70.35,2024-03-04
8181642239,6311186256,44126037.0,136.92,5.65,3629.78,164.51,2024-03-04
8181642239,6862247394,33568777719.0,62283.11,2302.63,1832809.01,74832.39,2024-03-04
8181642239,3162025308,81275478.0,203.58,21.45,14219.12,244.6,2024-03-04
8181642239,4957786229,4371098550.0,3423.04,115.98,53071.79,4112.74,2024-03-04
9565398844,3977931455,3878366013.46,3167.53,310.7,34021.28,3108.8,2024-03-04
9565398844,4338791803,798119352.13,1858.54,269.38,4291.76,1866.2,2024-03-04
9565398844,8260044871,2148037261.0,1516.13,91.47,5172.36,1488.01,2024-03-04
9782017208,2057782514,45071987096.93,76171.25,18367.02,6240978.89,1108435.49,2024-03-04
4215306006,3518876723,526066752.86,189.99,678.46,38855.22,21520.33,2024-03-04
9566447651,5581486490,48737570.0,31.49,10.34,77.3,30.83,2024-03-04
2977761935,6460405104,504758522.25,6479.38,10.29,119555.64,36537.08,2024-03-04
6835683414,6993359403,820330718.74,1285.75,168.69,104567.77,28732.63,2024-03-04
9634558898,7701125894,243305557.85,58.28,0.0,66950.18,9029.89,2024-03-04
3086145695,5810162070,3253232274.0,15535.05,109.34,26948.2,13917.89,2024-03-04
3086145695,5320558629,30311199215.51,26635.16,144.21,3075488.08,117378.13,2024-03-04
3086145695,1584062098,15586594405.49,17957.4,145.46,1889216.04,17485.09,2024-03-04
3086145695,8844330100,2627800642.21,3414.85,15.55,132786.65,3217.23,2024-03-04
3086145695,9932223162,3298425633.08,3819.28,10.44,400883.98,3427.4,2024-03-04
3086145695,8138649143,18280547.0,38.21,1.0,62.44,34.24,2024-03-04
3086145695,7746993730,1245132221.89,10175.54,65.97,1360708.5,10131.95,2024-03-04
5082057286,5897492062,145702152.0,180.59,1.17,1605.98,187.31,2024-03-04
5082057286,6387857551,141114312.0,167.55,1.14,1034.55,173.78,2024-03-04
5082057286,6940638155,10638054.0,11.04,0.0,141.12,11.45,2024-03-04
5082057286,8516030287,810639596.4,468.54,4.24,55800.88,6857.55,2024-03-04
5082057286,5918784997,245205579.1,263.87,1.13,55942.99,329.87,2024-03-04
7017462971,5111421035,432234211.58,204.91,4.62,36800.14,4525.24,2024-03-04
5128952228,1551397543,1290729313.87,8.27,0.0,3168.2,2383.26,2024-03-04
5128952228,9930103271,3338908929.17,136.51,3.38,5322.23,464.14,2024-03-04
5128952228,1236415031,17786939061.32,247.17,72.59,6581.97,1768.78,2024-03-04
7757875170,1848559060,178633285506.0,1857.96,18.25,9833.6,2007.49,2024-03-04
7757875170,5341551241,341528545661.47,6634.25,5392.84,610292.47,78767.12,2024-03-04
7757875170,3644920461,51665765132.45,809.48,33.59,128776.28,34801.16,2024-03-04
7757875170,6073342415,25936301665.74,42.12,3.14,133507.26,45.51,2024-03-04
7757875170,6286832197,11700791267.53,12.82,77.0,31474.47,24415.42,2024-03-04
4571331389,1451502199,35143406762.07,782.2,54.57,15630.24,840.11,2024-03-04
4571331389,9138097200,15939724224.0,125.31,16.46,477.45,132.7,2024-03-04
4571331389,3243356815,19648457526.0,120.26,12.53,503.55,127.35,2024-03-04
8018066855,2696016597,2835618074.6,50.1,12.73,910.5,51.01,2024-03-04
2009975355,1049592283,86519678286.59,26201.17,1091.19,466319.61,26558.37,2024-03-04
2009975355,6160307749,7268534784.0,80.6,46.22,217.03,81.7,2024-03-04
2009975355,2240943956,4094199062.58,18.68,3.63,142.46,18.93,2024-03-04
5171899165,3249635971,1607292570.98,1121.13,230.82,2136.91,976.12,2024-03-04
5171899165,8187989883,355657410.58,838.44,1.01,21675.31,729.99,2024-03-04
4539006085,3806583041,426283572.0,4821.07,290.05,7796.09,5235.68,2024-03-04
4539006085,2269734252,256381928.2,2166.39,1520.98,41528.0,2352.7,2024-03-04
4539006085,6727961487,275840188.0,296.96,4.35,4245.31,322.5,2024-03-04
4539006085,7932418416,2668439072.0,2929.71,107.28,13123.63,3181.67,2024-03-04
3777659666,8001474655,13683330.0,24.55,62.75,335.25,22.51,2024-03-04
3777659666,9406030834,327316380.46,318.15,401.82,4305.03,291.72,2024-03-04
3777659666,7200527987,3632163814.56,4498.13,7286.05,58568.09,4124.39,2024-03-04
3777659666,8068215226,1014096746.55,1953.93,1758.37,69377.98,1791.58,2024-03-04
3777659666,1415432010,68134330.43,82.86,151.3,2981.17,75.98,2024-03-04
3777659666,7760141095,303275863.0,206.65,398.3,2410.71,189.48,2024-03-04
3777659666,9049839323,5954599662.37,4108.37,3678.1,102267.27,3767.01,2024-03-04
3777659666,8722289739,2214467590.63,1383.1,1733.62,7870.18,1268.18,2024-03-04
3155375047,6320009680,468424000.0,782.11,7.38,37955.48,698.78,2024-03-04
1138743890,6236877545,1863901647.88,1886.34,622.49,141177.05,24732.59,2024-03-04
1138743890,8843712267,1218554048.0,1504.57,211.88,7289.67,1766.92,2024-03-04
7187956485,4592167784,1286117456.0,400.03,26.34,1328.37,432.8,2024-03-04
7187956485,9434389178,438911942.94,230.68,4.73,42334.06,25305.71,2024-03-04
4840214693,6787951094,1255487946.4,1263.37,30.06,142953.39,7727.38,2024-03-04
1848619060,1187852560,123758493.28,91.57,17.57,13220.78,433.62,2024-03-04
3979990204,9370352805,515275098.0,380.32,3.74,11608.63,392.31,2024-03-04
3979990204,2938322847,720345829.0,661.86,23.22,1863.18,682.73,2024-03-04
3979990204,4515775347,338706194.39,420.93,9.52,39143.09,614.17,2024-03-04
3979990204,3056539348,13926119055.27,7644.19,108.88,1266244.47,63189.9,2024-03-04
3979990204,5181324927,60328740.0,44.31,0.0,1084.31,45.71,2024-03-04
3979990204,7210511663,1535891176.52,691.4,14.19,70803.86,12605.22,2024-03-04
3979990204,7331017676,3633010428.32,2362.21,25.72,209568.11,3207.01,2024-03-04
3979990204,5409356300,90822005.0,69.23,4.64,1312.44,71.42,2024-03-04
6727254708,8428077364,889487910.0,1089.2,21.39,53615.05,1085.84,2024-03-04
6727254708,9677875686,621603240.0,404.8,1.96,15191.34,403.56,2024-03-04
6727254708,9175808397,1384877910.0,1296.31,28.46,35907.28,1292.31,2024-03-04
6727254708,6213872490,240719100.0,203.34,0.98,8723.48,202.72,2024-03-04
6727254708,1426222378,58081950.0,652.39,37.5,1513.36,650.38,2024-03-04
6727254708,7306363950,3742412855.41,3638.51,70.77,189195.92,3627.3,2024-03-04
6727254708,2300290420,2807430569.2,2597.32,178.58,447558.02,51090.06,2024-03-04
6727254708,2832941736,5601750468.15,3420.11,70.41,180078.64,4599.59,2024-03-04
6727254708,1782736977,9713199632.41,14275.39,152.48,615534.93,14234.23,2024-03-04
6727254708,3110322291,4169454990.0,3899.28,195.22,157012.26,3887.27,2024-03-04
6727254708,1452817654,254438370.0,1007.3,14.39,58994.28,1004.2,2024-03-04
6727254708,8179299134,413000155.41,1689.81,45.65,83223.53,1685.55,2024-03-04
6727254708,2224255630,7286833536.29,4660.87,109.34,210489.16,4646.51,2024-03-04
6727254708,2771937973,16105230.0,48.01,0.0,5692.63,47.86,2024-03-04
8569046102,4104440111,3175602171.82,5102.09,58.66,519725.58,4475.6,2024-03-04
8569046102,8905118855,17721858894.34,21222.72,271.03,1415845.71,18610.84,2024-03-04
8569046102,5077602468,6845287539.05,7828.68,58.84,484938.05,6863.19,2024-03-04
8569046102,2026749620,1740766240.9,1333.69,8.47,133317.74,1169.21,2024-03-04
8569046102,5429744666,373774322.58,2356.81,27.54,104987.1,2067.97,2024-03-04
8569046102,6993548925,2742709547.17,4791.52,21.55,359915.22,4202.42,2024-03-04
4765961919,5839318961,785879100.0,10726.6,312.2,16614.46,9901.14,2024-03-04
4765961919,2144622753,15136830.0,556.75,11.05,780.3,513.91,2024-03-04
4765961919,5119665435,10055250.0,299.64,1.0,446.71,276.58,2024-03-04
4765961919,5728753172,108223920.0,2102.4,38.75,3185.43,1940.61,2024-03-04
4765961919,9514757690,56819520.0,1162.95,26.58,1620.03,1073.45,2024-03-04
4765961919,1033563909,5532840.0,250.19,1.0,353.72,230.94,2024-03-04
4765961919,7822116306,2248069410.0,6064.92,45.68,115274.53,5598.2,2024-03-04
4765961919,8642879381,1075499730.0,2368.42,28.28,87528.81,2186.16,2024-03-04
4765961919,5487028404,199432149.75,431.16,3.01,14677.12,397.98,2024-03-04
4765961919,9059403974,1920199590.0,5467.63,121.5,290834.45,5046.87,2024-03-04
4765961919,7433118976,1324792544.8,964.18,6.72,47872.48,889.98,2024-03-04
4765961919,8132244576,803023860.42,1866.05,22.17,65343.93,1727.93,2024-03-04
4765961919,9844496299,111438584.41,119.66,1.26,6921.09,110.45,2024-03-04
4765961919,4175568768,1606201151.2,2331.83,26.29,62273.53,2152.38,2024-03-04
4765961919,3161828814,4447088820.0,10233.14,237.63,452160.12,9445.65,2024-03-04
4765961919,3950869417,2026402650.0,4591.46,99.52,241737.83,4238.13,2024-03-04
4765961919,6171542340,10119525120.0,11873.72,231.37,680112.32,10959.99,2024-03-04
4765961919,5943525090,285728462.47,932.53,14.09,42084.46,879.94,2024-03-04
4765961919,3656231183,30092571.32,37.58,0.5,4923.37,122.32,2024-03-04
4765961919,4407903355,67422938.08,292.71,3.31,14881.31,273.84,2024-03-04
4765961919,6286150630,133291798.53,201.74,2.91,5770.77,194.43,2024-03-04
4765961919,4179876316,4162834651.42,8553.0,191.78,351032.61,7938.62,2024-03-04
4338917831,5157434288,688419404.0,2050.85,0.0,11672.55,1914.51,2024-03-04
4338917831,9585010353,157146340.0,1940.21,0.0,7976.38,1811.23,2024-03-04
5660113447,3468528899,2046091680.0,1706.86,16.63,8679.33,1638.23,2024-03-04
5660113447,1595196350,47997057.08,158.68,0.66,12873.26,153.28,2024-03-04
8308372271,3095974941,3116557976.47,947.9,320.36,156474.72,85202.01,2024-03-04
3970113188,2409760802,815126355.0,156.7,2.84,6072.71,173.73,2024-03-04
1430064570,7762759321,268418949.34,426.22,1.85,10655.57,427.66,2024-03-04
1430064570,5145163011,9009805.0,26.36,0.02,47.48,23.65,2024-03-04
1430064570,2841595741,65173115.0,34.05,0.0,542.03,30.55,2024-03-04
1430064570,4145974114,228880419.72,659.1,0.0,9320.29,591.24,2024-03-04
1430064570,4230682381,181511400.0,113.15,0.92,1021.74,101.5,2024-03-04
1430064570,5834131155,84233846.96,157.09,0.92,3752.65,147.81,2024-03-04
7930903559,2854749465,1755648.0,3.29,0.0,326.93,2.73,2024-03-04
7930903559,3998095774,13048488.0,18.65,0.0,114.81,15.49,2024-03-04
7930903559,9917804571,521208.0,1.1,0.9,18.49,0.91,2024-03-04
8000140564,3189854782,167385598.71,178.98,14.18,1349.32,169.37,2024-03-04
8000140564,3076726376,489645328.81,302.44,23.03,3291.68,286.2,2024-03-04
8000140564,1359798990,731346685.6,518.75,34.94,5829.82,490.89,2024-03-04
8000140564,1735350712,744085342.16,498.65,36.16,4311.83,471.87,2024-03-04
8000140564,5408085396,565045869.33,222.05,11.03,2543.57,210.12,2024-03-04
8000140564,7161615415,348946716.84,235.45,36.66,1981.36,222.8,2024-03-04
8000140564,6024807345,559270922.0,332.11,40.89,3605.44,314.28,2024-03-04
8000140564,2508835288,345289073.4,200.03,16.2,1702.06,189.29,2024-03-04
8000140564,7567478824,108521793.21,46.9,0.99,371.79,44.38,2024-03-04
8000140564,8318542859,113311674.0,55.51,4.47,609.37,52.53,2024-03-04
8000140564,9130319191,113698438.0,181.85,18.15,1315.77,172.08,2024-03-04
8000140564,4796391487,1647736776.0,759.94,94.12,7367.75,719.13,2024-03-04
8000140564,5736100848,282956227.9,122.51,8.93,539.55,115.93,2024-03-04
8000140564,8957190537,94642616.43,63.17,2.54,184.08,59.78,2024-03-04
8000140564,1149141877,50029399.21,39.24,1.05,169.57,37.13,2024-03-04
8000140564,9564366225,38793586.44,91.88,15.8,252.09,86.95,2024-03-04
8000140564,8985072728,64763148.34,55.51,0.44,147.81,52.53,2024-03-04
8000140564,6861586485,200150370.0,88.05,11.47,275.67,83.32,2024-03-04
8000140564,8915708680,227325630.0,206.73,24.17,538.64,195.63,2024-03-04
8000140564,4414317584,127947638.0,113.89,26.79,234.86,107.78,2024-03-04
8000140564,8697411426,694546720.0,178.02,19.16,630.23,168.46,2024-03-04
8000140564,4758602277,85525734.0,117.72,16.55,217.63,111.4,2024-03-04
8000140564,9920379687,73189998.0,46.9,9.19,131.49,44.38,2024-03-04
8000140564,2785842466,254057082.38,199.08,5.85,12795.85,192.91,2024-03-04
8000140564,3282279106,289492854.0,137.82,22.71,1349.32,130.42,2024-03-04
8000140564,7369273684,199640179.43,126.34,6.32,7770.37,902.08,2024-03-04
8000140564,7897054373,399750559.05,245.97,8.41,11805.63,1679.17,2024-03-04
8000140564,6835413833,198653693.06,78.48,5.17,1461.76,87.85,2024-03-04
8000140564,3564755409,244272000.0,100.5,12.08,388.11,95.1,2024-03-04
8000140564,6581304792,117708570.0,47.85,4.2,433.45,45.29,2024-03-04
8000140564,4010991219,459012736.56,280.43,38.88,3154.76,265.37,2024-03-04
8000140564,5383985748,419180930.0,169.41,13.66,1452.69,160.31,2024-03-04
8000140564,6721458095,177163513.74,92.84,11.03,817.93,87.85,2024-03-04
8000140564,2536940292,41271790.0,47.85,8.41,481.51,45.29,2024-03-04
8000140564,2337543367,335319985.0,117.72,8.41,4706.29,766.22,2024-03-04
8000140564,5428471916,156131655.86,60.3,5.78,598.49,57.06,2024-03-04
8000140564,5794855495,107764664.0,69.87,5.78,515.06,66.12,2024-03-04
8000140564,8607415353,220292632.0,121.55,7.35,1390.12,115.02,2024-03-04
8000140564,6450666241,175959540.82,133.04,11.56,1091.79,125.89,2024-03-04
8000140564,6802903185,39753870.56,34.46,6.3,184.99,32.61,2024-03-04
8000140564,2814787845,122924986.35,53.6,6.3,546.8,50.72,2024-03-04
8000140564,3559894019,114410898.0,59.34,6.3,170.48,56.15,2024-03-04
8000140564,2342519279,764921049.62,432.61,23.64,5344.68,409.38,2024-03-04
8000140564,4187537434,360608267.21,106.24,1.05,10809.06,500.85,2024-03-04
8000140564,6885490146,11336829.42,15.31,5.25,34.46,14.49,2024-03-04
5509067989,4711826383,320288604.0,89.41,0.0,679.01,97.17,2024-03-04
5509067989,3750866415,92570868.0,23.84,0.0,54.48,25.91,2024-03-04
5509067989,2290075946,256282902.56,465.95,0.0,19333.43,2005.0,2024-03-04
5509067989,6984569049,447825012.0,197.71,3.96,2204.36,214.86,2024-03-04
5509067989,3096214023,395264940.0,137.1,1.98,1507.84,149.0,2024-03-04
6991056822,7316060371,49285621.85,302.06,186.09,2415.92,298.31,2024-03-04
6991056822,8112819959,43738432.46,78.75,29.89,3023.11,111.87,2024-03-04
6991056822,8034712815,109942737.57,379.74,184.16,9888.73,385.67,2024-03-04
6991056822,1951746329,65648345.19,227.63,109.92,7445.25,230.13,2024-03-04
6991056822,5766394111,470968810.15,1572.89,710.62,48429.51,1582.12,2024-03-04
6991056822,3052687063,61703688.0,802.63,0.0,2288.23,792.66,2024-03-04
6991056822,5647596576,13857069.14,31.29,13.5,883.69,30.9,2024-03-04
6991056822,6318677993,9432732.26,31.29,8.68,1050.88,30.9,2024-03-04
6991056822,6218426474,2816007.47,12.95,8.68,326.1,12.78,2024-03-04
6991056822,5679017316,2241560.16,45.31,35.68,273.74,44.75,2024-03-04
6991056822,6261741181,8994715.44,35.6,17.36,832.25,36.22,2024-03-04
6991056822,7795796565,9419065.91,24.81,17.36,436.33,24.5,2024-03-04
6991056822,1930106511,3655851.77,15.1,7.71,305.89,17.05,2024-03-04
6991056822,4899965614,11648258.53,57.18,34.71,823.07,57.53,2024-03-04
6991056822,3725921151,987999.12,7.55,6.75,148.81,8.52,2024-03-04
6991056822,6004667228,11087551.78,43.15,20.25,1365.04,45.81,2024-03-04
6991056822,9520488548,10023132.24,29.13,15.43,1120.69,30.9,2024-03-04
6991056822,9815022543,39939890.14,93.86,55.92,1961.21,96.95,2024-03-04
6991056822,9213551383,8750558.1,62.57,37.6,529.11,61.79,2024-03-04
6991056822,7630972381,17984596.44,29.13,19.28,928.7,29.83,2024-03-04
6991056822,3299123995,13262748.0,59.33,32.78,724.78,58.6,2024-03-04
6991056822,4818142430,9375346.59,32.36,18.32,1171.21,34.09,2024-03-04
5984451547,3980672464,64892182.0,36.01,13.23,129.27,30.66,2024-03-04
5984451547,7798562783,0.0,0.0,0.0,0.99,0.0,2024-03-04
5984451547,1061321074,74670605.0,38.19,11.5,133.25,32.52,2024-03-04
7526521017,2018846477,1351328178.67,503.2,7.72,6322.08,531.27,2024-03-04
4631721175,7904037909,14318270819.24,200.2,17.87,14658.34,5413.91,2024-03-04
8367057304,1587827183,109360748.0,38.35,0.0,142.82,43.22,2024-03-04
8367057304,3540231905,242742276.0,39.31,0.0,733.12,44.3,2024-03-04
2156171975,3180977400,24806361200.0,38.29,8.18,82.63,41.91,2024-03-04
2156171975,8321544768,1561706400.0,5.89,3.6,8.06,6.45,2024-03-04
3878840424,2141041580,24720584424.2,5745.53,73.06,89220.19,5678.16,2024-03-04
3878840424,7008561256,57827144387.41,11063.13,129.74,181453.49,10933.41,2024-03-04
3878840424,5690205900,2809501706.53,10913.16,115.82,939517.9,10940.02,2024-03-04
3878840424,8889222202,59811840.0,25.79,0.0,236.9,25.49,2024-03-04
3878840424,6926940570,65716446.15,17.19,0.0,67.69,16.99,2024-03-04
3878840424,8903281635,1104556464.0,556.88,0.0,6143.6,550.35,2024-03-04
3878840424,1911857980,379319494.21,44.89,1.82,542.55,44.37,2024-03-04
2775728868,2662158857,41531882.87,48.21,1.95,316.67,48.24,2024-03-04
4969504105,8881982271,11622029966.27,7360.87,271.52,551368.25,75652.4,2024-03-04
4969504105,1523395940,83786753.95,118.45,6.82,2780.91,156.06,2024-03-04
4969504105,6797586187,382392453.17,148.56,3.91,9978.12,781.2,2024-03-04
4969504105,3535519842,403589693.94,303.15,20.04,3937.81,317.68,2024-03-04
4969504105,6201504117,264775355.68,521.98,48.91,8682.89,731.97,2024-03-04
4969504105,7694448759,513265591.43,125.48,5.38,5451.92,253.59,2024-03-04
4969504105,7818808195,69086160.0,1118.23,0.0,27992.94,1034.79,2024-03-04
4969504105,1984988297,250863185.14,61.23,8.8,666.09,76.17,2024-03-04
4969504105,8721336193,54408023.65,38.14,0.98,262.46,35.3,2024-03-04
3551284065,1189084818,257690915.0,277.38,8.03,2628.28,279.83,2024-03-04
3551284065,8079664411,2143765280.0,923.99,9.59,8144.76,932.16,2024-03-04
3551284065,5312791551,502017105.0,345.1,1.92,3223.44,348.15,2024-03-04
8201637580,9958704136,8420307900.0,104.94,29.07,226.64,93.23,2024-03-04
8201637580,2326143061,27548675700.0,259.66,50.1,626.3,230.66,2024-03-04
3017575657,4843243076,406623061.66,346.65,169.39,8477.5,318.48,2024-03-04
3017575657,3195535552,279047373.4,248.54,63.18,10086.18,435.65,2024-03-04
3017575657,7233604955,137820839.69,124.27,36.62,5707.26,126.19,2024-03-04
3017575657,5796469431,91753715.03,68.68,18.31,2651.67,90.13,2024-03-04
1366387738,4929629501,1736317540.58,328.65,10.97,4910.06,312.69,2024-03-04
1366387738,5276031120,34289658.0,12.4,0.0,136.72,11.8,2024-03-04
2415874979,4996100541,62993318.04,13.7,0.0,65.25,15.69,2024-03-04
2415874979,2683557521,775893923.81,1184.81,0.0,1873492.1,1356.66,2024-03-04
9421916553,2542395569,789714630.27,860.37,2.91,42381.82,7916.6,2024-03-04
9421916553,9682382111,1398933395.04,1017.55,3.13,127183.57,15644.66,2024-03-04
9421916553,2328432792,48690969.06,36.19,1.08,4222.74,1138.62,2024-03-04
7825259319,1564824021,3920515560.0,635.78,257.65,1656.15,682.36,2024-03-04
7825259319,7022685107,2399008590.0,318.81,111.37,601.78,342.17,2024-03-04
8647095904,5426105311,159622818.73,136.61,0.0,108730.89,117.82,2024-03-04
8647095904,9691955741,408290855.04,342.06,2.87,34741.69,1941.68,2024-03-04
3941929869,9451042034,2764390232.0,235.83,95.61,635.05,250.03,2024-03-04
3941929869,5355702391,4876392265.2,42.88,13.95,128.57,45.46,2024-03-04
7861628118,3082896549,187545248.07,36.43,10.9,99.64,38.33,2024-03-04
7220654458,9850379070,70682454.51,306.25,25.85,12859.22,289.6,2024-03-04
7220654458,7631119810,85489724.02,241.05,6.48,2372.96,227.21,2024-03-04
2756827689,3668065024,169763539.06,504.15,58.8,5115.57,614.06,2024-03-04
3223263586,2799572223,2582659793.95,19255.47,600.25,618019.93,16065.52,2024-03-04
3223263586,4519967341,1017326699.37,9318.0,43216.52,189932.13,49137.35,2024-03-04
2062913176,4257459723,299520.0,4.12,11.4,6.13,3.81,2024-03-04
2062913176,5994436383,0.0,0.0,0.0,1.02,0.0,2024-03-04
1035543794,2766691656,5551254.4,7.39,0.0,1167.3,74.47,2024-03-04
1035543794,6704993855,109071420.0,528.96,11.01,34137.6,490.93,2024-03-04
1035543794,4158584440,380440.68,0.0,0.0,92.83,4.9,2024-03-04
1035543794,6048210138,7752402.0,19.0,1.9,742.63,132.29,2024-03-04
1035543794,1029398724,22614277884.12,56097.82,1033.13,3688654.21,52175.76,2024-03-04
1035543794,1336677625,76507353237.09,151287.69,3091.46,10920573.21,143978.67,2024-03-04
1035543794,3028312303,27483482321.91,63741.81,1081.7,3960132.09,59656.31,2024-03-04
1035543794,4007318043,58408555236.88,138629.71,2646.7,8774488.37,128962.68,2024-03-04
1035543794,2414841495,1359570548.64,6019.12,125.06,488299.75,5586.41,2024-03-04
1035543794,3572750171,1299402889.97,4577.95,112.42,253960.94,4248.85,2024-03-04
1035543794,2006217542,6081086995.21,22049.33,415.24,1211652.12,20464.23,2024-03-04
1035543794,2904157192,0.0,0.0,0.0,11.74,0.0,2024-03-04
1035543794,5258388057,1199584846.62,4562.11,84.17,267005.01,4235.13,2024-03-04
1035543794,1807732047,27845099.64,50.68,0.0,3477.35,72.51,2024-03-04
1035543794,1297958966,0.0,0.0,0.0,11.74,0.0,2024-03-04
1035543794,3750657699,210073806.29,988.23,30.77,65575.69,917.19,2024-03-04
1035543794,6376026786,77941570.06,350.53,7.34,34806.61,329.25,2024-03-04
1035543794,3985488676,1307318922.05,3469.36,50.3,223484.22,3220.93,2024-03-04
1035543794,7056375315,5626527.89,29.56,0.0,3309.83,28.42,2024-03-04
1035543794,1436871788,2457401481.75,6107.8,135.35,464098.05,5668.72,2024-03-04
1035543794,6993590041,430815797.47,2283.7,40.86,140470.55,2134.22,2024-03-04
2656837900,5146812398,602507712.0,4786.45,330.68,9834.43,4697.42,2024-03-04
2656837900,6913745275,722929512.0,1713.08,45.82,27243.77,1681.21,2024-03-04
2656837900,6807029253,875733192.0,2275.46,60.52,39572.27,2233.13,2024-03-04
2656837900,5645259899,436762056.0,1332.28,34.08,29000.12,1307.5,2024-03-04
2656837900,1133120806,60474912.0,247.99,2.01,8080.92,243.37,2024-03-04
2656837900,8590978411,10948416.0,16.6,0.0,1575.7,16.29,2024-03-04
2656837900,4322763207,6196200.0,12.45,0.92,1660.82,12.22,2024-03-04
2656837900,8763695616,46035072.0,86.12,6.52,4055.59,84.52,2024-03-04
2656837900,1382432916,63427536.0,200.26,2.3,5861.12,196.53,2024-03-04
2656837900,6014370537,27047760.0,99.61,1.84,2669.05,97.76,2024-03-04
2656837900,3578828435,104096160.0,227.23,8.64,23310.19,223.01,2024-03-04
2656837900,4795723974,126359376.0,148.38,4.59,4732.78,145.62,2024-03-04
2656837900,3594508629,3437544.0,14.53,0.03,512.62,14.26,2024-03-04
2656837900,7217956739,36002616.0,145.26,2.53,3446.5,142.56,2024-03-04
2656837900,8206394479,0.0,0.0,0.0,22.7,0.0,2024-03-04
2656837900,4034327449,23200728.0,59.14,4.59,1279.67,58.04,2024-03-04
2656837900,1999681134,20474400.0,87.16,2.1,2984.0,85.54,2024-03-04
2656837900,9764154719,683327712.0,1902.96,45.05,43004.58,1867.56,2024-03-04
2656837900,7531249950,625008.0,1.04,0.0,131.47,1.02,2024-03-04
2656837900,9686786580,0.0,0.0,0.0,15.13,0.0,2024-03-04
8842840036,1210173408,5832506820.3,27330.59,676.06,1856329.72,24674.85,2024-03-04
8842840036,7145950917,303186484.8,984.72,35.0,59983.84,889.03,2024-03-04
4126844175,6417982894,136422416.0,457.81,7.89,7340.8,490.29,2024-03-04
4126844175,8400772362,76746670.0,125.2,2.02,2739.35,134.08,2024-03-04
9058771111,3686760545,0.0,0.0,0.0,16.35,0.0,2024-03-04
5445022053,9801716838,98893818.0,1192.74,13.97,4152.17,1220.38,2024-03-04
5445022053,6884672541,70630280.85,947.59,17.52,29474.1,969.54,2024-03-04
5445022053,8924508858,72912608.05,581.98,3.75,4924.02,596.56,2024-03-04
3886905599,3438720752,644116576.56,1680.75,26.15,91022.93,1556.36,2024-03-04
9218342578,8783617718,17684356.45,132.05,4.13,6398.61,139.58,2024-03-04
3487944451,8480228235,221303936.0,1295.78,23.94,3740.71,1374.65,2024-03-04
3487944451,9563956867,191473884.0,453.89,5.86,2689.17,481.52,2024-03-04
1757896755,2188364055,31537055.0,62.57,0.0,436.24,57.37,2024-03-04
6591765169,5582285374,62199260.0,108.49,0.0,1236.13,110.71,2024-03-04
6591765169,7710341817,73709960.0,145.97,0.96,1279.9,148.96,2024-03-04
5928471422,6712363138,17456374.0,21.64,0.98,551.36,19.88,2024-03-04
5928471422,8521910008,88008804.0,200.93,0.18,4900.48,184.57,2024-03-04
5928471422,4037418470,163500402.0,215.35,5.21,5801.95,197.82,2024-03-04
5928471422,9627551459,203143200.0,219.48,6.44,5581.03,201.6,2024-03-04
5928471422,3779138848,428452908.0,742.92,7.49,18457.08,682.43,2024-03-04
5966024179,2299488514,1489890248.0,13827.61,309.86,926987.79,15445.08,2024-03-04
5966024179,4237016550,983620272.28,436.04,184.95,65414.46,36886.46,2024-03-04
2600529780,2063352359,1627110771.38,645.57,5.18,620903.53,16361.88,2024-03-04
3851958960,9921036229,597381.55,16.41,0.0,68.44,14.76,2024-03-04
3144474603,8739736793,0.0,0.0,0.0,69.0,0.0,2024-03-04
3144474603,3055884931,0.0,0.0,0.0,15.43,0.0,2024-03-04
3144474603,5032004553,11110370.0,2.19,0.0,34.5,2.14,2024-03-04
3144474603,9479639228,4617429.0,3.28,1.1,59.01,3.21,2024-03-04
3144474603,2924289979,9856631.0,3.28,0.0,29.05,3.21,2024-03-04
3144474603,3163704591,2140530.0,3.28,1.1,59.01,3.21,2024-03-04
3144474603,9733453076,5544992.0,3.28,0.0,68.09,3.21,2024-03-04
3144474603,8028726008,6594871.0,4.38,0.0,10.89,4.27,2024-03-04
3144474603,2355571242,8409225.0,4.38,0.0,33.59,4.27,2024-03-04
3144474603,8861322422,18795892.0,4.38,0.0,21.79,4.27,2024-03-04
3144474603,6151784243,17460609.0,5.47,0.0,53.57,5.34,2024-03-04
3144474603,2519009019,8878103.0,5.47,2.2,42.67,5.34,2024-03-04
3144474603,6894208979,6574485.0,6.57,2.75,48.12,6.41,2024-03-04
3144474603,6686202636,23729304.0,7.66,0.0,28.14,7.48,2024-03-04
3144474603,6031250559,13791129.0,8.76,0.0,42.67,8.55,2024-03-04
3144474603,7014924901,31231352.0,8.76,2.2,147.99,8.55,2024-03-04
3144474603,6938393655,9234858.0,9.85,1.1,58.11,9.62,2024-03-04
3144474603,1987218596,12537390.0,9.85,1.1,62.65,9.62,2024-03-04
3144474603,1553963546,26399870.0,14.23,3.02,89.88,13.89,2024-03-04
3144474603,3617942643,24952464.0,14.23,0.0,118.03,13.89,2024-03-04
3144474603,9748939997,58028749.0,14.23,2.22,95.33,13.89,2024-03-04
3144474603,2175636138,39579419.0,15.32,1.1,196.11,14.96,2024-03-04
3144474603,4457717375,46092746.0,16.42,3.11,124.38,16.03,2024-03-04
3144474603,6534139585,40680263.0,24.08,1.09,154.34,23.51,2024-03-04
3144474603,2602717003,70413244.0,26.27,3.3,71.72,25.65,2024-03-04
3144474603,9803693166,218170972.0,41.59,3.3,235.15,40.61,2024-03-04
3144474603,7281889257,227122036.49,42.69,4.4,523.86,41.68,2024-03-04
3144474603,7933756559,123977459.0,42.69,5.5,473.92,41.68,2024-03-04
3144474603,1664212110,126444165.0,44.88,3.3,239.69,43.81,2024-03-04
3144474603,3407772730,224633277.94,67.87,9.35,536.57,66.25,2024-03-04
3144474603,2324348526,298909725.0,86.47,6.59,370.42,84.42,2024-03-04
3144474603,9230618341,445495258.0,94.14,1.1,456.67,91.9,2024-03-04
3144474603,5687911352,339477865.0,95.23,10.63,717.24,92.97,2024-03-04
3144474603,5411794774,670944032.0,146.68,21.26,1081.31,143.19,2024-03-04
3144474603,3233033323,880766937.0,236.43,26.07,658.23,230.82,2024-03-04
3144474603,7182713900,1318780533.0,379.83,32.71,3400.99,370.8,2024-03-04
3144474603,5875435663,591754615.0,958.87,39.27,45707.32,936.09,2024-03-04
3144474603,6021828990,1116806238.0,1011.41,33.16,67429.73,987.39,2024-03-04
3144474603,1475482059,9221106512.6,3655.96,247.41,15269.06,3569.12,2024-03-04
4221243019,5582781761,1610037865.06,2179.12,66.66,203765.49,31181.13,2024-03-04
4925883884,7501348991,55056816.55,252.0,2.44,9665.12,257.59,2024-03-04
4925883884,3576483186,7892847346.14,10521.03,184.11,517013.62,9385.73,2024-03-04
4695215334,9515395501,11629439424.0,3138.58,158.7,22600.86,3335.1,2024-03-04
4695215334,7231652811,413119409.7,183.82,33.06,317.47,195.33,2024-03-04
4695215334,4509106959,1187688934.48,343.33,80.75,669.76,364.83,2024-03-04
4695215334,2528213058,2330496.0,0.97,0.0,43.01,1.03,2024-03-04
4695215334,7351226864,79892430.57,47.66,3.57,5209.6,258.37,2024-03-04
4695215334,7979269146,1480961664.0,378.34,13.74,5624.36,402.03,2024-03-04
4695215334,4416915735,0.0,0.0,0.0,1.02,0.0,2024-03-04
4695215334,8638174957,69816960.0,27.23,0.0,269.34,28.94,2024-03-04
4695215334,5058988802,332613620.99,614.68,51.54,43270.27,1068.64,2024-03-04
3618949692,2996242952,126735147.0,46.2,2.13,273.54,48.94,2024-03-04
3618949692,7453680893,352591701.0,115.99,7.73,2310.5,122.86,2024-03-04
3618949692,1207477902,55902924.0,37.35,4.64,645.55,39.57,2024-03-04
3618949692,8137933576,41192151.0,15.73,0.0,43.77,16.66,2024-03-04
3618949692,9171967339,5274423.0,8.85,0.0,36.47,9.37,2024-03-04
3618949692,2134255170,8701308.0,7.86,0.0,32.82,8.33,2024-03-04
3618949692,6013351162,72431436.0,59.96,0.0,199.68,63.51,2024-03-04
3618949692,6077202362,35113155.0,23.59,0.31,84.8,24.99,2024-03-04
3618949692,1069554114,88801020.0,31.46,0.16,744.03,33.32,2024-03-04
3618949692,7607908731,690830217.0,477.74,59.2,921.83,506.02,2024-03-04
3618949692,9040172038,2115729.0,7.86,1.33,14.59,8.33,2024-03-04
3618949692,2469494668,60303243.0,36.37,0.0,413.96,38.52,2024-03-04
3618949692,9021924274,126168966.0,67.83,7.44,1881.04,71.84,2024-03-04
3618949692,1446058529,10151526.0,8.85,1.07,320.95,9.37,2024-03-04
3618949692,2296553361,256495991.09,417.77,1.07,33422.03,894.39,2024-03-04
5007176908,9655669412,484065165.13,137.12,111.33,404.01,121.42,2024-03-04
5007176908,8973749094,788405747.25,300.4,155.85,467.42,266.02,2024-03-04
5007176908,8561532843,93459708.0,23.03,17.36,108.42,20.39,2024-03-04
9823895920,4246003312,603905370.01,438.97,133.61,1178.56,451.13,2024-03-04
9823895920,8898743150,38439220.0,62.13,16.97,180.56,63.85,2024-03-04
3539058667,7075913638,765241545.02,179.46,67.72,816.08,182.0,2024-03-04
3066661500,6568645403,82611468.0,76.4,39.66,323.23,80.72,2024-03-04
2830511829,8805696106,11547059.37,52.72,9.63,1603.55,48.1,2024-03-04
2830511829,6491765159,282359115.61,133.29,57.64,496.36,121.61,2024-03-04
2344918624,7705066015,16604884.16,16.43,6.54,79.34,15.85,2024-03-04
2344918624,1365052247,401912631.2,123.77,44.68,294.42,119.44,2024-03-04
2344918624,8848571191,1524526858.85,122.67,41.41,1464.44,118.38,2024-03-04
5460111518,8046940210,286728283.0,287.43,6.6,3067.95,322.4,2024-03-04
5460111518,8115677831,149876090.1,2888.35,100.54,46115.6,5820.09,2024-03-04
5788584904,7974221297,340878510.0,219.12,12.22,1143.86,251.81,2024-03-04
1638662180,1605261240,366263230.42,1258.12,169.87,19547.94,1139.51,2024-03-04
1638662180,6203488869,864817856.0,304.06,156.96,827.89,271.91,2024-03-04
1638662180,9560298642,79989975.24,1596.56,1290.79,38987.22,1432.55,2024-03-04
1638662180,1181413006,82370848.0,51.57,12.76,120.64,46.12,2024-03-04
1638662180,8387062886,776211072.0,77.36,1.82,210.89,69.18,2024-03-04
1638662180,5596879416,63684768.0,17.19,0.0,72.75,15.37,2024-03-04
1638662180,2723634347,33678400.0,9.67,0.0,208.12,8.65,2024-03-04
1638662180,3352567563,94106045.2,2174.59,1858.17,55230.06,1944.66,2024-03-04
1638662180,6667881466,864055258.61,648.94,126.83,31413.74,797.46,2024-03-04
6718405214,3136641942,294232958.48,304.5,11.0,28956.56,337.56,2024-03-04
6718405214,4262487866,561228561.46,344.14,220.91,1899.06,370.54,2024-03-04
1295015522,7858228966,16016097074.05,9555.72,30.27,3724921.96,367838.98,2024-03-04
5982728792,7341917791,189156137.0,175.2,11.52,1736.7,172.84,2024-03-04
5982728792,8168056870,72010614.18,91.87,6.28,2037.85,90.64,2024-03-04
3963576121,6654568382,2301295360.0,1329.32,34.85,5540.89,1180.64,2024-03-04
3963576121,3837806828,965417180.0,984.92,14.67,3636.27,874.76,2024-03-04
3963576121,7243149849,56866810.0,37.55,1.84,233.95,33.35,2024-03-04
3963576121,7131081197,689256295.0,549.32,10.92,2746.45,487.88,2024-03-04
3963576121,9942113440,84975800.0,89.05,1.58,373.93,79.09,2024-03-04
3963576121,6776326615,22238125.0,35.41,0.0,93.98,31.45,2024-03-04
3963576121,2290337261,319883655.0,430.23,1.01,1162.77,382.11,2024-03-04
3963576121,8081867096,239313620.0,406.63,6.48,2081.58,361.15,2024-03-04
3963576121,1718619365,411347755.0,384.1,2.35,1442.71,341.14,2024-03-04
6999723176,1137310196,24838.47,0.0,0.0,49.95,1.89,2024-03-04
6999723176,9505400263,258394922.7,280.98,27.38,23693.24,361.26,2024-03-04
6999723176,3944139453,1283397481.88,6735.66,76.58,339301.64,6429.81,2024-03-04
6999723176,9426254315,9094335504.92,25781.85,640.07,2526679.4,24487.96,2024-03-04
6999723176,9761517410,3540032020.04,11543.29,265.22,1020681.32,10955.93,2024-03-04
3059796702,6953862978,934488261.91,477.5,1101.32,156824.23,61439.85,2024-03-04
3059796702,4710538489,939253632.85,159.89,1410.7,115349.67,81664.52,2024-03-04
3059796702,3746782976,1669165518.54,3592.67,2234.75,1894785.28,31950.91,2024-03-04
3059796702,6127519090,787331382.81,1931.76,1153.86,880297.08,19972.81,2024-03-04
3059796702,2000353642,2266625085.18,3551.34,850.97,220841.08,82802.1,2024-03-04
3059796702,2959313438,934840736.87,19865.75,342.26,683238.56,16974.56,2024-03-04
3059796702,5926641707,4819907738.21,29971.57,38229.13,5891742.59,927684.33,2024-03-04
2902900350,6653720516,45497945386.5,66226.3,1860.87,5304515.96,75497.79,2024-03-04
2902900350,5067682493,53259447300.97,40355.28,491.27,4004461.13,46003.62,2024-03-04
2902900350,3188246310,8176274854.66,19722.21,361.57,1013659.23,22493.16,2024-03-04
2902900350,3757181915,35181089653.35,119288.45,3701.09,8983502.57,136038.4,2024-03-04
2902900350,6676788718,13837182198.04,84357.72,3110.1,5216284.38,96164.88,2024-03-04
2902900350,6452399867,39726926891.53,20411.36,562.85,1225519.86,23268.24,2024-03-04
2902900350,5517350930,20063083060.52,23156.89,876.46,3083484.55,26398.06,2024-03-04
2902900350,1872899935,7546986005.73,19546.68,573.53,866580.0,22282.54,2024-03-04
2902900350,8975146254,1840504992.13,2687.33,43.88,293732.24,3063.47,2024-03-04
2902900350,2492550689,39738124391.55,46799.71,960.21,2735531.47,53350.05,2024-03-04
2902900350,9391665058,8136433365.29,29203.17,756.87,2364320.11,33418.02,2024-03-04
2902900350,4633688258,60631585236.59,78195.97,1502.22,4623334.59,89296.56,2024-03-04
2902900350,1266848585,4455005573.45,11190.91,559.71,709112.92,12759.36,2024-03-04
2902900350,1234043534,6585475383.36,25485.79,419.24,1305383.59,30020.72,2024-03-04
2902900350,9406781051,23478124604.88,94193.42,1180.92,5542530.54,108475.62,2024-03-04
2902900350,3133027408,22844009485.55,32738.55,538.61,2469788.35,37320.81,2024-03-04
2902900350,4261261216,9852478840.72,33644.8,1091.24,2898840.39,38358.11,2024-03-04
2902900350,7477098630,96471169556.96,93332.44,1634.16,4835900.2,106395.75,2024-03-04
2902900350,2354000104,21597260314.3,57526.87,1649.88,5954457.02,65578.64,2024-03-04
2902900350,2436689105,7140983883.52,20015.97,700.59,1621683.27,22821.73,2024-03-04
2902900350,2396538950,7568994968.21,22521.32,566.74,1770879.46,25673.52,2024-03-04
2902900350,7632661460,5707191520.69,11832.03,197.57,1069987.94,13756.65,2024-03-04
2902900350,2767011279,7675552829.81,15714.76,426.27,1489165.21,17914.28,2024-03-04
2902900350,6500874949,24150156412.24,36697.96,816.99,2120194.02,41868.1,2024-03-04
2902900350,9648295567,10517249772.29,32048.47,996.13,2924361.07,36589.96,2024-03-04
2902900350,6660883269,17250980802.09,18147.13,642.04,850873.49,20687.1,2024-03-04
5568905640,8331341244,3087264568.0,2747.63,65.49,72858.43,2847.49,2024-03-04
5568905640,1757450490,690173408.0,695.02,38.64,17835.44,720.28,2024-03-04
5568905640,9681771290,2035720170.0,2164.3,77.62,55034.75,2242.97,2024-03-04
5568905640,5151825186,72218872.0,299.78,4.26,18966.82,310.67,2024-03-04
5568905640,7400537566,336907677.0,735.12,13.74,33217.91,761.84,2024-03-04
5568905640,4737139784,55565746.0,185.21,9.88,7179.47,191.94,2024-03-04
5568905640,1152772430,397581857.0,1307.94,42.21,58752.43,1355.48,2024-03-04
5568905640,6168698334,126807192.0,414.34,17.91,17673.67,429.4,2024-03-04
5568905640,1593605248,220695414.0,754.21,20.79,25938.44,781.63,2024-03-04
5568905640,4094561929,1761930238.0,4218.82,73.77,129174.56,4372.16,2024-03-04
5568905640,4639177609,4976121871.0,6778.37,152.97,141474.66,7024.74,2024-03-04
5568905640,3048539045,915488543.0,1144.69,22.67,33659.09,1186.29,2024-03-04
5568905640,1243846004,701994730.0,566.14,19.74,14657.96,586.71,2024-03-04
5568905640,5877194390,530493351.0,463.98,7.96,12803.04,480.85,2024-03-04
5568905640,9167149395,1114320966.0,1286.94,40.94,34826.75,1333.71,2024-03-04
5568905640,8246121203,107544523.0,119.34,1.5,4525.53,123.67,2024-03-04
7192602240,5305628808,256281401.55,13.7,0.0,40739.25,16937.94,2024-03-04
2009937203,1620578998,24721338.36,677.66,0.0,12269.14,694.58,2024-03-04
2009937203,3983529456,989605403.75,1791.02,61.18,105242.98,2166.75,2024-03-04
2009937203,3322867880,77636652.0,66.64,0.0,1058.83,68.3,2024-03-04
2009937203,4726024983,148146920.41,2362.06,1.93,76825.06,3744.0,2024-03-04
9061489677,2892644150,99030282.0,5.4,0.0,84.04,4.82,2024-03-04
9061489677,9535527754,361301577.0,204.14,22.38,2475.24,182.37,2024-03-04
9061489677,3538890159,420187659.87,25.92,3.2,485.24,23.16,2024-03-04
9061489677,5086670297,143002086.5,18.36,0.0,699.35,16.4,2024-03-04
6096057999,5336250406,5104511348.11,396.14,3.22,10267.52,394.77,2024-03-04
6096057999,8401991828,84463234.88,122.98,0.0,3781.8,1022.58,2024-03-04
6516097529,9158639302,4377423.43,9.4,0.0,291.67,10.42,2024-03-04
7954325167,3511382348,1133445768.0,910.74,192.02,4103.88,943.26,2024-03-04
7954325167,3348231639,1250557096.0,232.49,23.47,2052.45,240.79,2024-03-04
7954325167,6024835393,1116817614.77,9690.58,596.77,153051.08,14946.89,2024-03-04
7954325167,1665333476,375352132.0,10952.94,351.11,277837.4,11344.0,2024-03-04
7954325167,3042509830,1541673278.41,3826.47,154.69,141255.13,4025.77,2024-03-04
7954325167,9112595358,1285080902.4,440.0,12.8,13546.99,3380.01,2024-03-04
7954325167,8030836364,239386053.36,288.21,0.0,22615.91,298.5,2024-03-04
3242008195,2082026989,1301516944.0,319.87,38.25,1955.34,330.69,2024-03-04
3242008195,1135855874,81134848.0,14.63,0.0,109.05,15.12,2024-03-04
3242008195,2101108044,259090736.0,16.58,0.94,104.73,17.14,2024-03-04
3242008195,3343627752,881697607.99,161.88,13.71,14434.51,473.85,2024-03-04
5220099305,1536834826,410749098.0,141.88,8.78,412.56,131.51,2024-03-04
5220099305,6369925877,399994932.0,148.23,13.66,553.64,137.4,2024-03-04
5220099305,7819498208,643486100.94,120.7,9.63,31072.15,16807.46,2024-03-04
2908459842,6849057357,638069462.0,261.52,14.93,1151.18,297.53,2024-03-04
2908459842,5872765849,576464212.0,228.47,12.86,904.08,259.93,2024-03-04
6617865151,9630838892,176891641.45,560.22,1229.82,192495.39,495.03,2024-03-04
6617865151,1906723872,276438277.72,6251.46,0.0,199131.67,5525.73,2024-03-04
6617865151,4955350085,165821263.68,3607.78,2132.12,44228.84,3181.77,2024-03-04
4434935446,8779818137,33519206.21,27.55,15.37,317.61,29.86,2024-03-04
4434935446,4220794442,0.0,0.0,0.0,3.79,0.0,2024-03-04
4434935446,8192782316,0.0,0.0,0.0,2.84,0.0,2024-03-04
4434935446,4122025745,1686204.0,0.92,0.0,2.84,1.0,2024-03-04
4434935446,6596566440,65016319.83,124.9,39.4,5468.64,283.66,2024-03-04
4434935446,1191218511,33014329.71,17.45,10.57,237.03,21.9,2024-03-04
4434935446,8535840933,22450293.0,18.37,9.61,188.67,19.91,2024-03-04
4434935446,7694252561,66166809.26,74.39,22.1,2977.03,185.13,2024-03-04
4434935446,9633131315,19477818.0,2.76,0.0,32.24,2.99,2024-03-04
4434935446,6913992161,48284407.22,73.47,32.67,1679.09,92.56,2024-03-04
4434935446,9161853591,150520183.65,87.25,60.54,1382.33,94.55,2024-03-04
4434935446,3000449979,43750159.27,61.53,16.34,2798.79,147.3,2024-03-04
4434935446,8201401774,21958537.54,10.1,3.84,201.0,10.95,2024-03-04
4434935446,9873203021,0.0,0.0,0.0,33.18,0.0,2024-03-04
1885813372,7572935085,1274759726.81,801.03,55.13,98045.94,29668.72,2024-03-04
1885813372,7469300052,243835080.0,170.37,328.97,1762.0,184.18,2024-03-04
1885813372,4407946687,71938738.32,1586.11,889.29,28400.03,1714.74,2024-03-04
1885813372,2565365629,106280648.27,1674.78,1692.25,49861.4,1812.76,2024-03-04
1885813372,7756636491,35399849.06,2.99,2.78,3137.93,3346.55,2024-03-04
1885813372,7194042486,176581056.59,3558.78,3484.4,121788.91,3849.56,2024-03-04
3841673253,1359508857,1262298095.0,333.1,33.74,2396.52,337.0,2024-03-04
7903592262,2113173717,5766260129.0,3912.12,414.95,40127.81,4005.8,2024-03-04
7903592262,9137835136,872649029.0,735.74,60.76,5970.52,753.36,2024-03-04
7903592262,7364840525,430460655.85,633.93,740.61,177801.43,45930.43,2024-03-04
9265546982,3508466961,918456280.0,1703.02,1326.41,9576.84,1716.76,2024-03-04
9265546982,4072252299,803059396.0,441.59,16.16,2546.51,445.15,2024-03-04
2600150899,2876450235,5714791740.0,3593.88,16.53,25094.05,3549.0,2024-03-04
2600150899,6259337769,1965306420.0,1879.35,1458.96,25277.48,1855.88,2024-03-04
2600150899,1516544156,520685881.95,8127.9,85.71,125010.54,29214.9,2024-03-04
8474378044,3486293439,5835760260.0,2374.33,127.64,16417.84,2048.01,2024-03-04
8474378044,7893937195,1213950210.0,1382.63,15.03,5722.54,1192.6,2024-03-04
3020795441,9090566929,1187618114.0,1572.56,17.24,22973.14,1611.61,2024-03-04
3020795441,7793684943,544020586.0,265.62,1.08,1816.7,272.22,2024-03-04
6896348925,3406540032,988402800.0,420.94,375.93,3543.87,402.47,2024-03-04
6118790924,8949328939,188053110.0,200.73,16.28,5577.83,198.45,2024-03-04
9251961671,3400643635,201451590.31,47.99,3.17,198.32,53.34,2024-03-04
9251961671,6311032259,726133300.0,254.42,1.81,1546.29,282.83,2024-03-04
9251961671,1971342538,259563555.81,84.2,0.9,804.35,93.6,2024-03-04
9251961671,5494633625,13033691.68,11.77,0.03,1142.6,103.67,2024-03-04
9251961671,8789144754,412642238.6,539.62,6.06,252337.41,599.87,2024-03-04
9251961671,5329245747,535152035.34,380.27,8.65,39141.5,1999.92,2024-03-04
9251961671,5413013263,86258997.5,175.65,0.63,3575.8,197.27,2024-03-04
4195391340,1504316774,158234168.0,85.18,1.6,2731.45,84.39,2024-03-04
4195391340,4129200346,2617777470.0,245.95,2.83,6697.09,243.68,2024-03-04
4195391340,5909505277,95477598.0,42.59,0.0,1258.19,42.2,2024-03-04
4195391340,5353159573,179118107.0,128.83,2.13,3404.39,127.64,2024-03-04
4195391340,9373530146,97551013.17,294.92,0.0,131612.83,292.21,2024-03-04
4195391340,7743042960,287805656.34,157.58,0.0,96460.26,1587.62,2024-03-04
4195391340,1940636587,509303.37,2.13,0.0,337.85,2.11,2024-03-04
4195391340,3386140695,286687858.03,100.08,0.0,76318.22,1776.45,2024-03-04
4195391340,4045134765,5277098918.94,1638.57,42.26,163727.48,2738.52,2024-03-04
4195391340,9654858519,359373683.02,269.37,3.47,42007.51,5468.6,2024-03-04
5213587138,3094106768,1895210520.0,999.43,168.22,7765.83,962.13,2024-03-04
5213587138,1540229871,679428330.0,153.39,32.02,637.63,147.66,2024-03-04
5213587138,5998217113,2815927926.0,875.95,247.88,17651.15,843.26,2024-03-04
5213587138,8993837157,189523889.74,178.47,44.59,1073.65,171.81,2024-03-04
5213587138,7421121529,59399382.0,23.15,5.43,404.23,22.29,2024-03-04
5213587138,7132317463,671041756.84,1207.8,384.81,10134.61,1163.66,2024-03-04
5213587138,1995188662,1020518730.0,173.65,23.33,7944.61,167.17,2024-03-04
5213587138,8591150150,1001877492.0,718.7,156.29,1924.82,691.88,2024-03-04
7383324448,4679243793,86052996.0,45.41,0.0,184.26,43.86,2024-03-04
7383324448,2752378223,22332381.93,16.22,0.9,302.58,15.66,2024-03-04
7383324448,9155909583,121922847.0,31.35,1.81,137.71,30.28,2024-03-04
7383324448,7145751907,147247200.0,29.19,1.81,257.97,28.2,2024-03-04
7383324448,3501460057,21663656.6,22.71,0.9,605.16,21.93,2024-03-04
7383324448,9179715962,79383564.0,122.18,0.9,356.89,118.01,2024-03-04
7383324448,1201157661,228852714.5,136.23,0.9,1907.6,145.16,2024-03-04
7383324448,4621136486,236749133.6,138.39,2.71,2673.74,133.67,2024-03-04
7383324448,8399682092,5099517.0,11.89,0.9,24.25,11.49,2024-03-04
8458175737,7709962372,26545000.0,37.58,0.0,86.08,33.84,2024-03-04
5048405933,9306718535,20686772.91,82.24,0.0,29949.28,266.31,2024-03-04
5048405933,9017871690,274921543.37,174.28,0.0,20273.76,213.25,2024-03-04
4260952526,5963537745,379835476.76,522.16,10.48,30973.75,2386.79,2024-03-04
7107398469,3953733993,1687914843.96,2964.23,60.49,156859.72,7949.88,2024-03-04
7107398469,7742915989,394098566.0,291.97,5.46,730.86,261.15,2024-03-04
1544027227,7112430573,66198782.19,57.96,0.0,6119.5,291.04,2024-03-04
1544027227,7335056589,49692276.33,79.82,1.06,5254.45,137.64,2024-03-04
8698180854,3222226374,149774289.83,525.0,5.03,81603.46,4065.65,2024-03-04
4243137714,3073885350,130017540.0,123.19,0.02,340.38,130.78,2024-03-04
4243137714,4892510642,175332204.1,301.13,1.1,10295.55,580.19,2024-03-04
4243137714,3771177059,721314421.33,870.15,5.56,90882.41,1425.04,2024-03-04
4243137714,2201898890,91667338.27,150.57,0.0,34555.19,159.84,2024-03-04
6912959742,6403987167,228145305.73,520.36,1.52,43227.05,495.43,2024-03-04
6912959742,5756705575,282832758.18,53.32,0.93,67997.38,61892.42,2024-03-04
6912959742,2879752140,2292062987.52,2045.89,34.01,104750.11,3407.86,2024-03-04
6912959742,6711702496,1301978949.91,1140.45,14.55,43310.9,3327.95,2024-03-04
6912959742,5619950522,2765588298.64,2596.86,61.69,135882.97,2856.02,2024-03-04
6912959742,8091990852,2084334534.28,940.99,17.67,120783.2,3587.42,2024-03-04
6912959742,8971521228,184678551.8,294.25,8.23,11139.91,373.22,2024-03-04
6912959742,3626331029,467391714.73,471.98,2.71,17373.67,955.14,2024-03-04
4295580695,6372921131,533854222.51,202.93,5.07,11680.26,954.05,2024-03-04
4295580695,5732310624,783743849.45,1343.64,32.44,35174.61,3156.75,2024-03-04
7886265417,2391458328,2918693399.54,12334.06,240.96,701323.2,13535.58,2024-03-04
7886265417,3961746063,971274873.75,1311.91,39.65,104969.88,10621.3,2024-03-04
7886265417,7105210380,537688438.91,1365.01,20.86,117896.77,3961.74,2024-03-04
7886265417,6922823699,278279391.86,409.19,12.84,44400.59,3138.13,2024-03-04
7886265417,2603513256,604961.83,4.16,0.0,245.15,54.91,2024-03-04
7886265417,2000767667,133379760.0,364.42,3.89,4814.1,369.56,2024-03-04
1967633865,1936722188,11906361.01,147.74,0.0,2004.47,187.22,2024-03-04
1967633865,1004425178,87568416.0,137.95,2.87,273.29,152.59,2024-03-04
1967633865,8241888626,4027832.0,2.94,0.0,67.36,3.25,2024-03-04
5479808415,8339539365,19326710.18,7.6,0.0,19154.53,18976.82,2024-03-04
5479808415,9242685975,19877494.0,8.69,0.0,221.18,7.94,2024-03-04
6135802989,4396396231,356132523.0,6542.07,343.11,9619.83,7430.43,2024-03-04
6135802989,8522679787,1285783948.92,5006.24,228.95,272697.46,8662.26,2024-03-04
6135802989,7623710722,581864586.27,536.65,21.71,1794.26,630.84,2024-03-04
6135802989,5331021189,1446946656.04,5854.37,214.63,313400.92,6924.27,2024-03-04
6135802989,2563227519,917494934.74,3176.75,109.28,203354.98,5927.93,2024-03-04
2899793385,8693756271,13270183.0,624.27,25.36,951.59,656.3,2024-03-04
2899793385,7079228468,27374107.98,64.42,58.24,1004.45,67.72,2024-03-04
2899793385,2424527313,463377336.56,1281.7,1768.0,68128.89,2546.52,2024-03-04
2899793385,6378031866,35152810.61,15.16,6.24,349.88,17.93,2024-03-04
2899793385,2892349192,261351767.22,184.72,1883.44,25120.0,304.75,2024-03-04
2899793385,1925767988,359850941.59,1417.16,18.63,88133.39,1618.34,2024-03-04
2899793385,8040382362,208182107.21,55.89,26.0,14384.36,1330.52,2024-03-04
2899793385,1193481141,63914656.63,53.05,68.64,7539.65,120.5,2024-03-04
2899793385,9843530965,309275039.14,455.65,3.97,21596.24,501.93,2024-03-04
6128140551,1645932763,361840254.0,144.76,0.0,394.99,144.29,2024-03-04
6128140551,8544551464,162741.0,1.01,0.0,327.56,1.0,2024-03-04
8493138820,3042807969,93331686.0,1022.95,29.92,1607.38,1055.65,2024-03-04
8493138820,6852723615,216346120.73,291.71,6.47,26757.57,467.82,2024-03-04
8493138820,7433037170,234194778.67,429.68,2.26,45839.32,514.6,2024-03-04
8493138820,1140897213,319590809.57,544.0,7.76,22029.53,946.83,2024-03-04
7730435073,3817287127,464217039.0,792.04,15.93,1555.89,718.06,2024-03-04
7730435073,5994728722,60627029.47,72.59,0.0,7071.77,186.64,2024-03-04
7730435073,7169890315,55458916.33,89.93,0.0,851.22,83.5,2024-03-04
7730435073,6622504921,63150193.64,79.1,0.2,4762.03,103.14,2024-03-04
7730435073,2229250178,425160602.66,437.73,0.18,42892.37,604.11,2024-03-04
7730435073,8947310725,296676546.64,35.76,0.0,35063.74,24587.95,2024-03-04
7486359225,2719726322,120539148.0,187.9,2.11,775.51,166.59,2024-03-04
7486359225,7488640370,41847879.09,2.12,2.11,11977.64,8135.73,2024-03-04
7486359225,7918559089,19533000.02,1.06,0.0,2962.5,2013.23,2024-03-04
7486359225,4929620447,48765934.47,2.12,0.0,13578.41,11442.17,2024-03-04
7486359225,8285857108,10598140.64,0.0,0.0,3065.25,2257.0,2024-03-04
7486359225,8920669048,33326162.85,6.37,2.11,7215.35,5068.36,2024-03-04
9347899940,7836364429,16571303.31,349.07,0.0,20257.36,453.08,2024-03-04
9347899940,5162553549,196597910.64,9656.75,131.59,21812.11,11601.83,2024-03-04
9347899940,6952437899,282857850.95,10661.82,12.78,310191.28,12797.21,2024-03-04
9347899940,7285974483,585711471.8,9200.48,141.81,25990.24,11133.36,2024-03-04
9347899940,7731419913,354776380.0,229.05,0.0,831.27,274.92,2024-03-04
9347899940,4306836960,105861442.73,142.01,0.0,54802.86,170.45,2024-03-04
9347899940,5404615063,148778792.77,598.28,9.37,3875.47,718.1,2024-03-04
9347899940,9049387729,44608888.12,418.7,2.46,1469.76,502.56,2024-03-04
9347899940,6098572737,73359484.12,832.83,10.37,4959.65,999.63,2024-03-04
8452065073,2932844757,905319456.0,1049.45,48.45,2110.3,1144.28,2024-03-04
8452065073,4873441361,148581360.0,169.83,1.57,6400.23,185.18,2024-03-04
8906508432,7105944179,79848650.59,1119.1,0.0,11787.07,3723.15,2024-03-04
2826827076,8749274022,482063347.29,1280.27,37.56,47862.1,1718.54,2024-03-04
2826827076,7487859199,107583316.12,529.57,0.99,11448.18,552.28,2024-03-04
2826827076,6567830680,187002436.18,122.21,0.0,42831.36,22131.62,2024-03-04
1684414765,2674161123,225332925.0,554.79,3.76,4950.45,537.73,2024-03-04
1684414765,3745216293,90749706.11,560.12,0.0,16771.55,774.54,2024-03-04
1672862023,9278357968,324292143.72,1117.62,13.77,43358.36,1371.14,2024-03-04
1672862023,2557683416,107164386.44,565.48,1.06,17481.13,643.36,2024-03-04
1672862023,5010410974,133769256.35,2129.39,0.0,59419.06,2386.41,2024-03-04
2395255119,3620753035,333206664.0,212.78,21.87,990.23,231.54,2024-03-04
2395255119,7750854142,440763624.0,381.31,70.0,5944.33,414.92,2024-03-04
8564269730,5835984744,273991040.0,1120.36,42.64,4156.6,1118.33,2024-03-04
8564269730,8765322273,685842560.0,1847.84,49.98,6716.35,1844.5,2024-03-04
3457456980,3603569270,908787976.0,988.55,21.05,3484.26,995.93,2024-03-04
3457456980,1787115538,492348664.0,566.03,6.69,3409.7,570.26,2024-03-04
3457456980,9377256100,287667933.64,228.82,7.57,5830.03,239.63,2024-03-04
4786168179,6554414209,22040028.29,7.91,2.1,26.02,7.56,2024-03-04
4786168179,5719045659,9588072.0,5.94,0.0,17.35,5.67,2024-03-04
4786168179,5408092787,3192912.0,2.97,0.0,14.09,2.84,2024-03-04
7676611041,9159060721,325147704.0,1029.2,0.94,136096.29,1083.39,2024-03-04
4396365888,1734060858,91769222.27,543.21,0.0,47533.62,621.78,2024-03-04
9421829897,6812939459,5041920.0,2.18,3.21,14.95,1.84,2024-03-04
9421829897,8735863082,269697792.0,255.8,129.66,3756.51,216.46,2024-03-04
9421829897,9104455640,3334656.0,5.44,2.14,102.54,4.61,2024-03-04
6850670091,3151935229,334373731.94,1031.28,261.73,35134.08,982.61,2024-03-04
3610097806,5753894409,31279704.06,72.75,7.96,1678.9,65.88,2024-03-04
3610097806,4239854582,3898085.31,14.55,2.98,234.18,13.18,2024-03-04
3610097806,9219961697,102243300.74,281.65,104.97,2029.28,267.3,2024-03-04
3610097806,3640276264,9722965.31,18.71,6.96,115.29,26.35,2024-03-04
3610097806,5819339676,85126916.29,111.21,51.57,470.17,100.71,2024-03-04
6876393557,5299452127,2549401232.94,0.0,37.5,1381312.04,190060.07,2024-03-04
3274209063,1649291633,2538285635.2,3514.71,76.31,109988.1,12552.16,2024-03-04
3274209063,3729190315,35899360.0,81.51,0.84,530.46,71.88,2024-03-04
9686881868,3506343281,618683040.0,758.67,14.96,5657.7,860.58,2024-03-04
1323839440,3304164725,101187909.83,547.9,2.38,37509.98,498.98,2024-03-04
6278335695,3562027590,1417836771.0,4426.97,9198.19,7095.29,4853.2,2024-03-04
6278335695,2939448075,180224295.0,338.85,949.49,587.31,371.48,2024-03-04
6278335695,5337936355,287397189.17,758.78,12.92,1180.69,831.83,2024-03-04
4161132680,2512933297,1238150751.75,1356.97,42.82,49156.56,8967.29,2024-03-04
4161132680,2720085185,938352260.56,1240.02,34.83,6430.64,1353.69,2024-03-04
6699715634,9405246678,360395405.19,351.92,4.46,1868.18,373.39,2024-03-04
2274795399,1214129606,10408152640.32,9734.47,42.11,54282.08,8711.41,2024-03-04
4139303472,8119256320,532497238.26,779.27,16.19,28121.34,4645.98,2024-03-04
4139303472,3749739442,939827214.91,1547.44,47.43,14145.57,2202.21,2024-03-04
1467415627,7012204096,3335332104.99,3226.34,77.62,12578.65,3675.31,2024-03-04
1467415627,8915146228,26589849397.35,23961.49,719.55,1545354.88,243550.59,2024-03-04
3566905478,1591535805,45382793499.85,32138.91,210.43,198533.78,33095.52,2024-03-04
3566905478,1890293086,9357999375.29,4844.98,14.96,34778.53,4989.19,2024-03-04
3566905478,5686103085,1686417454.17,2508.66,9.68,32909.7,5501.91,2024-03-04
3566905478,1408070560,672405026.29,629.94,7.47,21190.55,9479.14,2024-03-04
3566905478,9029127988,284704276.02,467.67,1.33,4018.98,885.33,2024-03-04
2587290667,2594658989,1907885881.3,1693.5,44.12,116086.91,14040.54,2024-03-04
2901644731,3377938243,3846502822.03,3612.48,10.25,297980.35,19684.03,2024-03-04
2071901562,2612960794,105607286.59,86.45,15.15,2434.4,114.09,2024-03-04
3722240279,2110203587,2651743450.9,1705.36,99.48,231983.64,5031.38,2024-03-04
6629749215,7327201403,208595946.0,22.8,3.81,208.53,21.45,2024-03-04
6629749215,6829243539,174602453.7,130.59,22.85,2160.54,129.69,2024-03-04
6849650164,2656330342,471866324.89,25.53,3.98,165.14,26.11,2024-03-04
6849650164,2080299368,538884853.32,541.37,77.05,13614.75,558.14,2024-03-04
8399250647,4744810989,334466990.0,204.29,62.51,1602.56,204.91,2024-03-04
8399250647,2102605149,494104657.12,301.99,81.04,29823.88,320.73,2024-03-04
8399250647,6875812386,343189866.1,237.84,50.55,19076.67,238.57,2024-03-04
8399250647,7302564879,446167084.44,280.28,0.02,28018.06,5310.81,2024-03-04
8399250647,2917075895,434227276.88,402.66,3.03,23668.26,2905.36,2024-03-04
7758876258,9744439083,136581915.69,128.32,37.04,806.04,126.51,2024-03-04
4688974689,6637186555,940849101.51,95.03,10.98,943.29,91.49,2024-03-04
4688974689,3648580833,1193716568.86,1115.03,208.91,5865.41,1073.53,2024-03-04
4688974689,1311930709,243118776.0,122.48,5.99,1470.46,117.93,2024-03-04
4688974689,4517008391,1421470502.42,739.13,34.95,9292.94,711.62,2024-03-04
4688974689,5328343217,921729276.0,495.22,34.93,2451.4,476.79,2024-03-04
4688974689,1480789699,551108748.0,305.16,10.48,2607.82,293.8,2024-03-04
4688974689,1979155761,2032058260.37,834.16,28.96,9048.67,803.11,2024-03-04
4688974689,2331131090,1375426200.0,704.29,34.45,4891.22,678.07,2024-03-04
7479515012,2739987396,217511696.34,1188.56,22.2,15740.28,2665.47,2024-03-04
9059053692,1055261245,145585915.27,192.32,15.71,1338.92,210.25,2024-03-04
9059053692,6669393256,9852.0,0.9,0.0,0.98,0.99,2024-03-04
9059053692,4040267449,3456352019.67,11514.68,93.27,1763926.13,12601.32,2024-03-04
3702000328,7339750281,242023441.69,436.11,3.07,9235.95,401.72,2024-03-04
1350574641,9434768408,1960368365.2,1831.38,156.3,37150.3,1842.5,2024-03-04
1350574641,1740321088,4160449440.0,3834.07,386.67,53404.74,3857.34,2024-03-04
1350574641,7275805130,9473760.0,1.04,0.97,11.53,1.04,2024-03-04
8513664892,3128438265,134849010.0,1697.54,4323.95,3291.95,1758.12,2024-03-04
8513664892,7720992381,457468547.19,685.53,85.56,623760.02,31873.78,2024-03-04
7286328073,8123063468,28067055686.0,2988.92,0.0,1077229.14,530878.03,2024-03-04
9407111886,5687828130,449698139.35,93.52,19.03,210.02,89.05,2024-03-04
7761714523,1323231114,532387030.99,960.27,7.63,59427.6,1104.13,2024-03-04
1591927154,8003109042,3186927456.0,2660.7,109.49,38894.23,2649.3,2024-03-04
1591927154,8406369357,778060374.0,609.98,88.78,2183.21,607.37,2024-03-04
4096109405,8177353206,65394560.0,57.9,2.75,90.75,56.32,2024-03-04
4096109405,8585961524,42236879.73,7.51,0.0,230.62,7.3,2024-03-04
4096109405,9406235815,98776125.32,45.03,0.0,12586.05,43.81,2024-03-04
4096109405,9093532412,473817344.0,83.63,0.92,3054.69,81.35,2024-03-04
4096109405,9690844684,310859867.23,41.82,0.0,34596.68,40.68,2024-03-04
4073978577,9974179771,300769700.0,109.18,52.08,324.97,118.7,2024-03-04
4073978577,2545077553,566154977.43,781.39,93.32,34683.62,849.55,2024-03-04
4073978577,3531496272,693926474.65,2610.35,301.1,100211.81,2838.03,2024-03-04
4073978577,3545887451,142576000.0,42.41,17.53,321.0,46.11,2024-03-04
6487975423,1692422830,252175008.0,130.9,4.82,417.68,149.88,2024-03-04
6487975423,2208680737,156716244.0,127.26,0.8,386.7,145.71,2024-03-04
6487975423,1956535164,501117252.0,419.96,10.51,2911.54,480.85,2024-03-04
6487975423,8321690452,315776309.86,904.45,1.08,18735.39,1043.92,2024-03-04
6487975423,2389182735,186501720.91,343.6,4.28,25683.85,431.93,2024-03-04
3501640769,5435500482,23737972.49,100.11,45.03,1043.15,122.39,2024-03-04
3600040380,1763008372,4373530267.49,14390.92,658.52,28918.96,13062.71,2024-03-04
3600040380,9362326592,2561637018.38,11597.64,3197.99,223387.65,10527.24,2024-03-04
3600040380,5305437082,6062230557.7,20036.28,2727.51,457750.5,18187.04,2024-03-04
3600040380,3672066950,4117451037.43,4384.54,194.37,22376.65,7279.28,2024-03-04
3600040380,8821057891,115904120.17,223.5,4.41,19829.63,2679.13,2024-03-04
8500403487,5151294166,34827326.0,55.37,0.0,986.16,56.68,2024-03-04
7180277247,7698427991,31517440.18,81.44,0.0,2002.01,289.38,2024-03-04
8324519661,9279903724,170905283.84,1336.86,359.57,49086.36,10659.72,2024-03-04
2896757076,9826462902,106824051.61,127.17,2.16,2089.67,120.87,2024-03-04
2896757076,8465770961,85812420.0,80.03,1.08,674.15,66.85,2024-03-04
3550535444,8777719213,221523407.23,292.72,0.0,9761.79,851.0,2024-03-04
3550535444,7499600335,240426410.0,217.64,0.0,3020.59,237.66,2024-03-04
3592936300,6788200814,651264891.83,170.5,18.11,1543.37,161.65,2024-03-04
7869137619,2352084330,402793495.0,408.47,35.86,721.06,377.77,2024-03-04
7869137619,7731618814,82038516.69,216.83,42.67,3613.61,200.53,2024-03-04
7869137619,9114432982,90958328.43,247.49,9.97,10632.71,228.89,2024-03-04
7869137619,6248036038,209215151.76,400.81,5.75,8835.11,375.75,2024-03-04
7869137619,1040208115,239008640.48,285.82,9.5,18508.25,269.4,2024-03-04
7869137619,4999866268,64537487.08,166.46,11.73,4241.67,153.95,2024-03-04
7869137619,2070832214,67800419.09,204.78,1.07,17460.26,189.39,2024-03-04
7869137619,9424293868,70629525.25,41.61,2.14,1718.4,59.76,2024-03-04
7869137619,7795240176,78476138.41,65.71,0.02,5541.06,94.19,2024-03-04
7869137619,9322847193,867428133.0,1849.62,98.26,81472.02,1710.62,2024-03-04
7869137619,3202138603,88969758.27,48.18,1.07,3078.57,197.5,2024-03-04
7869137619,3633246041,22738899.24,6.57,0.0,432.82,124.57,2024-03-04
7869137619,3498893692,1043913.32,0.0,0.0,75.51,6.08,2024-03-04
7869137619,2465000722,165948.15,0.0,0.0,34.99,1.01,2024-03-04
7869137619,3828329124,16971051.72,75.56,10.64,2044.4,69.88,2024-03-04
7869137619,6091979777,108693329.48,155.5,2.67,2499.32,143.82,2024-03-04
7869137619,4618669070,35730888.42,24.09,3.2,822.36,22.28,2024-03-04
7869137619,8554618991,52744435.52,190.55,3.2,6330.27,179.27,2024-03-04
7869137619,2605260874,44399784.0,29.57,3.2,266.14,27.35,2024-03-04
7869137619,4369895105,127560342.0,65.71,2.13,393.22,60.77,2024-03-04
2672329958,5026756656,6629169.0,2.96,0.0,397.03,3.23,2024-03-04
2672329958,8637659835,955795831.91,479.2,230.64,507042.76,32296.64,2024-03-04
2672329958,5970074857,239963883.0,466.38,0.0,913.06,509.94,2024-03-04
2672329958,5033663938,125885342.86,71.98,0.0,13890.19,78.7,2024-03-04
2672329958,9880426255,125312773.21,190.3,0.0,28377.34,208.07,2024-03-04
2672329958,8883014205,800514780.0,1573.66,3.72,4034.05,1720.65,2024-03-04
2672329958,5514063207,0.0,0.0,0.0,15.23,0.0,2024-03-04
2672329958,8097427418,1188947979.0,2217.51,1.86,4273.02,2424.65,2024-03-04
2672329958,2021246874,2096061.0,4.93,0.0,60.93,5.39,2024-03-04
2672329958,9263881171,0.0,0.0,0.0,8.57,0.0,2024-03-04
2672329958,5577380108,16608024.0,34.51,0.0,392.27,37.73,2024-03-04
2672329958,5257646125,21020784.0,19.72,0.0,303.72,21.56,2024-03-04
2672329958,9908546794,2276583.0,12.82,0.0,244.69,14.02,2024-03-04
2672329958,1152935440,4553166.0,16.76,0.0,565.55,18.33,2024-03-04
2672329958,8113559516,6990213.0,12.82,0.0,1114.91,14.02,2024-03-04
2672329958,3733440890,4833978.0,8.87,0.0,96.16,9.7,2024-03-04
2672329958,9652572522,4803891.0,3.94,0.0,303.72,4.31,2024-03-04
2672329958,7621903361,12596424.0,4.93,0.0,456.06,5.39,2024-03-04
2672329958,8045212593,7942968.0,8.87,0.0,484.62,9.7,2024-03-04
2672329958,6322104419,10731030.0,7.89,0.0,2000.36,8.62,2024-03-04
2672329958,7076139057,23277309.0,94.66,0.0,482.71,103.5,2024-03-04
2672329958,6347921401,453220539.0,1891.15,1.86,9238.23,2067.8,2024-03-04
2672329958,6577302930,67324677.0,182.41,0.93,505.57,199.45,2024-03-04
8347115882,2135211737,1543222874.35,993.93,7.56,93575.71,1710.93,2024-03-04
8347115882,8732743901,270805439.63,277.01,17.99,15099.47,2105.2,2024-03-04
1021909544,9058740817,46488060.0,273.86,0.93,641.97,324.91,2024-03-04
1021909544,6379778729,202377003.5,221.48,0.0,15272.47,262.76,2024-03-04
8181642239,3782873703,10604799.0,21.62,0.0,2638.59,25.98,2024-09-22
8181642239,4513918041,801123533.46,862.07,32.43,54124.47,1035.76,2024-09-22
8181642239,6878121145,53014668.0,152.24,8.42,11192.54,182.91,2024-09-22
8181642239,8645742660,664308917.39,724.24,10.49,65982.74,870.17,2024-09-22
8181642239,7574904206,12210570450.15,7789.22,170.29,278803.12,9358.65,2024-09-22
8181642239,6545065489,3217815.0,6.31,1.04,448.42,7.58,2024-09-22
8181642239,1658361479,27206859.0,17.12,1.05,1461.88,20.56,2024-09-22
8181642239,6311186256,8161125.0,12.61,2.12,1331.49,15.15,2024-09-22
8181642239,3162025308,10921917.0,102.69,0.0,36816.21,123.38,2024-09-22
8181642239,4354715771,37820985.0,38.73,1.04,1549.87,46.54,2024-09-22
8181642239,4482151361,281789574.61,534.17,22.96,39949.87,641.8,2024-09-22
8181642239,4150002374,334083813.0,592.73,5.22,19760.26,712.15,2024-09-22
8181642239,2031306506,224594160.0,239.61,7.31,8557.13,287.89,2024-09-22
9565398844,4932352743,1917420127.49,550.47,33.12,10283.23,1527.39,2024-09-22
9565398844,4338791803,403071036.73,762.26,8.46,10142.19,757.28,2024-09-22
9782017208,6945741994,79461987620.77,251835.87,68678.18,9842931.07,2267981.41,2024-09-22
5158673107,3698137269,5581437382.64,8961.65,41683.75,788739.4,149156.32,2024-09-22
5158673107,3488419233,141927562990.47,753501.38,1117637.85,25590664.2,725406.83,2024-09-22
2338105289,6846572130,29821853.83,61.15,14.76,336.79,59.87,2024-09-22
2338105289,5118711289,90325523.28,236.94,54.47,5324.03,289.07,2024-09-22
8075870743,9285186881,78082757.85,313.09,0.0,1661.82,323.47,2024-09-22
1116713837,7502930848,27915820.51,135.72,0.0,399.12,140.71,2024-09-22
1295015522,6840547124,2167896964.75,4831.91,8853.59,248609.96,149976.89,2024-09-22
5982728792,6718585329,20553468.74,8.55,0.0,22.38,8.43,2024-09-22
5982728792,8168056870,154236692.71,176.27,13.61,3028.8,180.22,2024-09-22
4996588654,8036534942,30635352.0,35.27,5.72,414.24,36.67,2024-09-22
3963576121,4063122935,1998252964.62,2466.6,48.85,9950.01,2190.72,2024-09-22
3963576121,3461504551,1683481600.25,1673.72,48.82,10125.97,1486.52,2024-09-22
3963576121,5225207961,0.0,0.0,0.0,3.0,0.0,2024-09-22
3963576121,6515712055,373249922.5,327.23,5.72,1081.78,290.63,2024-09-22
3963576121,7243149849,35164567.3,23.6,2.85,134.97,20.96,2024-09-22
3963576121,7131081197,369595241.01,448.47,5.28,2036.59,398.31,2024-09-22
3963576121,6505395551,142067607.5,188.83,5.69,778.84,167.71,2024-09-22
3963576121,6776326615,1758120.0,6.44,0.0,56.99,5.72,2024-09-22
3963576121,5452206693,5201105.0,9.66,0.0,75.98,8.58,2024-09-22
3963576121,1718619365,163785330.03,198.49,2.85,649.87,176.29,2024-09-22
7963919960,6232421926,1558013448.41,4537.08,0.0,63308.57,5125.38,2024-09-22
3059796702,6127519090,2644805593.57,2614.83,2265.88,1986716.59,326138.54,2024-09-22
3059796702,6514982789,2815425183.9,3319.66,3027.66,4137232.02,78182.06,2024-09-22
3059796702,4917032890,1537508093.46,1559.76,1597.5,1247039.46,155743.28,2024-09-22
3059796702,2959313438,637525019.04,4175.68,81.99,229732.47,3567.97,2024-09-22
2902900350,9693458382,27519491925.78,202757.47,6901.19,13652081.12,231136.49,2024-09-22
2902900350,1951412659,54749803048.89,68021.24,888.55,5401789.06,77541.86,2024-09-22
2902900350,3188246310,6146919055.33,18004.86,203.52,997155.83,24595.15,2024-09-22
2902900350,6452399867,9976751047.89,6873.07,120.27,485447.41,7835.06,2024-09-22
2902900350,5517350930,20993607845.19,21493.13,374.33,1502965.85,24502.48,2024-09-22
2902900350,9540439464,1223221198.36,4031.46,95.54,319288.27,4617.84,2024-09-22
2902900350,4364406935,5696382396.4,11544.73,174.0,668677.57,13160.59,2024-09-22
2902900350,1266848585,6673994090.92,19479.25,908.31,1046072.15,22207.77,2024-09-22
2902900350,9437400903,6170088931.65,19134.67,288.94,1000563.57,21813.91,2024-09-22
2902900350,6660883269,2419654909.64,4586.67,142.88,280000.28,5228.64,2024-09-22
2902900350,4071901644,11490618395.48,18353.13,305.47,1218834.67,20921.94,2024-09-22
2902900350,9324158241,19535356993.81,40475.37,726.51,2689289.63,49896.93,2024-09-22
2902900350,6214450665,2817232899.02,3896.59,61.19,284264.5,9066.14,2024-09-22
2902900350,9875099280,4966606799.0,7811.65,87.69,522511.38,8905.01,2024-09-22
2902900350,1853641219,3419053133.16,11066.2,581.62,622175.15,12618.24,2024-09-22
2902900350,6879715032,11828506401.97,21107.91,388.77,1430231.71,24062.28,2024-09-22
2902900350,3418113377,4833794802.47,7943.76,184.18,497127.05,9055.61,2024-09-22
2902900350,6166621680,6230497320.76,8804.74,138.43,749307.89,10037.1,2024-09-22
2902900350,6070159021,8314554806.1,12882.39,333.47,1182758.48,14685.48,2024-09-22
2902900350,5096065509,7758061969.07,18240.43,256.83,1175790.49,20793.46,2024-09-22
2902900350,8249577716,4381250514.81,11292.53,131.13,372351.65,12873.09,2024-09-22
2902900350,3837869381,28733903044.53,111922.99,1965.81,8451106.32,127588.33,2024-09-22
2902900350,2549149877,26379790718.23,104193.55,2006.7,8479314.61,118922.37,2024-09-22
2902900350,4809747013,16010998284.97,62779.6,824.06,4265858.22,71571.84,2024-09-22
2902900350,8689647858,9388230284.18,29932.04,728.0,2007055.84,34215.22,2024-09-22
2902900350,4200568857,4330769127.72,11046.8,222.38,781746.06,12592.97,2024-09-22
2902900350,5680136608,10340811226.39,36766.32,910.03,3521568.01,41912.33,2024-09-22
2902900350,1441569885,4855918386.56,12816.8,356.33,921941.13,14679.16,2024-09-22
2902900350,7459071150,15643370585.74,34884.54,919.84,2095413.67,39785.06,2024-09-22
2902900350,2532186118,3851014368.76,5058.73,79.57,259906.33,5766.78,2024-09-22
2902900350,1382800122,20224823169.95,32559.33,655.98,1499960.09,37120.72,2024-09-22
2902900350,4735180561,8765727467.53,17816.41,341.41,1324636.21,20310.09,2024-09-22
2902900350,4533806763,11083577536.2,16015.0,245.74,932736.01,18256.54,2024-09-22
2902900350,7295659962,35488329084.02,61004.06,1725.13,3460745.81,69731.02,2024-09-22
2902900350,5836072222,27723313046.37,114763.67,2391.41,7988126.36,130985.63,2024-09-22
2902900350,2486502180,7705259489.64,18228.42,383.76,1279050.87,21528.52,2024-09-22
2902900350,5836109068,20950147945.17,41983.94,806.42,3118028.57,48094.02,2024-09-22
2902900350,5509512406,26137777368.09,100332.07,2165.6,7876116.35,114511.99,2024-09-22
2902900350,3705418823,8877679485.52,30589.79,415.94,1853243.95,34876.57,2024-09-22
2902900350,5056989909,3336146910.07,12297.63,161.87,806452.68,14018.87,2024-09-22
5568905640,9681771290,59530776.0,93.56,2.0,6379.46,96.96,2024-09-22
5568905640,5151825186,15067114.0,42.96,0.0,5281.41,44.52,2024-09-22
5568905640,3795086457,64998829.0,126.02,2.0,6198.09,130.6,2024-09-22
5568905640,9797428377,986647.0,4.77,0.0,701.97,4.95,2024-09-22
5568905640,4737139784,3070593.0,9.55,0.0,1318.64,9.89,2024-09-22
5568905640,1152772430,763886537.52,1032.03,47.17,58151.45,1069.54,2024-09-22
5568905640,4639177609,556774705.87,635.83,22.44,18890.35,658.94,2024-09-22
5568905640,2459074719,322725779.0,349.42,2.21,14271.68,362.12,2024-09-22
5568905640,2271181821,3660737.0,36.28,0.0,902.95,37.6,2024-09-22
1299892596,1075422597,96241844.0,602.84,0.0,2452.58,576.8,2024-09-22
9566447651,5581486490,57455650.0,71.56,5.92,209.28,70.07,2024-09-22
2977761935,3116608419,1418330420.93,950.88,293.68,139782.69,104049.99,2024-09-22
3086145695,6974743624,993244412.35,913.95,4.55,7016.68,818.81,2024-09-22
3086145695,5339572796,16465972.0,16.98,0.0,701.12,15.22,2024-09-22
3086145695,8844330100,1657768755.42,2324.68,15.56,185163.6,2082.69,2024-09-22
3086145695,9932223162,6283449489.59,7117.36,43.19,659045.13,15633.49,2024-09-22
3086145695,9374794852,208136937.0,263.25,1.05,5994.58,235.85,2024-09-22
3086145695,8245609142,1588205919.53,10976.97,9607.8,181180.36,23854.88,2024-09-22
3086145695,3267639840,1017284169.47,10628.8,6021.68,397189.96,9522.36,2024-09-22
5082057286,6387857551,91006497.0,77.25,0.12,501.87,80.13,2024-09-22
5082057286,9057645034,1303686942.75,1681.53,19.38,151979.85,5267.52,2024-09-22
5082057286,8516030287,527871085.9,385.27,4.82,46911.34,3495.38,2024-09-22
5082057286,5918784997,322618921.71,329.08,3.54,44639.51,363.17,2024-09-22
5082057286,4939341304,254277499.36,4544.95,0.0,259779.32,4713.92,2024-09-22
5128952228,8051023404,1610888311.66,53.78,1.07,1514.98,175.57,2024-09-22
